source_dataset,source_sheet,alloy,material_class,condition,loading_protocol,overload_ratio,delta_k_mpa_sqrt_m,dadn_mm_per_cycle,hardness_hv,microstructure_family,grain_size_um,temperature_C,stress_ratio_R,data_type,log_delta_k,log_dadn,is_austenitic,is_measured,grain_size_um_filled,inv_sqrt_grain_size
Southampton D2015,Fig. 12 B,FV566 stainless steel,martensitic stainless steel,CA,long_crack,1.0,10.5,1.06908e-05,367.58,tempered_martensitic,,20,,measured,1.021189299069938,-4.970989795017061,0,1,20.0,0.22360679774997896
Southampton D2015,Fig. 12 B,FV566 stainless steel,martensitic stainless steel,CA,long_crack,1.0,11.0,1.23492e-05,367.58,tempered_martensitic,,20,,measured,1.0413926851582251,-4.908361175751602,0,1,20.0,0.22360679774997896
Southampton D2015,Fig. 12 B,FV566 stainless steel,martensitic stainless steel,CA,long_crack,1.0,11.5,1.41738e-05,367.58,tempered_martensitic,,20,,measured,1.0606978403536116,-4.848513699661789,0,1,20.0,0.22360679774997896
Southampton D2015,Fig. 12 B,FV566 stainless steel,martensitic stainless steel,CA,long_crack,1.0,12.0,1.61728e-05,367.58,tempered_martensitic,,20,,measured,1.0791812460476249,-4.791214784096198,0,1,20.0,0.22360679774997896
Southampton D2015,Fig. 12 B,FV566 stainless steel,martensitic stainless steel,CA,long_crack,1.0,12.5,1.83546e-05,367.58,tempered_martensitic,,20,,measured,1.0969100130080565,-4.736255075593972,0,1,20.0,0.22360679774997896
Southampton D2015,Fig. 12 B,FV566 stainless steel,martensitic stainless steel,CA,long_crack,1.0,13.0,2.07275e-05,367.58,tempered_martensitic,,20,,measured,1.1139433523068367,-4.68345307618298,0,1,20.0,0.22360679774997896
Southampton D2015,Fig. 12 B,FV566 stainless steel,martensitic stainless steel,CA,long_crack,1.0,13.5,2.33001e-05,367.58,tempered_martensitic,,20,,measured,1.130333768495006,-4.632642215053166,0,1,20.0,0.22360679774997896
Southampton D2015,Fig. 12 B,FV566 stainless steel,martensitic stainless steel,CA,long_crack,1.0,14.0,2.60807e-05,367.58,tempered_martensitic,,20,,measured,1.146128035678238,-4.583680756419505,0,1,20.0,0.22360679774997896
Southampton D2015,Fig. 12 B,FV566 stainless steel,martensitic stainless steel,CA,long_crack,1.0,14.5,2.90779e-05,367.58,tempered_martensitic,,20,,measured,1.1613680022349748,-4.536436961339275,0,1,20.0,0.22360679774997896
Southampton D2015,Fig. 12 B,FV566 stainless steel,martensitic stainless steel,CA,long_crack,1.0,15.0,3.23002e-05,367.58,tempered_martensitic,,20,,measured,1.1760912590556813,-4.490794788547304,0,1,20.0,0.22360679774997896
Southampton D2015,Fig. 12 B,FV566 stainless steel,martensitic stainless steel,CA,long_crack,1.0,15.5,3.57562e-05,367.58,tempered_martensitic,,20,,measured,1.1903316981702914,-4.44664864218938,0,1,20.0,0.22360679774997896
Southampton D2015,Fig. 12 B,FV566 stainless steel,martensitic stainless steel,CA,long_crack,1.0,16.0,3.94543e-05,367.58,tempered_martensitic,,20,,measured,1.2041199826559248,-4.403905657486149,0,1,20.0,0.22360679774997896
Southampton D2015,Fig. 12 B,FV566 stainless steel,martensitic stainless steel,CA,long_crack,1.0,16.5,4.34033e-05,367.58,tempered_martensitic,,20,,measured,1.2174839442139063,-4.362477249351405,0,1,20.0,0.22360679774997896
Southampton D2015,Fig. 12 B,FV566 stainless steel,martensitic stainless steel,CA,long_crack,1.0,17.0,4.76118e-05,367.58,tempered_martensitic,,20,,measured,1.2304489213782739,-4.322285399384756,0,1,20.0,0.22360679774997896
Southampton D2015,Fig. 12 B,FV566 stainless steel,martensitic stainless steel,CA,long_crack,1.0,17.5,5.20884e-05,367.58,tempered_martensitic,,20,,measured,1.2430380486862944,-4.2832589825911676,0,1,20.0,0.22360679774997896
Southampton D2015,Fig. 12 B,FV566 stainless steel,martensitic stainless steel,CA,long_crack,1.0,18.0,5.68418e-05,367.58,tempered_martensitic,,20,,measured,1.255272505103306,-4.24533217779436,0,1,20.0,0.22360679774997896
Southampton D2015,Fig. 12 B,FV566 stainless steel,martensitic stainless steel,CA,long_crack,1.0,18.5,6.18807e-05,367.58,tempered_martensitic,,20,,measured,1.2671717284030137,-4.208444782166952,0,1,20.0,0.22360679774997896
Southampton D2015,Fig. 12 B,FV566 stainless steel,martensitic stainless steel,CA,long_crack,1.0,19.0,6.72139e-05,367.58,tempered_martensitic,,20,,measured,1.2787536009528289,-4.172540904490015,0,1,20.0,0.22360679774997896
Southampton D2015,Fig. 12 B,FV566 stainless steel,martensitic stainless steel,CA,long_crack,1.0,19.5,7.28501e-05,367.58,tempered_martensitic,,20,,measured,1.290034611362518,-4.137569847745489,0,1,20.0,0.22360679774997896
Southampton D2015,Fig. 12 B,FV566 stainless steel,martensitic stainless steel,CA,long_crack,1.0,20.0,7.87981e-05,367.58,tempered_martensitic,,20,,measured,1.3010299956639813,-4.103484254204147,0,1,20.0,0.22360679774997896
Southampton D2015,Fig. 12 B,FV566 stainless steel,martensitic stainless steel,CA,long_crack,1.0,20.5,8.50667e-05,367.58,tempered_martensitic,,20,,measured,1.3117538610557542,-4.070240414492482,0,1,20.0,0.22360679774997896
Southampton D2015,Fig. 12 B,FV566 stainless steel,martensitic stainless steel,CA,long_crack,1.0,21.0,9.16648e-05,367.58,tempered_martensitic,,20,,measured,1.3222192947339193,-4.037797404794351,0,1,20.0,0.22360679774997896
Southampton D2015,Fig. 12 B,FV566 stainless steel,martensitic stainless steel,CA,long_crack,1.0,21.5,9.86012e-05,367.58,tempered_martensitic,,20,,measured,1.3324384599156054,-4.006117799559732,0,1,20.0,0.22360679774997896
Southampton D2015,Fig. 12 B,FV566 stainless steel,martensitic stainless steel,CA,long_crack,1.0,22.0,0.000105885,367.58,tempered_martensitic,,20,,measured,1.3424226808222062,-3.975165559048635,0,1,20.0,0.22360679774997896
Southampton D2015,Fig. 12 B,FV566 stainless steel,martensitic stainless steel,CA,long_crack,1.0,22.5,0.000113524,367.58,tempered_martensitic,,20,,measured,1.3521825181113625,-3.944912314984315,0,1,20.0,0.22360679774997896
Southampton D2015,Fig. 12 B,FV566 stainless steel,martensitic stainless steel,CA,long_crack,1.0,23.0,0.000121529,367.58,tempered_martensitic,,20,,measured,1.3617278360175928,-3.915320075669272,0,1,20.0,0.22360679774997896
Southampton D2015,Fig. 12 B,FV566 stainless steel,martensitic stainless steel,CA,long_crack,1.0,23.5,0.000129907,367.58,tempered_martensitic,,20,,measured,1.3710678622717363,-3.886367446467654,0,1,20.0,0.22360679774997896
Southampton D2015,Fig. 12 B,FV566 stainless steel,martensitic stainless steel,CA,long_crack,1.0,24.0,0.000138668,367.58,tempered_martensitic,,20,,measured,1.380211241711606,-3.8580237482045163,0,1,20.0,0.22360679774997896
Southampton D2015,Fig. 12 B,FV566 stainless steel,martensitic stainless steel,CA,long_crack,1.0,24.5,0.000147822,367.58,tempered_martensitic,,20,,measured,1.3891660843645324,-3.830260926106407,0,1,20.0,0.22360679774997896
Southampton D2015,Fig. 12 B,FV566 stainless steel,martensitic stainless steel,CA,long_crack,1.0,25.0,0.000157375,367.58,tempered_martensitic,,20,,measured,1.3979400086720377,-3.803064256884081,0,1,20.0,0.22360679774997896
Southampton D2015,Fig. 12 B,FV566 stainless steel,martensitic stainless steel,OLR_1.07,long_crack,1.07,10.08309,6.20437e-06,367.58,tempered_martensitic,,20,,measured,1.003593643647429,-5.207302310767067,0,1,20.0,0.22360679774997896
Southampton D2015,Fig. 12 B,FV566 stainless steel,martensitic stainless steel,OLR_1.07,long_crack,1.07,10.09005,6.24675e-06,367.58,tempered_martensitic,,20,,measured,1.0038933183350565,-5.204345874523492,0,1,20.0,0.22360679774997896
Southampton D2015,Fig. 12 B,FV566 stainless steel,martensitic stainless steel,OLR_1.07,long_crack,1.07,10.09706,6.34345e-06,367.58,tempered_martensitic,,20,,measured,1.0041949369858203,-5.197674478956507,0,1,20.0,0.22360679774997896
Southampton D2015,Fig. 12 B,FV566 stainless steel,martensitic stainless steel,OLR_1.07,long_crack,1.07,10.10419,6.48809e-06,367.58,tempered_martensitic,,20,,measured,1.0045015041323633,-5.187883134408449,0,1,20.0,0.22360679774997896
Southampton D2015,Fig. 12 B,FV566 stainless steel,martensitic stainless steel,OLR_1.07,long_crack,1.07,10.11149,6.67441e-06,367.58,tempered_martensitic,,20,,measured,1.0048151566887646,-5.175587118737796,0,1,20.0,0.22360679774997896
Southampton D2015,Fig. 12 B,FV566 stainless steel,martensitic stainless steel,OLR_1.07,long_crack,1.07,10.11901,6.89616e-06,367.58,tempered_martensitic,,20,,measured,1.0051380250958066,-5.161392670862143,0,1,20.0,0.22360679774997896
Southampton D2015,Fig. 12 B,FV566 stainless steel,martensitic stainless steel,OLR_1.07,long_crack,1.07,10.12678,7.14702e-06,367.58,tempered_martensitic,,20,,measured,1.0054713752184803,-5.145875002580869,0,1,20.0,0.22360679774997896
Southampton D2015,Fig. 12 B,FV566 stainless steel,martensitic stainless steel,OLR_1.07,long_crack,1.07,10.13485,7.42095e-06,367.58,tempered_martensitic,,20,,measured,1.0058173253374278,-5.129540494539263,0,1,20.0,0.22360679774997896
Southampton D2015,Fig. 12 B,FV566 stainless steel,martensitic stainless steel,OLR_1.07,long_crack,1.07,10.14324,7.71203e-06,367.58,tempered_martensitic,,20,,measured,1.0061767014829215,-5.112831289684957,0,1,20.0,0.22360679774997896
Southampton D2015,Fig. 12 B,FV566 stainless steel,martensitic stainless steel,OLR_1.07,long_crack,1.07,10.15197,8.01376e-06,367.58,tempered_martensitic,,20,,measured,1.0065503257086237,-5.096163668171901,0,1,20.0,0.22360679774997896
Southampton D2015,Fig. 12 B,FV566 stainless steel,martensitic stainless steel,OLR_1.07,long_crack,1.07,10.16105,8.29123e-06,367.58,tempered_martensitic,,20,,measured,1.0069385884246873,-5.081381037291953,0,1,20.0,0.22360679774997896
Southampton D2015,Fig. 12 B,FV566 stainless steel,martensitic stainless steel,OLR_1.07,long_crack,1.07,10.17045,8.49885e-06,367.58,tempered_martensitic,,20,,measured,1.0073401690676076,-5.0706398357495654,0,1,20.0,0.22360679774997896
Southampton D2015,Fig. 12 B,FV566 stainless steel,martensitic stainless steel,OLR_1.07,long_crack,1.07,10.18011,8.68812e-06,367.58,tempered_martensitic,,20,,measured,1.007752470744837,-5.061074189254087,0,1,20.0,0.22360679774997896
Southampton D2015,Fig. 12 B,FV566 stainless steel,martensitic stainless steel,OLR_1.07,long_crack,1.07,10.18999,8.95091e-06,367.58,tempered_martensitic,,20,,measured,1.0081737578094736,-5.048132809612768,0,1,20.0,0.22360679774997896
Southampton D2015,Fig. 12 B,FV566 stainless steel,martensitic stainless steel,OLR_1.07,long_crack,1.07,10.2104,9.19795e-06,367.58,tempered_martensitic,,20,,measured,1.0090427562289235,-5.036308955577715,0,1,20.0,0.22360679774997896
Southampton D2015,Fig. 12 B,FV566 stainless steel,martensitic stainless steel,OLR_1.07,long_crack,1.07,10.22091,9.35556e-06,367.58,tempered_martensitic,,20,,measured,1.0094895641337918,-5.028930211624056,0,1,20.0,0.22360679774997896
Southampton D2015,Fig. 12 B,FV566 stainless steel,martensitic stainless steel,OLR_1.07,long_crack,1.07,10.23162,9.51246e-06,367.58,tempered_martensitic,,20,,measured,1.0099444021735189,-5.0217071564306535,0,1,20.0,0.22360679774997896
Southampton D2015,Fig. 12 B,FV566 stainless steel,martensitic stainless steel,OLR_1.07,long_crack,1.07,10.24252,9.67159e-06,367.58,tempered_martensitic,,20,,measured,1.0104068206487247,-5.014502122456602,0,1,20.0,0.22360679774997896
Southampton D2015,Fig. 12 B,FV566 stainless steel,martensitic stainless steel,OLR_1.07,long_crack,1.07,10.25363,9.84402e-06,367.58,tempered_martensitic,,20,,measured,1.0108776419655583,-5.00682751261645,0,1,20.0,0.22360679774997896
Southampton D2015,Fig. 12 B,FV566 stainless steel,martensitic stainless steel,OLR_1.07,long_crack,1.07,10.26495,1.00163e-05,367.58,tempered_martensitic,,20,,measured,1.0113568382875187,-4.999292676306828,0,1,20.0,0.22360679774997896
Southampton D2015,Fig. 12 B,FV566 stainless steel,martensitic stainless steel,OLR_1.07,long_crack,1.07,10.27648,1.0213e-05,367.58,tempered_martensitic,,20,,measured,1.0118443813555744,-4.990846668092291,0,1,20.0,0.22360679774997896
Southampton D2015,Fig. 12 B,FV566 stainless steel,martensitic stainless steel,OLR_1.07,long_crack,1.07,10.28827,1.04225e-05,367.58,tempered_martensitic,,20,,measured,1.0123423531279163,-4.982028096201665,0,1,20.0,0.22360679774997896
Southampton D2015,Fig. 12 B,FV566 stainless steel,martensitic stainless steel,OLR_1.07,long_crack,1.07,10.30031,1.06368e-05,367.58,tempered_martensitic,,20,,measured,1.0128502955074465,-4.97318900656802,0,1,20.0,0.22360679774997896
Southampton D2015,Fig. 12 B,FV566 stainless steel,martensitic stainless steel,OLR_1.07,long_crack,1.07,10.31263,1.08545e-05,367.58,tempered_martensitic,,20,,measured,1.0133694362660342,-4.964390177022292,0,1,20.0,0.22360679774997896
Southampton D2015,Fig. 12 B,FV566 stainless steel,martensitic stainless steel,OLR_1.07,long_crack,1.07,10.32522,1.1057e-05,367.58,tempered_martensitic,,20,,measured,1.013899313962155,-4.956362690407429,0,1,20.0,0.22360679774997896
Southampton D2015,Fig. 12 B,FV566 stainless steel,martensitic stainless steel,OLR_1.07,long_crack,1.07,10.33806,1.12427e-05,367.58,tempered_martensitic,,20,,measured,1.01443904839593,-4.949129377887323,0,1,20.0,0.22360679774997896
Southampton D2015,Fig. 12 B,FV566 stainless steel,martensitic stainless steel,OLR_1.07,long_crack,1.07,10.35115,1.14026e-05,367.58,tempered_martensitic,,20,,measured,1.0149886020547387,-4.942996110338263,0,1,20.0,0.22360679774997896
Southampton D2015,Fig. 12 B,FV566 stainless steel,martensitic stainless steel,OLR_1.07,long_crack,1.07,10.36445,1.15352e-05,367.58,tempered_martensitic,,20,,measured,1.015546260766333,-4.937974871178138,0,1,20.0,0.22360679774997896
Southampton D2015,Fig. 12 B,FV566 stainless steel,martensitic stainless steel,OLR_1.07,long_crack,1.07,10.37793,1.16429e-05,367.58,tempered_martensitic,,20,,measured,1.0161107370164282,-4.933938832647228,0,1,20.0,0.22360679774997896
Southampton D2015,Fig. 12 B,FV566 stainless steel,martensitic stainless steel,OLR_1.07,long_crack,1.07,10.39156,1.17263e-05,367.58,tempered_martensitic,,20,,measured,1.0166807495336452,-4.930838999228661,0,1,20.0,0.22360679774997896
Southampton D2015,Fig. 12 B,FV566 stainless steel,martensitic stainless steel,OLR_1.07,long_crack,1.07,10.40531,1.17876e-05,367.58,tempered_martensitic,,20,,measured,1.0172550234504685,-4.928574609905604,0,1,20.0,0.22360679774997896
Southampton D2015,Fig. 12 B,FV566 stainless steel,martensitic stainless steel,OLR_1.07,long_crack,1.07,10.41916,1.18328e-05,367.58,tempered_martensitic,,20,,measured,1.0178327072485425,-4.926912475941486,0,1,20.0,0.22360679774997896
Southampton D2015,Fig. 12 B,FV566 stainless steel,martensitic stainless steel,OLR_1.07,long_crack,1.07,10.4331,1.18675e-05,367.58,tempered_martensitic,,20,,measured,1.0184133700620317,-4.925640759609602,0,1,20.0,0.22360679774997896
Southampton D2015,Fig. 12 B,FV566 stainless steel,martensitic stainless steel,OLR_1.07,long_crack,1.07,10.4471,1.18977e-05,367.58,tempered_martensitic,,20,,measured,1.0189957518072037,-4.924536985989905,0,1,20.0,0.22360679774997896
Southampton D2015,Fig. 12 B,FV566 stainless steel,martensitic stainless steel,OLR_1.07,long_crack,1.07,10.46117,1.19351e-05,367.58,tempered_martensitic,,20,,measured,1.0195802596868855,-4.923173937841454,0,1,20.0,0.22360679774997896
Southampton D2015,Fig. 12 B,FV566 stainless steel,martensitic stainless steel,OLR_1.07,long_crack,1.07,10.47531,1.19954e-05,367.58,tempered_martensitic,,20,,measured,1.0201668840772133,-4.920985265420509,0,1,20.0,0.22360679774997896
Southampton D2015,Fig. 12 B,FV566 stainless steel,martensitic stainless steel,OLR_1.07,long_crack,1.07,10.48954,1.20738e-05,367.58,tempered_martensitic,,20,,measured,1.0207564434040433,-4.918156022421239,0,1,20.0,0.22360679774997896
Southampton D2015,Fig. 12 B,FV566 stainless steel,martensitic stainless steel,OLR_1.07,long_crack,1.07,10.5039,1.22277e-05,367.58,tempered_martensitic,,20,,measured,1.0213505784988905,-4.912655224995248,0,1,20.0,0.22360679774997896
Southampton D2015,Fig. 12 B,FV566 stainless steel,martensitic stainless steel,OLR_1.07,long_crack,1.07,10.51848,1.23642e-05,367.58,tempered_martensitic,,20,,measured,1.0219529855109792,-4.9078339785202605,0,1,20.0,0.22360679774997896
Southampton D2015,Fig. 12 B,FV566 stainless steel,martensitic stainless steel,OLR_1.07,long_crack,1.07,10.53324,1.25515e-05,367.58,tempered_martensitic,,20,,measured,1.0225619797027388,-4.901304369577749,0,1,20.0,0.22360679774997896
Southampton D2015,Fig. 12 B,FV566 stainless steel,martensitic stainless steel,OLR_1.07,long_crack,1.07,10.54827,1.27546e-05,367.58,tempered_martensitic,,20,,measured,1.0231812377320697,-4.894333156851662,0,1,20.0,0.22360679774997896
Southampton D2015,Fig. 12 B,FV566 stainless steel,martensitic stainless steel,OLR_1.07,long_crack,1.07,10.56356,1.2959e-05,367.58,tempered_martensitic,,20,,measured,1.0238103034065569,-4.88742851013502,0,1,20.0,0.22360679774997896
Southampton D2015,Fig. 12 B,FV566 stainless steel,martensitic stainless steel,OLR_1.07,long_crack,1.07,10.57914,1.31496e-05,367.58,tempered_martensitic,,20,,measured,1.0244503644444372,-4.881087457853684,0,1,20.0,0.22360679774997896
Southampton D2015,Fig. 12 B,FV566 stainless steel,martensitic stainless steel,OLR_1.07,long_crack,1.07,10.59498,1.3315e-05,367.58,tempered_martensitic,,20,,measured,1.0251001412357859,-4.87565882922504,0,1,20.0,0.22360679774997896
Southampton D2015,Fig. 12 B,FV566 stainless steel,martensitic stainless steel,OLR_1.07,long_crack,1.07,10.61105,1.34521e-05,367.58,tempered_martensitic,,20,,measured,1.0257583609648102,-4.871209912894217,0,1,20.0,0.22360679774997896
Southampton D2015,Fig. 12 B,FV566 stainless steel,martensitic stainless steel,OLR_1.07,long_crack,1.07,10.62733,1.35558e-05,367.58,tempered_martensitic,,20,,measured,1.0264241665064924,-4.867874847295351,0,1,20.0,0.22360679774997896
Southampton D2015,Fig. 12 B,FV566 stainless steel,martensitic stainless steel,OLR_1.07,long_crack,1.07,10.64377,1.36402e-05,367.58,tempered_martensitic,,20,,measured,1.0270954813613071,-4.865179261771945,0,1,20.0,0.22360679774997896
Southampton D2015,Fig. 12 B,FV566 stainless steel,martensitic stainless steel,OLR_1.07,long_crack,1.07,10.66035,1.37044e-05,367.58,tempered_martensitic,,20,,measured,1.0277714636561595,-4.863139973797835,0,1,20.0,0.22360679774997896
Southampton D2015,Fig. 12 B,FV566 stainless steel,martensitic stainless steel,OLR_1.07,long_crack,1.07,10.67705,1.37612e-05,367.58,tempered_martensitic,,20,,measured,1.028451276503901,-4.861343693233146,0,1,20.0,0.22360679774997896
Southampton D2015,Fig. 12 B,FV566 stainless steel,martensitic stainless steel,OLR_1.07,long_crack,1.07,10.69386,1.38232e-05,367.58,tempered_martensitic,,20,,measured,1.0291344941812417,-4.859391408374949,0,1,20.0,0.22360679774997896
Southampton D2015,Fig. 12 B,FV566 stainless steel,martensitic stainless steel,OLR_1.07,long_crack,1.07,10.71078,1.38988e-05,367.58,tempered_martensitic,,20,,measured,1.0298210989701433,-4.8570226944132004,0,1,20.0,0.22360679774997896
Southampton D2015,Fig. 12 B,FV566 stainless steel,martensitic stainless steel,OLR_1.07,long_crack,1.07,10.72783,1.39968e-05,367.58,tempered_martensitic,,20,,measured,1.030511882792191,-4.853971242978476,0,1,20.0,0.22360679774997896
Southampton D2015,Fig. 12 B,FV566 stainless steel,martensitic stainless steel,OLR_1.07,long_crack,1.07,10.74505,1.41124e-05,367.58,tempered_martensitic,,20,,measured,1.0312084407370548,-4.850399122452418,0,1,20.0,0.22360679774997896
Southampton D2015,Fig. 12 B,FV566 stainless steel,martensitic stainless steel,OLR_1.07,long_crack,1.07,10.76244,1.42844e-05,367.58,tempered_martensitic,,20,,measured,1.0319107433010561,-4.845137996944639,0,1,20.0,0.22360679774997896
Southampton D2015,Fig. 12 B,FV566 stainless steel,martensitic stainless steel,OLR_1.07,long_crack,1.07,10.7801,1.44377e-05,367.58,tempered_martensitic,,20,,measured,1.032622789537803,-4.840501986604836,0,1,20.0,0.22360679774997896
Southampton D2015,Fig. 12 B,FV566 stainless steel,martensitic stainless steel,OLR_1.07,long_crack,1.07,10.79798,1.46135e-05,367.58,tempered_martensitic,,20,,measured,1.0333425187364755,-4.835245756095478,0,1,20.0,0.22360679774997896
Southampton D2015,Fig. 12 B,FV566 stainless steel,martensitic stainless steel,OLR_1.07,long_crack,1.07,10.81613,1.48199e-05,367.58,tempered_martensitic,,20,,measured,1.0340718984517911,-4.829154726828668,0,1,20.0,0.22360679774997896
Southampton D2015,Fig. 12 B,FV566 stainless steel,martensitic stainless steel,OLR_1.07,long_crack,1.07,10.83459,1.50284e-05,367.58,tempered_martensitic,,20,,measured,1.0348124814974053,-4.823087254154243,0,1,20.0,0.22360679774997896
Southampton D2015,Fig. 12 B,FV566 stainless steel,martensitic stainless steel,OLR_1.07,long_crack,1.07,10.85335,1.52315e-05,367.58,tempered_martensitic,,20,,measured,1.0355638084111198,-4.817257325183671,0,1,20.0,0.22360679774997896
Southampton D2015,Fig. 12 B,FV566 stainless steel,martensitic stainless steel,OLR_1.07,long_crack,1.07,10.87241,1.54312e-05,367.58,tempered_martensitic,,20,,measured,1.0363258213348308,-4.81160029991779,0,1,20.0,0.22360679774997896
Southampton D2015,Fig. 12 B,FV566 stainless steel,martensitic stainless steel,OLR_1.07,long_crack,1.07,10.89177,1.56372e-05,367.58,tempered_martensitic,,20,,measured,1.037098461828275,-4.805841009167067,0,1,20.0,0.22360679774997896
Southampton D2015,Fig. 12 B,FV566 stainless steel,martensitic stainless steel,OLR_1.07,long_crack,1.07,10.91145,1.58553e-05,367.58,tempered_martensitic,,20,,measured,1.0378824669178879,-4.799825536222073,0,1,20.0,0.22360679774997896
Southampton D2015,Fig. 12 B,FV566 stainless steel,martensitic stainless steel,OLR_1.07,long_crack,1.07,10.95151,1.60491e-05,367.58,tempered_martensitic,,20,,measured,1.0394740040579296,-4.79454931690353,0,1,20.0,0.22360679774997896
Southampton D2015,Fig. 12 B,FV566 stainless steel,martensitic stainless steel,OLR_1.07,long_crack,1.07,10.97187,1.61495e-05,367.58,tempered_martensitic,,20,,measured,1.0402806532327908,-4.791840919190614,0,1,20.0,0.22360679774997896
Southampton D2015,Fig. 12 B,FV566 stainless steel,martensitic stainless steel,OLR_1.07,long_crack,1.07,10.99241,1.62423e-05,367.58,tempered_martensitic,,20,,measured,1.0410929185343292,-4.7893524722265095,0,1,20.0,0.22360679774997896
Southampton D2015,Fig. 12 B,FV566 stainless steel,martensitic stainless steel,OLR_1.07,long_crack,1.07,11.01313,1.63341e-05,367.58,tempered_martensitic,,20,,measured,1.0419107657059363,-4.786904789918371,0,1,20.0,0.22360679774997896
Southampton D2015,Fig. 12 B,FV566 stainless steel,martensitic stainless steel,OLR_1.07,long_crack,1.07,11.03403,1.6425e-05,367.58,tempered_martensitic,,20,,measured,1.042734160409898,-4.784494621768181,0,1,20.0,0.22360679774997896
Southampton D2015,Fig. 12 B,FV566 stainless steel,martensitic stainless steel,OLR_1.07,long_crack,1.07,11.0551,1.65226e-05,367.58,tempered_martensitic,,20,,measured,1.0435626753861724,-4.781921610962041,0,1,20.0,0.22360679774997896
Southampton D2015,Fig. 12 B,FV566 stainless steel,martensitic stainless steel,OLR_1.07,long_crack,1.07,11.07636,1.66368e-05,367.58,tempered_martensitic,,20,,measured,1.0443970625911159,-4.778930204246515,0,1,20.0,0.22360679774997896
Southampton D2015,Fig. 12 B,FV566 stainless steel,martensitic stainless steel,OLR_1.07,long_crack,1.07,11.09783,1.67625e-05,367.58,tempered_martensitic,,20,,measured,1.0452380678716056,-4.7756612091403445,0,1,20.0,0.22360679774997896
Southampton D2015,Fig. 12 B,FV566 stainless steel,martensitic stainless steel,OLR_1.07,long_crack,1.07,11.11952,1.69289e-05,367.58,tempered_martensitic,,20,,measured,1.0460860403170271,-4.771371260405562,0,1,20.0,0.22360679774997896
Southampton D2015,Fig. 12 B,FV566 stainless steel,martensitic stainless steel,OLR_1.07,long_crack,1.07,11.14149,1.71786e-05,367.58,tempered_martensitic,,20,,measured,1.0469432748149485,-4.765012232649684,0,1,20.0,0.22360679774997896
Southampton D2015,Fig. 12 B,FV566 stainless steel,martensitic stainless steel,OLR_1.07,long_crack,1.07,11.16385,1.74064e-05,367.58,tempered_martensitic,,20,,measured,1.0478139925774381,-4.75929104058867,0,1,20.0,0.22360679774997896
Southampton D2015,Fig. 12 B,FV566 stainless steel,martensitic stainless steel,OLR_1.07,long_crack,1.07,11.18658,1.7593e-05,367.58,tempered_martensitic,,20,,measured,1.0486973328064073,-4.754660097304676,0,1,20.0,0.22360679774997896
Southampton D2015,Fig. 12 B,FV566 stainless steel,martensitic stainless steel,OLR_1.07,long_crack,1.07,11.20962,1.77732e-05,367.58,tempered_martensitic,,20,,measured,1.0495908904986004,-4.750234372013182,0,1,20.0,0.22360679774997896
Southampton D2015,Fig. 12 B,FV566 stainless steel,martensitic stainless steel,OLR_1.07,long_crack,1.07,11.23297,1.79437e-05,367.58,tempered_martensitic,,20,,measured,1.0504945990109935,-4.7460880003164005,0,1,20.0,0.22360679774997896
Southampton D2015,Fig. 12 B,FV566 stainless steel,martensitic stainless steel,OLR_1.07,long_crack,1.07,11.25662,1.80955e-05,367.58,tempered_martensitic,,20,,measured,1.0514080054611001,-4.742429412321413,0,1,20.0,0.22360679774997896
Southampton D2015,Fig. 12 B,FV566 stainless steel,martensitic stainless steel,OLR_1.07,long_crack,1.07,11.28055,1.82192e-05,367.58,tempered_martensitic,,20,,measured,1.0523302748372096,-4.739470696694157,0,1,20.0,0.22360679774997896
Southampton D2015,Fig. 12 B,FV566 stainless steel,martensitic stainless steel,OLR_1.07,long_crack,1.07,11.30471,1.83196e-05,367.58,tempered_martensitic,,20,,measured,1.053259425857391,-4.737084013183958,0,1,20.0,0.22360679774997896
Southampton D2015,Fig. 12 B,FV566 stainless steel,martensitic stainless steel,OLR_1.07,long_crack,1.07,11.32909,1.84034e-05,367.58,tempered_martensitic,,20,,measured,1.0541950269110154,-4.73510193433665,0,1,20.0,0.22360679774997896
Southampton D2015,Fig. 12 B,FV566 stainless steel,martensitic stainless steel,OLR_1.07,long_crack,1.07,11.35366,1.84837e-05,367.58,tempered_martensitic,,20,,measured,1.0551358845754288,-4.733211088919935,0,1,20.0,0.22360679774997896
Southampton D2015,Fig. 12 B,FV566 stainless steel,martensitic stainless steel,OLR_1.07,long_crack,1.07,11.37842,1.85693e-05,367.58,tempered_martensitic,,20,,measured,1.0560819603964142,-4.731204467389313,0,1,20.0,0.22360679774997896
Southampton D2015,Fig. 12 B,FV566 stainless steel,martensitic stainless steel,OLR_1.07,long_crack,1.07,11.40337,1.8669e-05,367.58,tempered_martensitic,,20,,measured,1.0570332159084346,-4.728878944295867,0,1,20.0,0.22360679774997896
Southampton D2015,Fig. 12 B,FV566 stainless steel,martensitic stainless steel,OLR_1.07,long_crack,1.07,11.42854,1.87933e-05,367.58,tempered_martensitic,,20,,measured,1.0579907526662193,-4.725996953483595,0,1,20.0,0.22360679774997896
Southampton D2015,Fig. 12 B,FV566 stainless steel,martensitic stainless steel,OLR_1.07,long_crack,1.07,11.45396,1.89386e-05,367.58,tempered_martensitic,,20,,measured,1.0589556621185354,-4.722652128540094,0,1,20.0,0.22360679774997896
Southampton D2015,Fig. 12 B,FV566 stainless steel,martensitic stainless steel,OLR_1.07,long_crack,1.07,11.47967,1.90993e-05,367.58,tempered_martensitic,,20,,measured,1.0599294038076916,-4.718982549595637,0,1,20.0,0.22360679774997896
Southampton D2015,Fig. 12 B,FV566 stainless steel,martensitic stainless steel,OLR_1.07,long_crack,1.07,11.50568,1.92704e-05,367.58,tempered_martensitic,,20,,measured,1.0609122911072806,-4.715109270503353,0,1,20.0,0.22360679774997896
Southampton D2015,Fig. 12 B,FV566 stainless steel,martensitic stainless steel,OLR_1.07,long_crack,1.07,11.53201,1.94503e-05,367.58,tempered_martensitic,,20,,measured,1.0619050103154535,-4.711073695760392,0,1,20.0,0.22360679774997896
Southampton D2015,Fig. 12 B,FV566 stainless steel,martensitic stainless steel,OLR_1.07,long_crack,1.07,11.55869,1.96372e-05,367.58,tempered_martensitic,,20,,measured,1.0629086162636128,-4.7069204366732835,0,1,20.0,0.22360679774997896
Southampton D2015,Fig. 12 B,FV566 stainless steel,martensitic stainless steel,OLR_1.07,long_crack,1.07,11.58571,1.98301e-05,367.58,tempered_martensitic,,20,,measured,1.0639226535453965,-4.702675095712061,0,1,20.0,0.22360679774997896
Southampton D2015,Fig. 12 B,FV566 stainless steel,martensitic stainless steel,OLR_1.07,long_crack,1.07,11.6131,2.00285e-05,367.58,tempered_martensitic,,20,,measured,1.0649481657493904,-4.698351575225472,0,1,20.0,0.22360679774997896
Southampton D2015,Fig. 12 B,FV566 stainless steel,martensitic stainless steel,OLR_1.07,long_crack,1.07,11.64085,2.02351e-05,367.58,tempered_martensitic,,20,,measured,1.065984693100111,-4.693894645023792,0,1,20.0,0.22360679774997896
Southampton D2015,Fig. 12 B,FV566 stainless steel,martensitic stainless steel,OLR_1.07,long_crack,1.07,11.669,2.0451e-05,367.58,tempered_martensitic,,20,,measured,1.0670336398422622,-4.689285451281881,0,1,20.0,0.22360679774997896
Southampton D2015,Fig. 12 B,FV566 stainless steel,martensitic stainless steel,OLR_1.07,long_crack,1.07,11.69756,2.07896e-05,367.58,tempered_martensitic,,20,,measured,1.0680952814856828,-4.682153866583103,0,1,20.0,0.22360679774997896
Southampton D2015,Fig. 12 B,FV566 stainless steel,martensitic stainless steel,OLR_1.07,long_crack,1.07,11.75593,2.11263e-05,367.58,tempered_martensitic,,20,,measured,1.0702569914270939,-4.6751765573862984,0,1,20.0,0.22360679774997896
Southampton D2015,Fig. 12 B,FV566 stainless steel,martensitic stainless steel,OLR_1.07,long_crack,1.07,11.78576,2.13419e-05,367.58,tempered_martensitic,,20,,measured,1.0713575930685735,-4.670766919364038,0,1,20.0,0.22360679774997896
Southampton D2015,Fig. 12 B,FV566 stainless steel,martensitic stainless steel,OLR_1.07,long_crack,1.07,11.81602,2.15456e-05,367.58,tempered_martensitic,,20,,measured,1.0724712173988733,-4.666641407212149,0,1,20.0,0.22360679774997896
Southampton D2015,Fig. 12 B,FV566 stainless steel,martensitic stainless steel,OLR_1.07,long_crack,1.07,11.84668,2.17412e-05,367.58,tempered_martensitic,,20,,measured,1.0735966575444853,-4.6627164888147865,0,1,20.0,0.22360679774997896
Southampton D2015,Fig. 12 B,FV566 stainless steel,martensitic stainless steel,OLR_1.07,long_crack,1.07,11.87774,2.19384e-05,367.58,tempered_martensitic,,20,,measured,1.074733814475172,-4.658795049346058,0,1,20.0,0.22360679774997896
Southampton D2015,Fig. 12 B,FV566 stainless steel,martensitic stainless steel,OLR_1.07,long_crack,1.07,11.90921,2.21504e-05,367.58,tempered_martensitic,,20,,measured,1.0758829534206438,-4.654618426721985,0,1,20.0,0.22360679774997896
Southampton D2015,Fig. 12 B,FV566 stainless steel,martensitic stainless steel,OLR_1.07,long_crack,1.07,11.94111,2.23799e-05,367.58,tempered_martensitic,,20,,measured,1.0770446990269074,-4.650141858359287,0,1,20.0,0.22360679774997896
Southampton D2015,Fig. 12 B,FV566 stainless steel,martensitic stainless steel,OLR_1.07,long_crack,1.07,11.97347,2.26453e-05,367.58,tempered_martensitic,,20,,measured,1.0782200303947962,-4.64502192150425,0,1,20.0,0.22360679774997896
Southampton D2015,Fig. 12 B,FV566 stainless steel,martensitic stainless steel,OLR_1.07,long_crack,1.07,12.00635,2.29529e-05,367.58,tempered_martensitic,,20,,measured,1.0794109994274101,-4.63916243542385,0,1,20.0,0.22360679774997896
Southampton D2015,Fig. 12 B,FV566 stainless steel,martensitic stainless steel,OLR_1.07,long_crack,1.07,12.03982,2.32803e-05,367.58,tempered_martensitic,,20,,measured,1.080619994098625,-4.633011427479834,0,1,20.0,0.22360679774997896
Southampton D2015,Fig. 12 B,FV566 stainless steel,martensitic stainless steel,OLR_1.07,long_crack,1.07,12.07391,2.36307e-05,367.58,tempered_martensitic,,20,,measured,1.081847934259789,-4.626523413296341,0,1,20.0,0.22360679774997896
Southampton D2015,Fig. 12 B,FV566 stainless steel,martensitic stainless steel,OLR_1.07,long_crack,1.07,12.10867,2.40175e-05,367.58,tempered_martensitic,,20,,measured,1.083096443441829,-4.6194722006263,0,1,20.0,0.22360679774997896
Southampton D2015,Fig. 12 B,FV566 stainless steel,martensitic stainless steel,OLR_1.07,long_crack,1.07,12.14415,2.44378e-05,367.58,tempered_martensitic,,20,,measured,1.084367122827588,-4.611937893800422,0,1,20.0,0.22360679774997896
Southampton D2015,Fig. 12 B,FV566 stainless steel,martensitic stainless steel,OLR_1.07,long_crack,1.07,12.18042,2.47465e-05,367.58,tempered_martensitic,,20,,measured,1.085662263710451,-4.606486216454603,0,1,20.0,0.22360679774997896
Southampton D2015,Fig. 12 B,FV566 stainless steel,martensitic stainless steel,OLR_1.07,long_crack,1.07,12.21731,2.50296e-05,367.58,tempered_martensitic,,20,,measured,1.0869755937330974,-4.601546090830484,0,1,20.0,0.22360679774997896
Southampton D2015,Fig. 12 B,FV566 stainless steel,martensitic stainless steel,OLR_1.07,long_crack,1.07,12.2548,2.5303e-05,367.58,tempered_martensitic,,20,,measured,1.0883062279010178,-4.596827984507748,0,1,20.0,0.22360679774997896
Southampton D2015,Fig. 12 B,FV566 stainless steel,martensitic stainless steel,OLR_1.07,long_crack,1.07,12.29287,2.55603e-05,367.58,tempered_martensitic,,20,,measured,1.0896532888792227,-4.592434053190478,0,1,20.0,0.22360679774997896
Southampton D2015,Fig. 12 B,FV566 stainless steel,martensitic stainless steel,OLR_1.07,long_crack,1.07,12.33152,2.58076e-05,367.58,tempered_martensitic,,20,,measured,1.0910166116262836,-4.5882523811678775,0,1,20.0,0.22360679774997896
Southampton D2015,Fig. 12 B,FV566 stainless steel,martensitic stainless steel,OLR_1.07,long_crack,1.07,12.37072,2.60633e-05,367.58,tempered_martensitic,,20,,measured,1.0923949771495047,-4.583970597024967,0,1,20.0,0.22360679774997896
Southampton D2015,Fig. 12 B,FV566 stainless steel,martensitic stainless steel,OLR_1.07,long_crack,1.07,12.41051,2.63517e-05,367.58,tempered_martensitic,,20,,measured,1.0937896288504403,-4.579191362356402,0,1,20.0,0.22360679774997896
Southampton D2015,Fig. 12 B,FV566 stainless steel,martensitic stainless steel,OLR_1.07,long_crack,1.07,12.45094,2.66872e-05,367.58,tempered_martensitic,,20,,measured,1.095202140299419,-4.573696989657201,0,1,20.0,0.22360679774997896
Southampton D2015,Fig. 12 B,FV566 stainless steel,martensitic stainless steel,OLR_1.07,long_crack,1.07,12.49209,2.72366e-05,367.58,tempered_martensitic,,20,,measured,1.09663510446967,-4.564847107236425,0,1,20.0,0.22360679774997896
Southampton D2015,Fig. 12 B,FV566 stainless steel,martensitic stainless steel,OLR_1.07,long_crack,1.07,12.57674,2.7994e-05,367.58,tempered_martensitic,,20,,measured,1.0995680828032908,-4.552935041733517,0,1,20.0,0.22360679774997896
Southampton D2015,Fig. 12 B,FV566 stainless steel,martensitic stainless steel,OLR_1.07,long_crack,1.07,12.62058,2.85389e-05,367.58,tempered_martensitic,,20,,measured,1.1010793141007766,-4.544562770294134,0,1,20.0,0.22360679774997896
Southampton D2015,Fig. 12 B,FV566 stainless steel,martensitic stainless steel,OLR_1.07,long_crack,1.07,12.66552,2.91203e-05,367.58,tempered_martensitic,,20,,measured,1.1026230250381013,-4.53580415519439,0,1,20.0,0.22360679774997896
Southampton D2015,Fig. 12 B,FV566 stainless steel,martensitic stainless steel,OLR_1.07,long_crack,1.07,12.71162,2.97257e-05,367.58,tempered_martensitic,,20,,measured,1.1042009016340444,-4.5268679095416395,0,1,20.0,0.22360679774997896
Southampton D2015,Fig. 12 B,FV566 stainless steel,martensitic stainless steel,OLR_1.07,long_crack,1.07,12.75895,3.03322e-05,367.58,tempered_martensitic,,20,,measured,1.105814935516087,-4.518096089088942,0,1,20.0,0.22360679774997896
Southampton D2015,Fig. 12 B,FV566 stainless steel,martensitic stainless steel,OLR_1.07,long_crack,1.07,12.80752,3.09701e-05,367.58,tempered_martensitic,,20,,measured,1.1074650427356014,-4.509057392338464,0,1,20.0,0.22360679774997896
Southampton D2015,Fig. 12 B,FV566 stainless steel,martensitic stainless steel,OLR_1.07,long_crack,1.07,12.85741,3.12423e-05,367.58,tempered_martensitic,,20,,measured,1.1091534930055584,-4.505257001666065,0,1,20.0,0.22360679774997896
Southampton D2015,Fig. 12 B,FV566 stainless steel,martensitic stainless steel,OLR_1.07,long_crack,1.07,12.90805,3.1915e-05,367.58,tempered_martensitic,,20,,measured,1.110860638997287,-4.496005151234176,0,1,20.0,0.22360679774997896
Southampton D2015,Fig. 12 B,FV566 stainless steel,martensitic stainless steel,OLR_1.07,long_crack,1.07,12.96009,3.22684e-05,367.58,tempered_martensitic,,20,,measured,1.1126080174580046,-4.491222568169013,0,1,20.0,0.22360679774997896
Southampton D2015,Fig. 12 B,FV566 stainless steel,martensitic stainless steel,OLR_1.07,long_crack,1.07,13.01303,3.26e-05,367.58,tempered_martensitic,,20,,measured,1.1143784310018197,-4.486782399932061,0,1,20.0,0.22360679774997896
Southampton D2015,Fig. 12 B,FV566 stainless steel,martensitic stainless steel,OLR_1.07,long_crack,1.07,13.06686,3.28928e-05,367.58,tempered_martensitic,,20,,measured,1.1161712380389592,-4.482899155620696,0,1,20.0,0.22360679774997896
Southampton D2015,Fig. 12 B,FV566 stainless steel,martensitic stainless steel,OLR_1.07,long_crack,1.07,13.12152,3.31649e-05,367.58,tempered_martensitic,,20,,measured,1.1179841467299119,-4.479321307863982,0,1,20.0,0.22360679774997896
Southampton D2015,Fig. 12 B,FV566 stainless steel,martensitic stainless steel,OLR_1.07,long_crack,1.07,13.17699,3.34282e-05,367.58,tempered_martensitic,,20,,measured,1.1198162163518424,-4.475887008125166,0,1,20.0,0.22360679774997896
Southampton D2015,Fig. 12 B,FV566 stainless steel,martensitic stainless steel,OLR_1.07,long_crack,1.07,13.23326,3.37109e-05,367.58,tempered_martensitic,,20,,measured,1.1216668453671113,-4.472229652705487,0,1,20.0,0.22360679774997896
Southampton D2015,Fig. 12 B,FV566 stainless steel,martensitic stainless steel,OLR_1.07,long_crack,1.07,13.2904,3.40354e-05,367.58,tempered_martensitic,,20,,measured,1.1235380520622618,-4.468069140996743,0,1,20.0,0.22360679774997896
Southampton D2015,Fig. 12 B,FV566 stainless steel,martensitic stainless steel,OLR_1.07,long_crack,1.07,13.34846,3.44211e-05,367.58,tempered_martensitic,,20,,measured,1.125431164421129,-4.463175254976016,0,1,20.0,0.22360679774997896
Southampton D2015,Fig. 12 B,FV566 stainless steel,martensitic stainless steel,OLR_1.07,long_crack,1.07,13.40759,3.48947e-05,367.58,tempered_martensitic,,20,,measured,1.127350720896876,-4.457240531079425,0,1,20.0,0.22360679774997896
Southampton D2015,Fig. 12 B,FV566 stainless steel,martensitic stainless steel,OLR_1.07,long_crack,1.07,13.46794,3.54373e-05,367.58,tempered_martensitic,,20,,measured,1.1293011729278897,-4.45053937481463,0,1,20.0,0.22360679774997896
Southampton D2015,Fig. 12 B,FV566 stainless steel,martensitic stainless steel,OLR_1.07,long_crack,1.07,13.52967,3.61156e-05,367.58,tempered_martensitic,,20,,measured,1.1312872039201043,-4.442305165670792,0,1,20.0,0.22360679774997896
Southampton D2015,Fig. 12 B,FV566 stainless steel,martensitic stainless steel,OLR_1.07,long_crack,1.07,13.59302,3.68633e-05,367.58,tempered_martensitic,,20,,measured,1.1333159558956296,-4.433405789365462,0,1,20.0,0.22360679774997896
Southampton D2015,Fig. 12 B,FV566 stainless steel,martensitic stainless steel,OLR_1.07,long_crack,1.07,13.65817,3.77047e-05,367.58,tempered_martensitic,,20,,measured,1.1353925139763568,-4.423604510355482,0,1,20.0,0.22360679774997896
Southampton D2015,Fig. 12 B,FV566 stainless steel,martensitic stainless steel,OLR_1.07,long_crack,1.07,13.7253,3.90901e-05,367.58,tempered_martensitic,,20,,measured,1.1375218457939456,-4.407933218557453,0,1,20.0,0.22360679774997896
Southampton D2015,Fig. 12 B,FV566 stainless steel,martensitic stainless steel,OLR_1.07,long_crack,1.07,13.86615,4.05581e-05,367.58,tempered_martensitic,,20,,measured,1.1419558939602525,-4.391922398320755,0,1,20.0,0.22360679774997896
Southampton D2015,Fig. 12 B,FV566 stainless steel,martensitic stainless steel,OLR_1.07,long_crack,1.07,13.9401,4.15608e-05,367.58,tempered_martensitic,,20,,measured,1.14426588920621,-4.381316101340038,0,1,20.0,0.22360679774997896
Southampton D2015,Fig. 12 B,FV566 stainless steel,martensitic stainless steel,OLR_1.07,long_crack,1.07,14.01653,4.25708e-05,367.58,tempered_martensitic,,20,,measured,1.1466405108933253,-4.370888188387088,0,1,20.0,0.22360679774997896
Southampton D2015,Fig. 12 B,FV566 stainless steel,martensitic stainless steel,OLR_1.07,long_crack,1.07,14.09548,4.3497e-05,367.58,tempered_martensitic,,20,,measured,1.1490798696933862,-4.361540695421795,0,1,20.0,0.22360679774997896
Southampton D2015,Fig. 12 B,FV566 stainless steel,martensitic stainless steel,OLR_1.07,long_crack,1.07,14.17688,4.44908e-05,367.58,tempered_martensitic,,20,,measured,1.1515806632959626,-4.351729785026021,0,1,20.0,0.22360679774997896
Southampton D2015,Fig. 12 B,FV566 stainless steel,martensitic stainless steel,OLR_1.07,long_crack,1.07,14.26089,4.54373e-05,367.58,tempered_martensitic,,20,,measured,1.1541466300058552,-4.342587483413669,0,1,20.0,0.22360679774997896
Southampton D2015,Fig. 12 B,FV566 stainless steel,martensitic stainless steel,OLR_1.07,long_crack,1.07,14.3475,4.63804e-05,367.58,tempered_martensitic,,20,,measured,1.156776233418996,-4.333665510181782,0,1,20.0,0.22360679774997896
Southampton D2015,Fig. 12 B,FV566 stainless steel,martensitic stainless steel,OLR_1.07,long_crack,1.07,14.43675,4.7314e-05,367.58,tempered_martensitic,,20,,measured,1.159469435897899,-4.3250103344605515,0,1,20.0,0.22360679774997896
Southampton D2015,Fig. 12 B,FV566 stainless steel,martensitic stainless steel,OLR_1.07,long_crack,1.07,14.5287,4.8241e-05,367.58,tempered_martensitic,,20,,measured,1.162226756205481,-4.3165836981734484,0,1,20.0,0.22360679774997896
Southampton D2015,Fig. 12 B,FV566 stainless steel,martensitic stainless steel,OLR_1.07,long_crack,1.07,14.6234,4.9184e-05,367.58,tempered_martensitic,,20,,measured,1.165048359596347,-4.308176154180349,0,1,20.0,0.22360679774997896
Southampton D2015,Fig. 12 B,FV566 stainless steel,martensitic stainless steel,OLR_1.07,long_crack,1.07,14.72095,5.01727e-05,367.58,tempered_martensitic,,20,,measured,1.1679358376132216,-4.299532527165402,0,1,20.0,0.22360679774997896
Southampton D2015,Fig. 12 B,FV566 stainless steel,martensitic stainless steel,OLR_1.07,long_crack,1.07,14.82151,5.12263e-05,367.58,tempered_martensitic,,20,,measured,1.1708924513667378,-4.290507011439944,0,1,20.0,0.22360679774997896
Southampton D2015,Fig. 12 B,FV566 stainless steel,martensitic stainless steel,OLR_1.07,long_crack,1.07,14.9253,5.23592e-05,367.58,tempered_martensitic,,20,,measured,1.1739230692509985,-4.281006997687358,0,1,20.0,0.22360679774997896
Southampton D2015,Fig. 12 B,FV566 stainless steel,martensitic stainless steel,OLR_1.07,long_crack,1.07,15.03257,5.35793e-05,367.58,tempered_martensitic,,20,,measured,1.1770332348387043,-4.271002964638284,0,1,20.0,0.22360679774997896
Southampton D2015,Fig. 12 B,FV566 stainless steel,martensitic stainless steel,OLR_1.07,long_crack,1.07,15.14361,5.49024e-05,367.58,tempered_martensitic,,20,,measured,1.1802294165243539,-4.260408670413759,0,1,20.0,0.22360679774997896
Southampton D2015,Fig. 12 B,FV566 stainless steel,martensitic stainless steel,OLR_1.07,long_crack,1.07,15.25872,5.63556e-05,367.58,tempered_martensitic,,20,,measured,1.1835181037202838,-4.249062922062249,0,1,20.0,0.22360679774997896
Southampton D2015,Fig. 12 B,FV566 stainless steel,martensitic stainless steel,OLR_1.07,long_crack,1.07,15.37833,5.79631e-05,367.58,tempered_martensitic,,20,,measured,1.1869091760919683,-4.236848395511227,0,1,20.0,0.22360679774997896
Southampton D2015,Fig. 12 B,FV566 stainless steel,martensitic stainless steel,OLR_1.07,long_crack,1.07,15.50289,5.97369e-05,367.58,tempered_martensitic,,20,,measured,1.1904126655289047,-4.22375731852175,0,1,20.0,0.22360679774997896
Southampton D2015,Fig. 12 B,FV566 stainless steel,martensitic stainless steel,OLR_1.07,long_crack,1.07,15.63294,6.16742e-05,367.58,tempered_martensitic,,20,,measured,1.194040661045835,-4.2098964752040775,0,1,20.0,0.22360679774997896
Southampton D2015,Fig. 12 B,FV566 stainless steel,martensitic stainless steel,OLR_1.07,long_crack,1.07,15.76903,6.37692e-05,367.58,tempered_martensitic,,20,,measured,1.1978049794034855,-4.195389031307631,0,1,20.0,0.22360679774997896
Southampton D2015,Fig. 12 B,FV566 stainless steel,martensitic stainless steel,OLR_1.07,long_crack,1.07,15.91172,6.60381e-05,367.58,tempered_martensitic,,20,,measured,1.2017171278636862,-4.180205430433259,0,1,20.0,0.22360679774997896
Southampton D2015,Fig. 12 B,FV566 stainless steel,martensitic stainless steel,OLR_1.07,long_crack,1.07,16.06165,6.84795e-05,367.58,tempered_martensitic,,20,,measured,1.205790157946818,-4.164439419301021,0,1,20.0,0.22360679774997896
Southampton D2015,Fig. 12 B,FV566 stainless steel,martensitic stainless steel,OLR_1.07,long_crack,1.07,16.2195,7.10896e-05,367.58,tempered_martensitic,,20,,measured,1.210037462046042,-4.148193929410551,0,1,20.0,0.22360679774997896
Southampton D2015,Fig. 12 B,FV566 stainless steel,martensitic stainless steel,OLR_1.07,long_crack,1.07,16.38598,7.38621e-05,367.58,tempered_martensitic,,20,,measured,1.2144724204431292,-4.131578348926484,0,1,20.0,0.22360679774997896
Southampton D2015,Fig. 12 B,FV566 stainless steel,martensitic stainless steel,OLR_1.07,long_crack,1.07,16.56185,7.68262e-05,367.58,tempered_martensitic,,20,,measured,1.21910884693657,-4.114490647481501,0,1,20.0,0.22360679774997896
Southampton D2015,Fig. 12 B,FV566 stainless steel,martensitic stainless steel,OLR_1.07,long_crack,1.07,16.74799,8.00219e-05,367.58,tempered_martensitic,,20,,measured,1.2239626929078653,-4.096791141163477,0,1,20.0,0.22360679774997896
Southampton D2015,Fig. 12 B,FV566 stainless steel,martensitic stainless steel,OLR_1.07,long_crack,1.07,16.94543,8.35249e-05,367.58,tempered_martensitic,,20,,measured,1.2290525937846568,-4.078184035647618,0,1,20.0,0.22360679774997896
Southampton D2015,Fig. 12 B,FV566 stainless steel,martensitic stainless steel,OLR_1.11,long_crack,1.11,11.86317,1.12918e-05,367.58,tempered_martensitic,,20,,measured,1.0742007539146672,-4.9472368226669525,0,1,20.0,0.22360679774997896
Southampton D2015,Fig. 12 B,FV566 stainless steel,martensitic stainless steel,OLR_1.11,long_crack,1.11,11.88888,1.17839e-05,367.58,tempered_martensitic,,20,,measured,1.0751409435396087,-4.9287109516400065,0,1,20.0,0.22360679774997896
Southampton D2015,Fig. 12 B,FV566 stainless steel,martensitic stainless steel,OLR_1.11,long_crack,1.11,11.9158,1.22925e-05,367.58,tempered_martensitic,,20,,measured,1.0761232052156047,-4.9103597830378005,0,1,20.0,0.22360679774997896
Southampton D2015,Fig. 12 B,FV566 stainless steel,martensitic stainless steel,OLR_1.11,long_crack,1.11,11.94398,1.27943e-05,367.58,tempered_martensitic,,20,,measured,1.0771490674985404,-4.8929834701873895,0,1,20.0,0.22360679774997896
Southampton D2015,Fig. 12 B,FV566 stainless steel,martensitic stainless steel,OLR_1.11,long_crack,1.11,11.97341,1.32584e-05,367.58,tempered_martensitic,,20,,measured,1.0782178541055332,-4.877508882650496,0,1,20.0,0.22360679774997896
Southampton D2015,Fig. 12 B,FV566 stainless steel,martensitic stainless steel,OLR_1.11,long_crack,1.11,12.00402,1.36702e-05,367.58,tempered_martensitic,,20,,measured,1.0793267103351545,-4.864225131499406,0,1,20.0,0.22360679774997896
Southampton D2015,Fig. 12 B,FV566 stainless steel,martensitic stainless steel,OLR_1.11,long_crack,1.11,12.0357,1.40653e-05,367.58,tempered_martensitic,,20,,measured,1.080471354045749,-4.851851000295432,0,1,20.0,0.22360679774997896
Southampton D2015,Fig. 12 B,FV566 stainless steel,martensitic stainless steel,OLR_1.11,long_crack,1.11,12.06843,1.45251e-05,367.58,tempered_martensitic,,20,,measured,1.0816507757571996,-4.8378808689687025,0,1,20.0,0.22360679774997896
Southampton D2015,Fig. 12 B,FV566 stainless steel,martensitic stainless steel,OLR_1.11,long_crack,1.11,12.10236,1.46717e-05,367.58,tempered_martensitic,,20,,measured,1.0828700674270244,-4.833519561831947,0,1,20.0,0.22360679774997896
Southampton D2015,Fig. 12 B,FV566 stainless steel,martensitic stainless steel,OLR_1.11,long_crack,1.11,12.13677,1.46753e-05,367.58,tempered_martensitic,,20,,measured,1.0841031218444999,-4.833413011919336,0,1,20.0,0.22360679774997896
Southampton D2015,Fig. 12 B,FV566 stainless steel,martensitic stainless steel,OLR_1.11,long_crack,1.11,12.17134,1.47859e-05,367.58,tempered_martensitic,,20,,measured,1.0853383943820385,-4.830152235349042,0,1,20.0,0.22360679774997896
Southampton D2015,Fig. 12 B,FV566 stainless steel,martensitic stainless steel,OLR_1.11,long_crack,1.11,12.20631,1.5047e-05,367.58,tempered_martensitic,,20,,measured,1.0865843954075463,-4.822550079028175,0,1,20.0,0.22360679774997896
Southampton D2015,Fig. 12 B,FV566 stainless steel,martensitic stainless steel,OLR_1.11,long_crack,1.11,12.24205,1.53373e-05,367.58,tempered_martensitic,,20,,measured,1.0878541489484774,-4.8142510874735915,0,1,20.0,0.22360679774997896
Southampton D2015,Fig. 12 B,FV566 stainless steel,martensitic stainless steel,OLR_1.11,long_crack,1.11,12.27864,1.55935e-05,367.58,tempered_martensitic,,20,,measured,1.0891502663813475,-4.8070563953893135,0,1,20.0,0.22360679774997896
Southampton D2015,Fig. 12 B,FV566 stainless steel,martensitic stainless steel,OLR_1.11,long_crack,1.11,12.316,1.58346e-05,367.58,tempered_martensitic,,20,,measured,1.0904696802311604,-4.800392902925912,0,1,20.0,0.22360679774997896
Southampton D2015,Fig. 12 B,FV566 stainless steel,martensitic stainless steel,OLR_1.11,long_crack,1.11,12.35411,1.61312e-05,367.58,tempered_martensitic,,20,,measured,1.0918114639419638,-4.792333324241944,0,1,20.0,0.22360679774997896
Southampton D2015,Fig. 12 B,FV566 stainless steel,martensitic stainless steel,OLR_1.11,long_crack,1.11,12.39312,1.64104e-05,367.58,tempered_martensitic,,20,,measured,1.0931806548996308,-4.7848808329825205,0,1,20.0,0.22360679774997896
Southampton D2015,Fig. 12 B,FV566 stainless steel,martensitic stainless steel,OLR_1.11,long_crack,1.11,12.43298,1.6552e-05,367.58,tempered_martensitic,,20,,measured,1.0945752350329356,-4.7811495223423215,0,1,20.0,0.22360679774997896
Southampton D2015,Fig. 12 B,FV566 stainless steel,martensitic stainless steel,OLR_1.11,long_crack,1.11,12.47339,1.66535e-05,367.58,tempered_martensitic,,20,,measured,1.0959845014505878,-4.7784944786173575,0,1,20.0,0.22360679774997896
Southampton D2015,Fig. 12 B,FV566 stainless steel,martensitic stainless steel,OLR_1.11,long_crack,1.11,12.51423,1.67901e-05,367.58,tempered_martensitic,,20,,measured,1.0974041326466895,-4.774946717243794,0,1,20.0,0.22360679774997896
Southampton D2015,Fig. 12 B,FV566 stainless steel,martensitic stainless steel,OLR_1.11,long_crack,1.11,12.55561,1.69547e-05,367.58,tempered_martensitic,,20,,measured,1.0988378172638713,-4.7707098903151035,0,1,20.0,0.22360679774997896
Southampton D2015,Fig. 12 B,FV566 stainless steel,martensitic stainless steel,OLR_1.11,long_crack,1.11,12.5976,1.71055e-05,367.58,tempered_martensitic,,20,,measured,1.1002878144797466,-4.766864226707374,0,1,20.0,0.22360679774997896
Southampton D2015,Fig. 12 B,FV566 stainless steel,martensitic stainless steel,OLR_1.11,long_crack,1.11,12.64017,1.73009e-05,367.58,tempered_martensitic,,20,,measured,1.1017529148929994,-4.761931304104323,0,1,20.0,0.22360679774997896
Southampton D2015,Fig. 12 B,FV566 stainless steel,martensitic stainless steel,OLR_1.11,long_crack,1.11,12.68345,1.76076e-05,367.58,tempered_martensitic,,20,,measured,1.1032374011929627,-4.75429983641143,0,1,20.0,0.22360679774997896
Southampton D2015,Fig. 12 B,FV566 stainless steel,martensitic stainless steel,OLR_1.11,long_crack,1.11,12.72772,1.78755e-05,367.58,tempered_martensitic,,20,,measured,1.1047506126007733,-4.747741801599386,0,1,20.0,0.22360679774997896
Southampton D2015,Fig. 12 B,FV566 stainless steel,martensitic stainless steel,OLR_1.11,long_crack,1.11,12.7729,1.79585e-05,367.58,tempered_martensitic,,20,,measured,1.1062895120646266,-4.745729940994339,0,1,20.0,0.22360679774997896
Southampton D2015,Fig. 12 B,FV566 stainless steel,martensitic stainless steel,OLR_1.11,long_crack,1.11,12.81852,1.79445e-05,367.58,tempered_martensitic,,20,,measured,1.1078378853280855,-4.746068638209325,0,1,20.0,0.22360679774997896
Southampton D2015,Fig. 12 B,FV566 stainless steel,martensitic stainless steel,OLR_1.11,long_crack,1.11,12.86436,1.80309e-05,367.58,tempered_martensitic,,20,,measured,1.1093881849978033,-4.743982595225536,0,1,20.0,0.22360679774997896
Southampton D2015,Fig. 12 B,FV566 stainless steel,martensitic stainless steel,OLR_1.11,long_crack,1.11,12.91065,1.82711e-05,367.58,tempered_martensitic,,20,,measured,1.1109481078207961,-4.738235305436227,0,1,20.0,0.22360679774997896
Southampton D2015,Fig. 12 B,FV566 stainless steel,martensitic stainless steel,OLR_1.11,long_crack,1.11,12.95782,1.86082e-05,367.58,tempered_martensitic,,20,,measured,1.112531942768615,-4.730295634815239,0,1,20.0,0.22360679774997896
Southampton D2015,Fig. 12 B,FV566 stainless steel,martensitic stainless steel,OLR_1.11,long_crack,1.11,13.00612,1.90092e-05,367.58,tempered_martensitic,,20,,measured,1.11414775667614,-4.72103615998339,0,1,20.0,0.22360679774997896
Southampton D2015,Fig. 12 B,FV566 stainless steel,martensitic stainless steel,OLR_1.11,long_crack,1.11,13.05574,1.93258e-05,367.58,tempered_martensitic,,20,,measured,1.1158014926896855,-4.7138625192262325,0,1,20.0,0.22360679774997896
Southampton D2015,Fig. 12 B,FV566 stainless steel,martensitic stainless steel,OLR_1.11,long_crack,1.11,13.10648,1.94551e-05,367.58,tempered_martensitic,,20,,measured,1.1174860691240125,-4.710966532563319,0,1,20.0,0.22360679774997896
Southampton D2015,Fig. 12 B,FV566 stainless steel,martensitic stainless steel,OLR_1.11,long_crack,1.11,13.15785,1.95059e-05,367.58,tempered_martensitic,,20,,measured,1.11918493111546,-4.709834006592059,0,1,20.0,0.22360679774997896
Southampton D2015,Fig. 12 B,FV566 stainless steel,martensitic stainless steel,OLR_1.11,long_crack,1.11,13.20965,1.97392e-05,367.58,tempered_martensitic,,20,,measured,1.1208913107952714,-4.704670452609946,0,1,20.0,0.22360679774997896
Southampton D2015,Fig. 12 B,FV566 stainless steel,martensitic stainless steel,OLR_1.11,long_crack,1.11,13.26239,2.02301e-05,367.58,tempered_martensitic,,20,,measured,1.1226217948290107,-4.694001970450112,0,1,20.0,0.22360679774997896
Southampton D2015,Fig. 12 B,FV566 stainless steel,martensitic stainless steel,OLR_1.11,long_crack,1.11,13.31676,2.09267e-05,367.58,tempered_martensitic,,20,,measured,1.124398572785887,-4.679299251584157,0,1,20.0,0.22360679774997896
Southampton D2015,Fig. 12 B,FV566 stainless steel,martensitic stainless steel,OLR_1.11,long_crack,1.11,13.37336,2.15656e-05,367.58,tempered_martensitic,,20,,measured,1.1262405356188454,-4.666238454371069,0,1,20.0,0.22360679774997896
Southampton D2015,Fig. 12 B,FV566 stainless steel,martensitic stainless steel,OLR_1.11,long_crack,1.11,13.43207,2.19834e-05,367.58,tempered_martensitic,,20,,measured,1.1281429464217223,-4.657905137797632,0,1,20.0,0.22360679774997896
Southampton D2015,Fig. 12 B,FV566 stainless steel,martensitic stainless steel,OLR_1.11,long_crack,1.11,13.49231,2.22298e-05,367.58,tempered_martensitic,,20,,measured,1.1300863110038768,-4.653064444601374,0,1,20.0,0.22360679774997896
Southampton D2015,Fig. 12 B,FV566 stainless steel,martensitic stainless steel,OLR_1.11,long_crack,1.11,13.55363,2.25587e-05,367.58,tempered_martensitic,,20,,measured,1.1320556256782426,-4.646685931244275,0,1,20.0,0.22360679774997896
Southampton D2015,Fig. 12 B,FV566 stainless steel,martensitic stainless steel,OLR_1.11,long_crack,1.11,13.61629,2.3013e-05,367.58,tempered_martensitic,,20,,measured,1.1340587924510406,-4.63802676253434,0,1,20.0,0.22360679774997896
Southampton D2015,Fig. 12 B,FV566 stainless steel,martensitic stainless steel,OLR_1.11,long_crack,1.11,13.68067,2.36274e-05,367.58,tempered_martensitic,,20,,measured,1.1361073671339195,-4.626584066254992,0,1,20.0,0.22360679774997896
Southampton D2015,Fig. 12 B,FV566 stainless steel,martensitic stainless steel,OLR_1.11,long_crack,1.11,13.74723,2.39085e-05,367.58,tempered_martensitic,,20,,measured,1.1382151987549631,-4.621447670314919,0,1,20.0,0.22360679774997896
Southampton D2015,Fig. 12 B,FV566 stainless steel,martensitic stainless steel,OLR_1.11,long_crack,1.11,13.81509,2.42668e-05,367.58,tempered_martensitic,,20,,measured,1.1403537185233268,-4.6149874891797635,0,1,20.0,0.22360679774997896
Southampton D2015,Fig. 12 B,FV566 stainless steel,martensitic stainless steel,OLR_1.11,long_crack,1.11,13.88448,2.41738e-05,367.58,tempered_martensitic,,20,,measured,1.1425296192422378,-4.61665507531376,0,1,20.0,0.22360679774997896
Southampton D2015,Fig. 12 B,FV566 stainless steel,martensitic stainless steel,OLR_1.11,long_crack,1.11,13.95413,2.41754e-05,367.58,tempered_martensitic,,20,,measured,1.1447027646528467,-4.616626331459827,0,1,20.0,0.22360679774997896
Southampton D2015,Fig. 12 B,FV566 stainless steel,martensitic stainless steel,OLR_1.11,long_crack,1.11,14.02431,2.46066e-05,367.58,tempered_martensitic,,20,,measured,1.1468815030430546,-4.608948390492563,0,1,20.0,0.22360679774997896
Southampton D2015,Fig. 12 B,FV566 stainless steel,martensitic stainless steel,OLR_1.11,long_crack,1.11,14.16883,2.54129e-05,367.58,tempered_martensitic,,20,,measured,1.1513339895895494,-4.594945772488658,0,1,20.0,0.22360679774997896
Southampton D2015,Fig. 12 B,FV566 stainless steel,martensitic stainless steel,OLR_1.11,long_crack,1.11,14.24434,2.60071e-05,367.58,tempered_martensitic,,20,,measured,1.153642331357283,-4.584908072418296,0,1,20.0,0.22360679774997896
Southampton D2015,Fig. 12 B,FV566 stainless steel,martensitic stainless steel,OLR_1.11,long_crack,1.11,14.32225,2.64434e-05,367.58,tempered_martensitic,,20,,measured,1.1560112502221866,-4.577682705528822,0,1,20.0,0.22360679774997896
Southampton D2015,Fig. 12 B,FV566 stainless steel,martensitic stainless steel,OLR_1.11,long_crack,1.11,14.40213,2.66702e-05,367.58,tempered_martensitic,,20,,measured,1.1584267267367945,-4.573973727520821,0,1,20.0,0.22360679774997896
Southampton D2015,Fig. 12 B,FV566 stainless steel,martensitic stainless steel,OLR_1.11,long_crack,1.11,14.48338,2.6826e-05,367.58,tempered_martensitic,,20,,measured,1.1608699254005697,-4.571444079748325,0,1,20.0,0.22360679774997896
Southampton D2015,Fig. 12 B,FV566 stainless steel,martensitic stainless steel,OLR_1.11,long_crack,1.11,14.56581,2.71001e-05,367.58,tempered_martensitic,,20,,measured,1.1633346406114042,-4.5670291065658875,0,1,20.0,0.22360679774997896
Southampton D2015,Fig. 12 B,FV566 stainless steel,martensitic stainless steel,OLR_1.11,long_crack,1.11,14.64981,2.75252e-05,367.58,tempered_martensitic,,20,,measured,1.165831992165442,-4.560269516731113,0,1,20.0,0.22360679774997896
Southampton D2015,Fig. 12 B,FV566 stainless steel,martensitic stainless steel,OLR_1.11,long_crack,1.11,14.73588,2.79236e-05,367.58,tempered_martensitic,,20,,measured,1.1683760762383584,-4.55402859180291,0,1,20.0,0.22360679774997896
Southampton D2015,Fig. 12 B,FV566 stainless steel,martensitic stainless steel,OLR_1.11,long_crack,1.11,14.82399,2.83725e-05,367.58,tempered_martensitic,,20,,measured,1.1709651133436068,-4.547102395315556,0,1,20.0,0.22360679774997896
Southampton D2015,Fig. 12 B,FV566 stainless steel,martensitic stainless steel,OLR_1.11,long_crack,1.11,14.91434,2.89232e-05,367.58,tempered_martensitic,,20,,measured,1.1736040394144651,-4.538753659321483,0,1,20.0,0.22360679774997896
Southampton D2015,Fig. 12 B,FV566 stainless steel,martensitic stainless steel,OLR_1.11,long_crack,1.11,15.00731,2.95559e-05,367.58,tempered_martensitic,,20,,measured,1.1763028536788256,-4.529355811511081,0,1,20.0,0.22360679774997896
Southampton D2015,Fig. 12 B,FV566 stainless steel,martensitic stainless steel,OLR_1.11,long_crack,1.11,15.10323,3.03112e-05,367.58,tempered_martensitic,,20,,measured,1.17906983611214,-4.518396869865895,0,1,20.0,0.22360679774997896
Southampton D2015,Fig. 12 B,FV566 stainless steel,martensitic stainless steel,OLR_1.11,long_crack,1.11,15.20258,3.11052e-05,367.58,tempered_martensitic,,20,,measured,1.181917297463241,-4.507167001888676,0,1,20.0,0.22360679774997896
Southampton D2015,Fig. 12 B,FV566 stainless steel,martensitic stainless steel,OLR_1.11,long_crack,1.11,15.30558,3.20672e-05,367.58,tempered_martensitic,,20,,measured,1.1848497916940057,-4.493938959548871,0,1,20.0,0.22360679774997896
Southampton D2015,Fig. 12 B,FV566 stainless steel,martensitic stainless steel,OLR_1.11,long_crack,1.11,15.41288,3.29184e-05,367.58,tempered_martensitic,,20,,measured,1.187883797137848,-4.482561281845488,0,1,20.0,0.22360679774997896
Southampton D2015,Fig. 12 B,FV566 stainless steel,martensitic stainless steel,OLR_1.11,long_crack,1.11,15.52424,3.39271e-05,367.58,tempered_martensitic,,20,,measured,1.1910103481796732,-4.46945326112775,0,1,20.0,0.22360679774997896
Southampton D2015,Fig. 12 B,FV566 stainless steel,martensitic stainless steel,OLR_1.11,long_crack,1.11,15.64031,3.51156e-05,367.58,tempered_martensitic,,20,,measured,1.1942453567772273,-4.454499906645019,0,1,20.0,0.22360679774997896
Southampton D2015,Fig. 12 B,FV566 stainless steel,martensitic stainless steel,OLR_1.11,long_crack,1.11,15.76186,3.63451e-05,367.58,tempered_martensitic,,20,,measured,1.1976074656962024,-4.439554131886234,0,1,20.0,0.22360679774997896
Southampton D2015,Fig. 12 B,FV566 stainless steel,martensitic stainless steel,OLR_1.11,long_crack,1.11,15.8892,3.74253e-05,367.58,tempered_martensitic,,20,,measured,1.2011020316106624,-4.426834709680371,0,1,20.0,0.22360679774997896
Southampton D2015,Fig. 12 B,FV566 stainless steel,martensitic stainless steel,OLR_1.11,long_crack,1.11,16.02199,3.84378e-05,367.58,tempered_martensitic,,20,,measured,1.204716456339057,-4.4152414772782675,0,1,20.0,0.22360679774997896
Southampton D2015,Fig. 12 B,FV566 stainless steel,martensitic stainless steel,OLR_1.11,long_crack,1.11,16.16017,3.93372e-05,367.58,tempered_martensitic,,20,,measured,1.2084459251064874,-4.405196556156039,0,1,20.0,0.22360679774997896
Southampton D2015,Fig. 12 B,FV566 stainless steel,martensitic stainless steel,OLR_1.11,long_crack,1.11,16.30349,4.08013e-05,367.58,tempered_martensitic,,20,,measured,1.2122805814286648,-4.389325999316196,0,1,20.0,0.22360679774997896
Southampton D2015,Fig. 12 B,FV566 stainless steel,martensitic stainless steel,OLR_1.11,long_crack,1.11,16.60716,4.26557e-05,367.58,tempered_martensitic,,20,,measured,1.2202953698514847,-4.37002292667365,0,1,20.0,0.22360679774997896
Southampton D2015,Fig. 12 B,FV566 stainless steel,martensitic stainless steel,OLR_1.11,long_crack,1.11,16.7694,4.40215e-05,367.58,tempered_martensitic,,20,,measured,1.2245175240640027,-4.356335163267813,0,1,20.0,0.22360679774997896
Southampton D2015,Fig. 12 B,FV566 stainless steel,martensitic stainless steel,OLR_1.11,long_crack,1.11,16.93943,4.54419e-05,367.58,tempered_martensitic,,20,,measured,1.2288987925342665,-4.3425435183563525,0,1,20.0,0.22360679774997896
Southampton D2015,Fig. 12 B,FV566 stainless steel,martensitic stainless steel,OLR_1.11,long_crack,1.11,17.11778,4.71295e-05,367.58,tempered_martensitic,,20,,measured,1.23344744046577,-4.326707167674966,0,1,20.0,0.22360679774997896
Southampton D2015,Fig. 12 B,FV566 stainless steel,martensitic stainless steel,OLR_1.11,long_crack,1.11,17.30586,4.91919e-05,367.58,tempered_martensitic,,20,,measured,1.2381931860614708,-4.308106402820221,0,1,20.0,0.22360679774997896
Southampton D2015,Fig. 12 B,FV566 stainless steel,martensitic stainless steel,OLR_1.11,long_crack,1.11,17.50564,5.14836e-05,367.58,tempered_martensitic,,20,,measured,1.2431779930437825,-4.2883310925860085,0,1,20.0,0.22360679774997896
Southampton D2015,Fig. 12 B,FV566 stainless steel,martensitic stainless steel,OLR_1.11,long_crack,1.11,17.71861,5.38765e-05,367.58,tempered_martensitic,,20,,measured,1.2484296490968712,-4.268600625273825,0,1,20.0,0.22360679774997896
Southampton D2015,Fig. 12 B,FV566 stainless steel,martensitic stainless steel,OLR_1.11,long_crack,1.11,17.94586,5.63298e-05,367.58,tempered_martensitic,,20,,measured,1.2539642753917462,-4.249261790732527,0,1,20.0,0.22360679774997896
Southampton D2015,Fig. 12 B,FV566 stainless steel,martensitic stainless steel,OLR_1.11,long_crack,1.11,18.18838,5.89014e-05,367.58,tempered_martensitic,,20,,measured,1.2597940191079084,-4.229874382546535,0,1,20.0,0.22360679774997896
Southampton D2015,Fig. 12 B,FV566 stainless steel,martensitic stainless steel,OLR_1.11,long_crack,1.11,18.44752,6.15598e-05,367.58,tempered_martensitic,,20,,measured,1.2659379898604597,-4.2107027998060795,0,1,20.0,0.22360679774997896
Southampton D2015,Fig. 12 B,FV566 stainless steel,martensitic stainless steel,OLR_1.11,long_crack,1.11,18.72463,6.42131e-05,367.58,tempered_martensitic,,20,,measured,1.2724132447669163,-4.192376363249748,0,1,20.0,0.22360679774997896
Southampton D2015,Fig. 12 B,FV566 stainless steel,martensitic stainless steel,OLR_1.11,long_crack,1.11,19.02073,6.71573e-05,367.58,tempered_martensitic,,20,,measured,1.279227180786881,-4.172906772609516,0,1,20.0,0.22360679774997896
Southampton D2015,Fig. 12 B,FV566 stainless steel,martensitic stainless steel,OLR_1.11,long_crack,1.11,19.33841,7.06077e-05,367.58,tempered_martensitic,,20,,measured,1.286420763613943,-4.151147935135685,0,1,20.0,0.22360679774997896
Southampton D2015,Fig. 12 B,FV566 stainless steel,martensitic stainless steel,OLR_1.11,long_crack,1.11,19.68155,7.46684e-05,367.58,tempered_martensitic,,20,,measured,1.2940592978524055,-4.126863154666332,0,1,20.0,0.22360679774997896
Southampton D2015,Fig. 12 B,FV566 stainless steel,martensitic stainless steel,OLR_1.11,long_crack,1.11,20.05505,7.9434e-05,367.58,tempered_martensitic,,20,,measured,1.3022237490749344,-4.099993567449501,0,1,20.0,0.22360679774997896
Southampton D2015,Fig. 12 B,FV566 stainless steel,martensitic stainless steel,OLR_1.11,long_crack,1.11,20.46491,8.49753e-05,367.58,tempered_martensitic,,20,,measured,1.3110098390575493,-4.070707293492598,0,1,20.0,0.22360679774997896
Southampton D2015,Fig. 12 B,FV566 stainless steel,martensitic stainless steel,OLR_1.11,long_crack,1.11,20.91832,9.11333e-05,367.58,tempered_martensitic,,20,,measured,1.3205268023736612,-4.040322903337369,0,1,20.0,0.22360679774997896
Southampton D2015,Fig. 12 B,FV566 stainless steel,martensitic stainless steel,OLR_1.11,long_crack,1.11,21.42267,9.7705e-05,367.58,tempered_martensitic,,20,,measured,1.3308735978685167,-4.010083210929675,0,1,20.0,0.22360679774997896
Southampton D2015,Fig. 12 B,FV566 stainless steel,martensitic stainless steel,OLR_1.11,long_crack,1.11,21.98535,0.000105194,367.58,tempered_martensitic,,20,,measured,1.3421333838451377,-3.9780090305359224,0,1,20.0,0.22360679774997896
Southampton D2015,Fig. 12 B,FV566 stainless steel,martensitic stainless steel,OLR_1.11,long_crack,1.11,22.61812,0.000114282,367.58,tempered_martensitic,,20,,measured,1.3544565038804466,-3.942022167822342,0,1,20.0,0.22360679774997896
Southampton D2015,Fig. 12 B,FV566 stainless steel,martensitic stainless steel,OLR_1.56,long_crack,1.56,13.92401,3.96783e-06,367.58,tempered_martensitic,,20,,measured,1.1437643265156736,-5.401446943282856,0,1,20.0,0.22360679774997896
Southampton D2015,Fig. 12 B,FV566 stainless steel,martensitic stainless steel,OLR_1.56,long_crack,1.56,13.93338,3.97845e-06,367.58,tempered_martensitic,,20,,measured,1.1440564816277565,-5.400286095655069,0,1,20.0,0.22360679774997896
Southampton D2015,Fig. 12 B,FV566 stainless steel,martensitic stainless steel,OLR_1.56,long_crack,1.56,13.9428,3.99584e-06,367.58,tempered_martensitic,,20,,measured,1.14434999775337,-5.3983919099626405,0,1,20.0,0.22360679774997896
Southampton D2015,Fig. 12 B,FV566 stainless steel,martensitic stainless steel,OLR_1.56,long_crack,1.56,13.95226,4.05186e-06,367.58,tempered_martensitic,,20,,measured,1.1446445607302058,-5.3923455688097475,0,1,20.0,0.22360679774997896
Southampton D2015,Fig. 12 B,FV566 stainless steel,martensitic stainless steel,OLR_1.56,long_crack,1.56,13.96186,4.17854e-06,367.58,tempered_martensitic,,20,,measured,1.144943278883645,-5.378975436096753,0,1,20.0,0.22360679774997896
Southampton D2015,Fig. 12 B,FV566 stainless steel,martensitic stainless steel,OLR_1.56,long_crack,1.56,13.97178,4.35931e-06,367.58,tempered_martensitic,,20,,measured,1.1452517386075902,-5.360582246260519,0,1,20.0,0.22360679774997896
Southampton D2015,Fig. 12 B,FV566 stainless steel,martensitic stainless steel,OLR_1.56,long_crack,1.56,13.98213,4.55779e-06,367.58,tempered_martensitic,,20,,measured,1.1455733357003117,-5.3412456887963256,0,1,20.0,0.22360679774997896
Southampton D2015,Fig. 12 B,FV566 stainless steel,martensitic stainless steel,OLR_1.56,long_crack,1.56,13.99297,4.73418e-06,367.58,tempered_martensitic,,20,,measured,1.1459099030347948,-5.324755233622694,0,1,20.0,0.22360679774997896
Southampton D2015,Fig. 12 B,FV566 stainless steel,martensitic stainless steel,OLR_1.56,long_crack,1.56,14.00424,4.87324e-06,367.58,tempered_martensitic,,20,,measured,1.1462595449509296,-5.312182199718847,0,1,20.0,0.22360679774997896
Southampton D2015,Fig. 12 B,FV566 stainless steel,martensitic stainless steel,OLR_1.56,long_crack,1.56,14.01586,4.94778e-06,367.58,tempered_martensitic,,20,,measured,1.1466197508152207,-5.305589619251114,0,1,20.0,0.22360679774997896
Southampton D2015,Fig. 12 B,FV566 stainless steel,martensitic stainless steel,OLR_1.56,long_crack,1.56,14.02766,4.95053e-06,367.58,tempered_martensitic,,20,,measured,1.1469852309823967,-5.305348303338405,0,1,20.0,0.22360679774997896
Southampton D2015,Fig. 12 B,FV566 stainless steel,martensitic stainless steel,OLR_1.56,long_crack,1.56,14.03949,4.90048e-06,367.58,tempered_martensitic,,20,,measured,1.1473513318529986,-5.3097613789221745,0,1,20.0,0.22360679774997896
Southampton D2015,Fig. 12 B,FV566 stainless steel,martensitic stainless steel,OLR_1.56,long_crack,1.56,14.05122,4.84048e-06,367.58,tempered_martensitic,,20,,measured,1.147714033583843,-5.315111569964044,0,1,20.0,0.22360679774997896
Southampton D2015,Fig. 12 B,FV566 stainless steel,martensitic stainless steel,OLR_1.56,long_crack,1.56,14.06281,4.83775e-06,367.58,tempered_martensitic,,20,,measured,1.1480721091304937,-5.315356578393693,0,1,20.0,0.22360679774997896
Southampton D2015,Fig. 12 B,FV566 stainless steel,martensitic stainless steel,OLR_1.56,long_crack,1.56,14.07442,4.92977e-06,367.58,tempered_martensitic,,20,,measured,1.1484305068278542,-5.307173342398419,0,1,20.0,0.22360679774997896
Southampton D2015,Fig. 12 B,FV566 stainless steel,martensitic stainless steel,OLR_1.56,long_crack,1.56,14.08625,5.10872e-06,367.58,tempered_martensitic,,20,,measured,1.1487953918979281,-5.29168789958575,0,1,20.0,0.22360679774997896
Southampton D2015,Fig. 12 B,FV566 stainless steel,martensitic stainless steel,OLR_1.56,long_crack,1.56,14.09854,5.31958e-06,367.58,tempered_martensitic,,20,,measured,1.1491741408274665,-5.2741226554648994,0,1,20.0,0.22360679774997896
Southampton D2015,Fig. 12 B,FV566 stainless steel,martensitic stainless steel,OLR_1.56,long_crack,1.56,14.11134,5.5106e-06,367.58,tempered_martensitic,,20,,measured,1.1495682559211753,-5.258801112127762,0,1,20.0,0.22360679774997896
Southampton D2015,Fig. 12 B,FV566 stainless steel,martensitic stainless steel,OLR_1.56,long_crack,1.56,14.12463,5.6572e-06,367.58,tempered_martensitic,,20,,measured,1.149977080133038,-5.247398467297952,0,1,20.0,0.22360679774997896
Southampton D2015,Fig. 12 B,FV566 stainless steel,martensitic stainless steel,OLR_1.56,long_crack,1.56,14.13829,5.7664e-06,367.58,tempered_martensitic,,20,,measured,1.1503968855236157,-5.23909523503705,0,1,20.0,0.22360679774997896
Southampton D2015,Fig. 12 B,FV566 stainless steel,martensitic stainless steel,OLR_1.56,long_crack,1.56,14.15223,5.84751e-06,367.58,tempered_martensitic,,20,,measured,1.1508248780502783,-5.233029026818321,0,1,20.0,0.22360679774997896
Southampton D2015,Fig. 12 B,FV566 stainless steel,martensitic stainless steel,OLR_1.56,long_crack,1.56,14.16639,5.88684e-06,367.58,tempered_martensitic,,20,,measured,1.1512591937320642,-5.230117767833389,0,1,20.0,0.22360679774997896
Southampton D2015,Fig. 12 B,FV566 stainless steel,martensitic stainless steel,OLR_1.56,long_crack,1.56,14.18066,5.89982e-06,367.58,tempered_martensitic,,20,,measured,1.1516964443652176,-5.229161238222133,0,1,20.0,0.22360679774997896
Southampton D2015,Fig. 12 B,FV566 stainless steel,martensitic stainless steel,OLR_1.56,long_crack,1.56,14.19499,5.91796e-06,367.58,tempered_martensitic,,20,,measured,1.1521350909128554,-5.227827974599175,0,1,20.0,0.22360679774997896
Southampton D2015,Fig. 12 B,FV566 stainless steel,martensitic stainless steel,OLR_1.56,long_crack,1.56,14.20938,5.96215e-06,367.58,tempered_martensitic,,20,,measured,1.1525751287048742,-5.2245971018772215,0,1,20.0,0.22360679774997896
Southampton D2015,Fig. 12 B,FV566 stainless steel,martensitic stainless steel,OLR_1.56,long_crack,1.56,14.22391,6.02141e-06,367.58,tempered_martensitic,,20,,measured,1.1530189956911674,-5.220301800516597,0,1,20.0,0.22360679774997896
Southampton D2015,Fig. 12 B,FV566 stainless steel,martensitic stainless steel,OLR_1.56,long_crack,1.56,14.2386,6.08566e-06,367.58,tempered_martensitic,,20,,measured,1.1534672897106082,-5.215692314917153,0,1,20.0,0.22360679774997896
Southampton D2015,Fig. 12 B,FV566 stainless steel,martensitic stainless steel,OLR_1.56,long_crack,1.56,14.25347,6.17301e-06,367.58,tempered_martensitic,,20,,measured,1.1539206059864868,-5.209503019494692,0,1,20.0,0.22360679774997896
Southampton D2015,Fig. 12 B,FV566 stainless steel,martensitic stainless steel,OLR_1.56,long_crack,1.56,14.26857,6.28097e-06,367.58,tempered_martensitic,,20,,measured,1.154380450183425,-5.201973280925743,0,1,20.0,0.22360679774997896
Southampton D2015,Fig. 12 B,FV566 stainless steel,martensitic stainless steel,OLR_1.56,long_crack,1.56,14.28397,6.39527e-06,367.58,tempered_martensitic,,20,,measured,1.154848929391919,-5.194141115448844,0,1,20.0,0.22360679774997896
Southampton D2015,Fig. 12 B,FV566 stainless steel,martensitic stainless steel,OLR_1.56,long_crack,1.56,14.29967,6.51456e-06,367.58,tempered_martensitic,,20,,measured,1.1553260151690679,-5.186114911651333,0,1,20.0,0.22360679774997896
Southampton D2015,Fig. 12 B,FV566 stainless steel,martensitic stainless steel,OLR_1.56,long_crack,1.56,14.31569,6.6347e-06,367.58,tempered_martensitic,,20,,measured,1.1558122853629045,-5.17817870976867,0,1,20.0,0.22360679774997896
Southampton D2015,Fig. 12 B,FV566 stainless steel,martensitic stainless steel,OLR_1.56,long_crack,1.56,14.33203,6.7598e-06,367.58,tempered_martensitic,,20,,measured,1.1563077085661368,-5.1700661531976095,0,1,20.0,0.22360679774997896
Southampton D2015,Fig. 12 B,FV566 stainless steel,martensitic stainless steel,OLR_1.56,long_crack,1.56,14.34871,6.87941e-06,367.58,tempered_martensitic,,20,,measured,1.156812858208361,-5.1624488066382845,0,1,20.0,0.22360679774997896
Southampton D2015,Fig. 12 B,FV566 stainless steel,martensitic stainless steel,OLR_1.56,long_crack,1.56,14.36571,6.98471e-06,367.58,tempered_martensitic,,20,,measured,1.1573270951008323,-5.155851620761581,0,1,20.0,0.22360679774997896
Southampton D2015,Fig. 12 B,FV566 stainless steel,martensitic stainless steel,OLR_1.56,long_crack,1.56,14.38301,7.06937e-06,367.58,tempered_martensitic,,20,,measured,1.1578497824026555,-5.150619287435727,0,1,20.0,0.22360679774997896
Southampton D2015,Fig. 12 B,FV566 stainless steel,martensitic stainless steel,OLR_1.56,long_crack,1.56,14.40054,7.14323e-06,367.58,tempered_martensitic,,20,,measured,1.1583787778329653,-5.146105366097953,0,1,20.0,0.22360679774997896
Southampton D2015,Fig. 12 B,FV566 stainless steel,martensitic stainless steel,OLR_1.56,long_crack,1.56,14.41829,7.22243e-06,367.58,tempered_martensitic,,20,,measured,1.1589137563888998,-5.14131665865802,0,1,20.0,0.22360679774997896
Southampton D2015,Fig. 12 B,FV566 stainless steel,martensitic stainless steel,OLR_1.56,long_crack,1.56,14.43627,7.31144e-06,367.58,tempered_martensitic,,20,,measured,1.1594549960262588,-5.1359970796133165,0,1,20.0,0.22360679774997896
Southampton D2015,Fig. 12 B,FV566 stainless steel,martensitic stainless steel,OLR_1.56,long_crack,1.56,14.45451,7.41857e-06,367.58,tempered_martensitic,,20,,measured,1.160003373910304,-5.129679801049958,0,1,20.0,0.22360679774997896
Southampton D2015,Fig. 12 B,FV566 stainless steel,martensitic stainless steel,OLR_1.56,long_crack,1.56,14.47305,7.54595e-06,367.58,tempered_martensitic,,20,,measured,1.160560062465921,-5.122286076791535,0,1,20.0,0.22360679774997896
Southampton D2015,Fig. 12 B,FV566 stainless steel,martensitic stainless steel,OLR_1.56,long_crack,1.56,14.49194,7.67151e-06,367.58,tempered_martensitic,,20,,measured,1.1611265272861222,-5.11511914450947,0,1,20.0,0.22360679774997896
Southampton D2015,Fig. 12 B,FV566 stainless steel,martensitic stainless steel,OLR_1.56,long_crack,1.56,14.51119,7.7917e-06,367.58,tempered_martensitic,,20,,measured,1.1617030285123182,-5.108367777234774,0,1,20.0,0.22360679774997896
Southampton D2015,Fig. 12 B,FV566 stainless steel,martensitic stainless steel,OLR_1.56,long_crack,1.56,14.53078,7.89178e-06,367.58,tempered_martensitic,,20,,measured,1.1622889274847954,-5.1028250301250875,0,1,20.0,0.22360679774997896
Southampton D2015,Fig. 12 B,FV566 stainless steel,martensitic stainless steel,OLR_1.56,long_crack,1.56,14.55065,7.9389e-06,367.58,tempered_martensitic,,20,,measured,1.1628823943602729,-5.1002396684828355,0,1,20.0,0.22360679774997896
Southampton D2015,Fig. 12 B,FV566 stainless steel,martensitic stainless steel,OLR_1.56,long_crack,1.56,14.57069,7.9345e-06,367.58,tempered_martensitic,,20,,measured,1.1634801184204415,-5.100480435523207,0,1,20.0,0.22360679774997896
Southampton D2015,Fig. 12 B,FV566 stainless steel,martensitic stainless steel,OLR_1.56,long_crack,1.56,14.59076,7.90924e-06,367.58,tempered_martensitic,,20,,measured,1.1640779139092128,-5.101865245916189,0,1,20.0,0.22360679774997896
Southampton D2015,Fig. 12 B,FV566 stainless steel,martensitic stainless steel,OLR_1.56,long_crack,1.56,14.6108,7.90292e-06,367.58,tempered_martensitic,,20,,measured,1.1646739959530237,-5.102212414332369,0,1,20.0,0.22360679774997896
Southampton D2015,Fig. 12 B,FV566 stainless steel,martensitic stainless steel,OLR_1.56,long_crack,1.56,14.63087,7.93232e-06,367.58,tempered_martensitic,,20,,measured,1.1652701514817931,-5.1005997741148725,0,1,20.0,0.22360679774997896
Southampton D2015,Fig. 12 B,FV566 stainless steel,martensitic stainless steel,OLR_1.56,long_crack,1.56,14.65106,7.99767e-06,367.58,tempered_martensitic,,20,,measured,1.1658690469083701,-5.097036519699342,0,1,20.0,0.22360679774997896
Southampton D2015,Fig. 12 B,FV566 stainless steel,martensitic stainless steel,OLR_1.56,long_crack,1.56,14.67145,8.08173e-06,367.58,tempered_martensitic,,20,,measured,1.1664730378977703,-5.092495662860067,0,1,20.0,0.22360679774997896
Southampton D2015,Fig. 12 B,FV566 stainless steel,martensitic stainless steel,OLR_1.56,long_crack,1.56,14.69211,8.16455e-06,367.58,tempered_martensitic,,20,,measured,1.1670841712533115,-5.08806774698396,0,1,20.0,0.22360679774997896
Southampton D2015,Fig. 12 B,FV566 stainless steel,martensitic stainless steel,OLR_1.56,long_crack,1.56,14.71301,8.24647e-06,367.58,tempered_martensitic,,20,,measured,1.1677015301486497,-5.08373191661329,0,1,20.0,0.22360679774997896
Southampton D2015,Fig. 12 B,FV566 stainless steel,martensitic stainless steel,OLR_1.56,long_crack,1.56,14.73418,8.32895e-06,367.58,tempered_martensitic,,20,,measured,1.16832597110657,-5.079409745045612,0,1,20.0,0.22360679774997896
Southampton D2015,Fig. 12 B,FV566 stainless steel,martensitic stainless steel,OLR_1.56,long_crack,1.56,14.7556,8.38855e-06,367.58,tempered_martensitic,,20,,measured,1.1689568737066132,-5.076313102511139,0,1,20.0,0.22360679774997896
Southampton D2015,Fig. 12 B,FV566 stainless steel,martensitic stainless steel,OLR_1.56,long_crack,1.56,14.77722,8.40115e-06,367.58,tempered_martensitic,,20,,measured,1.1695927390507344,-5.075661261025077,0,1,20.0,0.22360679774997896
Southampton D2015,Fig. 12 B,FV566 stainless steel,martensitic stainless steel,OLR_1.56,long_crack,1.56,14.79892,8.37694e-06,367.58,tempered_martensitic,,20,,measured,1.17023002247909,-5.076914595189359,0,1,20.0,0.22360679774997896
Southampton D2015,Fig. 12 B,FV566 stainless steel,martensitic stainless steel,OLR_1.56,long_crack,1.56,14.8206,8.35607e-06,367.58,tempered_martensitic,,20,,measured,1.1708657860599392,-5.077997930529164,0,1,20.0,0.22360679774997896
Southampton D2015,Fig. 12 B,FV566 stainless steel,martensitic stainless steel,OLR_1.56,long_crack,1.56,14.84228,8.37995e-06,367.58,tempered_martensitic,,20,,measured,1.171500620306931,-5.076758572633313,0,1,20.0,0.22360679774997896
Southampton D2015,Fig. 12 B,FV566 stainless steel,martensitic stainless steel,OLR_1.56,long_crack,1.56,14.86407,8.4634e-06,367.58,tempered_martensitic,,20,,measured,1.1721377418959438,-5.072455132870978,0,1,20.0,0.22360679774997896
Southampton D2015,Fig. 12 B,FV566 stainless steel,martensitic stainless steel,OLR_1.56,long_crack,1.56,14.88613,8.56803e-06,367.58,tempered_martensitic,,20,,measured,1.1727818073493985,-5.067119021539921,0,1,20.0,0.22360679774997896
Southampton D2015,Fig. 12 B,FV566 stainless steel,martensitic stainless steel,OLR_1.56,long_crack,1.56,14.9085,8.676e-06,367.58,tempered_martensitic,,20,,measured,1.1734339496573036,-5.061680456657844,0,1,20.0,0.22360679774997896
Southampton D2015,Fig. 12 B,FV566 stainless steel,martensitic stainless steel,OLR_1.56,long_crack,1.56,14.93121,8.7812e-06,367.58,tempered_martensitic,,20,,measured,1.174095003641292,-5.056446131273009,0,1,20.0,0.22360679774997896
Southampton D2015,Fig. 12 B,FV566 stainless steel,martensitic stainless steel,OLR_1.56,long_crack,1.56,14.95425,8.88338e-06,367.58,tempered_martensitic,,20,,measured,1.1747646367568907,-5.051421759891114,0,1,20.0,0.22360679774997896
Southampton D2015,Fig. 12 B,FV566 stainless steel,martensitic stainless steel,OLR_1.56,long_crack,1.56,14.97761,8.96629e-06,367.58,tempered_martensitic,,20,,measured,1.1754425178613064,-5.047387218697644,0,1,20.0,0.22360679774997896
Southampton D2015,Fig. 12 B,FV566 stainless steel,martensitic stainless steel,OLR_1.56,long_crack,1.56,15.00125,9.01067e-06,367.58,tempered_martensitic,,20,,measured,1.1761274487546234,-5.045242915293455,0,1,20.0,0.22360679774997896
Southampton D2015,Fig. 12 B,FV566 stainless steel,martensitic stainless steel,OLR_1.56,long_crack,1.56,15.02505,9.01786e-06,367.58,tempered_martensitic,,20,,measured,1.1768159259119129,-5.044896511289309,0,1,20.0,0.22360679774997896
Southampton D2015,Fig. 12 B,FV566 stainless steel,martensitic stainless steel,OLR_1.56,long_crack,1.56,15.04894,9.01935e-06,367.58,tempered_martensitic,,20,,measured,1.1775059106698411,-5.044824759751293,0,1,20.0,0.22360679774997896
Southampton D2015,Fig. 12 B,FV566 stainless steel,martensitic stainless steel,OLR_1.56,long_crack,1.56,15.07288,9.07497e-06,367.58,tempered_martensitic,,20,,measured,1.1781962416050837,-5.0421548019784606,0,1,20.0,0.22360679774997896
Southampton D2015,Fig. 12 B,FV566 stainless steel,martensitic stainless steel,OLR_1.56,long_crack,1.56,15.09703,9.18741e-06,367.58,tempered_martensitic,,20,,measured,1.1788915180562272,-5.036806902241878,0,1,20.0,0.22360679774997896
Southampton D2015,Fig. 12 B,FV566 stainless steel,martensitic stainless steel,OLR_1.56,long_crack,1.56,15.12154,9.32335e-06,367.58,tempered_martensitic,,20,,measured,1.1795960226099296,-5.030428011991157,0,1,20.0,0.22360679774997896
Southampton D2015,Fig. 12 B,FV566 stainless steel,martensitic stainless steel,OLR_1.56,long_crack,1.56,15.14647,9.46603e-06,367.58,tempered_martensitic,,20,,measured,1.180311428999853,-5.0238321234879475,0,1,20.0,0.22360679774997896
Southampton D2015,Fig. 12 B,FV566 stainless steel,martensitic stainless steel,OLR_1.56,long_crack,1.56,15.17185,9.61696e-06,367.58,tempered_martensitic,,20,,measured,1.1810385402992531,-5.016962190319231,0,1,20.0,0.22360679774997896
Southampton D2015,Fig. 12 B,FV566 stainless steel,martensitic stainless steel,OLR_1.56,long_crack,1.56,15.1977,9.7844e-06,367.58,tempered_martensitic,,20,,measured,1.1817778673599728,-5.009465801041088,0,1,20.0,0.22360679774997896
Southampton D2015,Fig. 12 B,FV566 stainless steel,martensitic stainless steel,OLR_1.56,long_crack,1.56,15.22406,9.95012e-06,367.58,tempered_martensitic,,20,,measured,1.1825304868933602,-5.002171681563464,0,1,20.0,0.22360679774997896
Southampton D2015,Fig. 12 B,FV566 stainless steel,martensitic stainless steel,OLR_1.56,long_crack,1.56,15.25094,1.01082e-05,367.58,tempered_martensitic,,20,,measured,1.1832966124848887,-4.995326173752807,0,1,20.0,0.22360679774997896
Southampton D2015,Fig. 12 B,FV566 stainless steel,martensitic stainless steel,OLR_1.56,long_crack,1.56,15.27833,1.02311e-05,367.58,tempered_martensitic,,20,,measured,1.184075886214717,-4.990077670466936,0,1,20.0,0.22360679774997896
Southampton D2015,Fig. 12 B,FV566 stainless steel,martensitic stainless steel,OLR_1.56,long_crack,1.56,15.30612,1.03003e-05,367.58,tempered_martensitic,,20,,measured,1.1848651138760637,-4.987150126125196,0,1,20.0,0.22360679774997896
Southampton D2015,Fig. 12 B,FV566 stainless steel,martensitic stainless steel,OLR_1.56,long_crack,1.56,15.33417,1.03469e-05,367.58,tempered_martensitic,,20,,measured,1.185660273688226,-4.985189748231789,0,1,20.0,0.22360679774997896
Southampton D2015,Fig. 12 B,FV566 stainless steel,martensitic stainless steel,OLR_1.56,long_crack,1.56,15.36243,1.04132e-05,367.58,tempered_martensitic,,20,,measured,1.1864599170054628,-4.982415790298808,0,1,20.0,0.22360679774997896
Southampton D2015,Fig. 12 B,FV566 stainless steel,martensitic stainless steel,OLR_1.56,long_crack,1.56,15.39095,1.05057e-05,367.58,tempered_martensitic,,20,,measured,1.1872654273054482,-4.97857500503727,0,1,20.0,0.22360679774997896
Southampton D2015,Fig. 12 B,FV566 stainless steel,martensitic stainless steel,OLR_1.56,long_crack,1.56,15.41981,1.05943e-05,367.58,tempered_martensitic,,20,,measured,1.1880790224529452,-4.974927733259977,0,1,20.0,0.22360679774997896
Southampton D2015,Fig. 12 B,FV566 stainless steel,martensitic stainless steel,OLR_1.56,long_crack,1.56,15.44899,1.06686e-05,367.58,tempered_martensitic,,20,,measured,1.1889000920608737,-4.971892567657676,0,1,20.0,0.22360679774997896
Southampton D2015,Fig. 12 B,FV566 stainless steel,martensitic stainless steel,OLR_1.56,long_crack,1.56,15.47846,1.07475e-05,367.58,tempered_martensitic,,20,,measured,1.1897277491910474,-4.9686925462109555,0,1,20.0,0.22360679774997896
Southampton D2015,Fig. 12 B,FV566 stainless steel,martensitic stainless steel,OLR_1.56,long_crack,1.56,15.50823,1.08309e-05,367.58,tempered_martensitic,,20,,measured,1.1905622333327301,-4.965335453920046,0,1,20.0,0.22360679774997896
Southampton D2015,Fig. 12 B,FV566 stainless steel,martensitic stainless steel,OLR_1.56,long_crack,1.56,15.53833,1.09074e-05,367.58,tempered_martensitic,,20,,measured,1.1914043406709383,-4.962278759972797,0,1,20.0,0.22360679774997896
Southampton D2015,Fig. 12 B,FV566 stainless steel,martensitic stainless steel,OLR_1.56,long_crack,1.56,15.56872,1.09782e-05,367.58,tempered_martensitic,,20,,measured,1.192252908021681,-4.959468861538993,0,1,20.0,0.22360679774997896
Southampton D2015,Fig. 12 B,FV566 stainless steel,martensitic stainless steel,OLR_1.56,long_crack,1.56,15.5994,1.10449e-05,367.58,tempered_martensitic,,20,,measured,1.1931078943993103,-4.956838211856358,0,1,20.0,0.22360679774997896
Southampton D2015,Fig. 12 B,FV566 stainless steel,martensitic stainless steel,OLR_1.56,long_crack,1.56,15.63037,1.11182e-05,367.58,tempered_martensitic,,20,,measured,1.1939692587009774,-4.953965517910776,0,1,20.0,0.22360679774997896
Southampton D2015,Fig. 12 B,FV566 stainless steel,martensitic stainless steel,OLR_1.56,long_crack,1.56,15.66163,1.1234e-05,367.58,tempered_martensitic,,20,,measured,1.1948369597121238,-4.949465580459877,0,1,20.0,0.22360679774997896
Southampton D2015,Fig. 12 B,FV566 stainless steel,martensitic stainless steel,OLR_1.56,long_crack,1.56,15.69331,1.13972e-05,367.58,tempered_martensitic,,20,,measured,1.1957145537287879,-4.943201830585469,0,1,20.0,0.22360679774997896
Southampton D2015,Fig. 12 B,FV566 stainless steel,martensitic stainless steel,OLR_1.56,long_crack,1.56,15.72555,1.16183e-05,367.58,tempered_martensitic,,20,,measured,1.1966058438017522,-4.934857413652315,0,1,20.0,0.22360679774997896
Southampton D2015,Fig. 12 B,FV566 stainless steel,martensitic stainless steel,OLR_1.56,long_crack,1.56,15.75852,1.18818e-05,367.58,tempered_martensitic,,20,,measured,1.1975154272388624,-4.925117762145109,0,1,20.0,0.22360679774997896
Southampton D2015,Fig. 12 B,FV566 stainless steel,martensitic stainless steel,OLR_1.56,long_crack,1.56,15.79235,1.20961e-05,367.58,tempered_martensitic,,20,,measured,1.1984467605398637,-4.917354631460207,0,1,20.0,0.22360679774997896
Southampton D2015,Fig. 12 B,FV566 stainless steel,martensitic stainless steel,OLR_1.56,long_crack,1.56,15.8269,1.22222e-05,367.58,tempered_martensitic,,20,,measured,1.1993958583408264,-4.912850613908148,0,1,20.0,0.22360679774997896
Southampton D2015,Fig. 12 B,FV566 stainless steel,martensitic stainless steel,OLR_1.56,long_crack,1.56,15.86192,1.22949e-05,367.58,tempered_martensitic,,20,,measured,1.20035575517181,-4.9102749992249635,0,1,20.0,0.22360679774997896
Southampton D2015,Fig. 12 B,FV566 stainless steel,martensitic stainless steel,OLR_1.56,long_crack,1.56,15.89728,1.23656e-05,367.58,tempered_martensitic,,20,,measured,1.2013228235630498,-4.907784806082528,0,1,20.0,0.22360679774997896
Southampton D2015,Fig. 12 B,FV566 stainless steel,martensitic stainless steel,OLR_1.56,long_crack,1.56,15.93295,1.24478e-05,367.58,tempered_martensitic,,20,,measured,1.2022961932593565,-4.904907398149547,0,1,20.0,0.22360679774997896
Southampton D2015,Fig. 12 B,FV566 stainless steel,martensitic stainless steel,OLR_1.56,long_crack,1.56,15.96899,1.25606e-05,367.58,tempered_martensitic,,20,,measured,1.2032774489313565,-4.900989614542662,0,1,20.0,0.22360679774997896
Southampton D2015,Fig. 12 B,FV566 stainless steel,martensitic stainless steel,OLR_1.56,long_crack,1.56,16.00548,1.27185e-05,367.58,tempered_martensitic,,20,,measured,1.2042687030490629,-4.8955641056794565,0,1,20.0,0.22360679774997896
Southampton D2015,Fig. 12 B,FV566 stainless steel,martensitic stainless steel,OLR_1.56,long_crack,1.56,16.04256,1.29074e-05,367.58,tempered_martensitic,,20,,measured,1.205273672249978,-4.889161230961462,0,1,20.0,0.22360679774997896
Southampton D2015,Fig. 12 B,FV566 stainless steel,martensitic stainless steel,OLR_1.56,long_crack,1.56,16.08032,1.30994e-05,367.58,tempered_martensitic,,20,,measured,1.2062946870026936,-4.882748596150093,0,1,20.0,0.22360679774997896
Southampton D2015,Fig. 12 B,FV566 stainless steel,martensitic stainless steel,OLR_1.56,long_crack,1.56,16.11878,1.32736e-05,367.58,tempered_martensitic,,20,,measured,1.20733216778429,-4.877011273963091,0,1,20.0,0.22360679774997896
Southampton D2015,Fig. 12 B,FV566 stainless steel,martensitic stainless steel,OLR_1.56,long_crack,1.56,16.1579,1.34013e-05,367.58,tempered_martensitic,,20,,measured,1.208384915988335,-4.872853070632075,0,1,20.0,0.22360679774997896
Southampton D2015,Fig. 12 B,FV566 stainless steel,martensitic stainless steel,OLR_1.56,long_crack,1.56,16.19754,1.34625e-05,367.58,tempered_martensitic,,20,,measured,1.209449061113603,-4.870874283693962,0,1,20.0,0.22360679774997896
Southampton D2015,Fig. 12 B,FV566 stainless steel,martensitic stainless steel,OLR_1.56,long_crack,1.56,16.23751,1.34761e-05,367.58,tempered_martensitic,,20,,measured,1.2105194315448862,-4.870435774977422,0,1,20.0,0.22360679774997896
Southampton D2015,Fig. 12 B,FV566 stainless steel,martensitic stainless steel,OLR_1.56,long_crack,1.56,16.27767,1.34887e-05,367.58,tempered_martensitic,,20,,measured,1.211592239707854,-4.870029904296368,0,1,20.0,0.22360679774997896
Southampton D2015,Fig. 12 B,FV566 stainless steel,martensitic stainless steel,OLR_1.56,long_crack,1.56,16.31801,1.3584e-05,367.58,tempered_martensitic,,20,,measured,1.2126671949377725,-4.866972327100123,0,1,20.0,0.22360679774997896
Southampton D2015,Fig. 12 B,FV566 stainless steel,martensitic stainless steel,OLR_1.56,long_crack,1.56,16.3588,1.37842e-05,367.58,tempered_martensitic,,20,,measured,1.2137514428259872,-4.860618434176812,0,1,20.0,0.22360679774997896
Southampton D2015,Fig. 12 B,FV566 stainless steel,martensitic stainless steel,OLR_1.56,long_crack,1.56,16.40035,1.40389e-05,367.58,tempered_martensitic,,20,,measured,1.2148531164285945,-4.852666919460154,0,1,20.0,0.22360679774997896
Southampton D2015,Fig. 12 B,FV566 stainless steel,martensitic stainless steel,OLR_1.56,long_crack,1.56,16.44283,1.43243e-05,367.58,tempered_martensitic,,20,,measured,1.2159765667083267,-4.843926591948028,0,1,20.0,0.22360679774997896
Southampton D2015,Fig. 12 B,FV566 stainless steel,martensitic stainless steel,OLR_1.56,long_crack,1.56,16.48635,1.46266e-05,367.58,tempered_martensitic,,20,,measured,1.2171245155401458,-4.834856615285866,0,1,20.0,0.22360679774997896
Southampton D2015,Fig. 12 B,FV566 stainless steel,martensitic stainless steel,OLR_1.56,long_crack,1.56,16.53097,1.49027e-05,367.58,tempered_martensitic,,20,,measured,1.2182983377388852,-4.826735041059395,0,1,20.0,0.22360679774997896
Southampton D2015,Fig. 12 B,FV566 stainless steel,martensitic stainless steel,OLR_1.56,long_crack,1.56,16.57662,1.51122e-05,367.58,tempered_martensitic,,20,,measured,1.2194959818841078,-4.820672307447153,0,1,20.0,0.22360679774997896
Southampton D2015,Fig. 12 B,FV566 stainless steel,martensitic stainless steel,OLR_1.56,long_crack,1.56,16.62311,1.52429e-05,367.58,tempered_martensitic,,20,,measured,1.2207122787431859,-4.8169323995198585,0,1,20.0,0.22360679774997896
Southampton D2015,Fig. 12 B,FV566 stainless steel,martensitic stainless steel,OLR_1.56,long_crack,1.56,16.6702,1.53282e-05,367.58,tempered_martensitic,,20,,measured,1.2219408102884335,-4.814508841620847,0,1,20.0,0.22360679774997896
Southampton D2015,Fig. 12 B,FV566 stainless steel,martensitic stainless steel,OLR_1.56,long_crack,1.56,16.71777,1.5399e-05,367.58,tempered_martensitic,,20,,measured,1.2231783459926622,-4.8125074810195745,0,1,20.0,0.22360679774997896
Southampton D2015,Fig. 12 B,FV566 stainless steel,martensitic stainless steel,OLR_1.56,long_crack,1.56,16.76576,1.5485e-05,367.58,tempered_martensitic,,20,,measured,1.2244232449897214,-4.810088790307194,0,1,20.0,0.22360679774997896
Southampton D2015,Fig. 12 B,FV566 stainless steel,martensitic stainless steel,OLR_1.56,long_crack,1.56,16.81423,1.56351e-05,367.58,tempered_martensitic,,20,,measured,1.2256769837881536,-4.805899336722979,0,1,20.0,0.22360679774997896
Southampton D2015,Fig. 12 B,FV566 stainless steel,martensitic stainless steel,OLR_1.56,long_crack,1.56,16.86339,1.58629e-05,367.58,tempered_martensitic,,20,,measured,1.226944884067001,-4.7996174135590195,0,1,20.0,0.22360679774997896
Southampton D2015,Fig. 12 B,FV566 stainless steel,martensitic stainless steel,OLR_1.56,long_crack,1.56,16.9135,1.61523e-05,367.58,tempered_martensitic,,20,,measured,1.2282334877516043,-4.791765627748504,0,1,20.0,0.22360679774997896
Southampton D2015,Fig. 12 B,FV566 stainless steel,martensitic stainless steel,OLR_1.56,long_crack,1.56,16.96475,1.64891e-05,367.58,tempered_martensitic,,20,,measured,1.2295474640742419,-4.782803048157818,0,1,20.0,0.22360679774997896
Southampton D2015,Fig. 12 B,FV566 stainless steel,martensitic stainless steel,OLR_1.56,long_crack,1.56,17.01731,1.68472e-05,367.58,tempered_martensitic,,20,,measured,1.2308909103615657,-4.7734722684184705,0,1,20.0,0.22360679774997896
Southampton D2015,Fig. 12 B,FV566 stainless steel,martensitic stainless steel,OLR_1.56,long_crack,1.56,17.07128,1.72172e-05,367.58,tempered_martensitic,,20,,measured,1.2322660856194678,-4.764037475613132,0,1,20.0,0.22360679774997896
Southampton D2015,Fig. 12 B,FV566 stainless steel,martensitic stainless steel,OLR_1.56,long_crack,1.56,17.1267,1.75947e-05,367.58,tempered_martensitic,,20,,measured,1.233673690469636,-4.754618133742419,0,1,20.0,0.22360679774997896
Southampton D2015,Fig. 12 B,FV566 stainless steel,martensitic stainless steel,OLR_1.56,long_crack,1.56,17.18363,1.79636e-05,367.58,tempered_martensitic,,20,,measured,1.2351149128388121,-4.7456066240461325,0,1,20.0,0.22360679774997896
Southampton D2015,Fig. 12 B,FV566 stainless steel,martensitic stainless steel,OLR_1.56,long_crack,1.56,17.24205,1.8315e-05,367.58,tempered_martensitic,,20,,measured,1.236588900163828,-4.737193076999437,0,1,20.0,0.22360679774997896
Southampton D2015,Fig. 12 B,FV566 stainless steel,martensitic stainless steel,OLR_1.56,long_crack,1.56,17.30192,1.86276e-05,367.58,tempered_martensitic,,20,,measured,1.2380942996107311,-4.729843096467131,0,1,20.0,0.22360679774997896
Southampton D2015,Fig. 12 B,FV566 stainless steel,martensitic stainless steel,OLR_1.56,long_crack,1.56,17.36315,1.89028e-05,367.58,tempered_martensitic,,20,,measured,1.239628517126049,-4.72347386066896,0,1,20.0,0.22360679774997896
Southampton D2015,Fig. 12 B,FV566 stainless steel,martensitic stainless steel,OLR_1.56,long_crack,1.56,17.42562,1.91588e-05,367.58,tempered_martensitic,,20,,measured,1.241188239153896,-4.717631696181222,0,1,20.0,0.22360679774997896
Southampton D2015,Fig. 12 B,FV566 stainless steel,martensitic stainless steel,OLR_1.56,long_crack,1.56,17.4893,1.94203e-05,367.58,tempered_martensitic,,20,,measured,1.2427724274191514,-4.7117440655022556,0,1,20.0,0.22360679774997896
Southampton D2015,Fig. 12 B,FV566 stainless steel,martensitic stainless steel,OLR_1.56,long_crack,1.56,17.5542,1.96956e-05,367.58,tempered_martensitic,,20,,measured,1.2443810420894779,-4.705630784455243,0,1,20.0,0.22360679774997896
Southampton D2015,Fig. 12 B,FV566 stainless steel,martensitic stainless steel,OLR_1.56,long_crack,1.56,17.62041,1.99831e-05,367.58,tempered_martensitic,,20,,measured,1.246016009562179,-4.699337138309185,0,1,20.0,0.22360679774997896
Southampton D2015,Fig. 12 B,FV566 stainless steel,martensitic stainless steel,OLR_1.56,long_crack,1.56,17.68798,2.02699e-05,367.58,tempered_martensitic,,20,,measured,1.2476782385092289,-4.693148393860287,0,1,20.0,0.22360679774997896
Southampton D2015,Fig. 12 B,FV566 stainless steel,martensitic stainless steel,OLR_1.56,long_crack,1.56,17.75693,2.05567e-05,367.58,tempered_martensitic,,20,,measured,1.2493678826526775,-4.687046602070673,0,1,20.0,0.22360679774997896
Southampton D2015,Fig. 12 B,FV566 stainless steel,martensitic stainless steel,OLR_1.56,long_crack,1.56,17.82728,2.08498e-05,367.58,tempered_martensitic,,20,,measured,1.2510850856821825,-4.6808981066045146,0,1,20.0,0.22360679774997896
Southampton D2015,Fig. 12 B,FV566 stainless steel,martensitic stainless steel,OLR_1.56,long_crack,1.56,17.89907,2.11816e-05,367.58,tempered_martensitic,,20,,measured,1.252830466490466,-4.6740412375748015,0,1,20.0,0.22360679774997896
Southampton D2015,Fig. 12 B,FV566 stainless steel,martensitic stainless steel,OLR_1.56,long_crack,1.56,17.97247,2.15706e-05,367.58,tempered_martensitic,,20,,measured,1.2546077673512965,-4.66613777455137,0,1,20.0,0.22360679774997896
Southampton D2015,Fig. 12 B,FV566 stainless steel,martensitic stainless steel,OLR_1.56,long_crack,1.56,18.04769,2.19946e-05,367.58,tempered_martensitic,,20,,measured,1.2564216226154354,-4.657683931817257,0,1,20.0,0.22360679774997896
Southampton D2015,Fig. 12 B,FV566 stainless steel,martensitic stainless steel,OLR_1.56,long_crack,1.56,18.1249,2.24482e-05,367.58,tempered_martensitic,,20,,measured,1.258275619128935,-4.648818476995087,0,1,20.0,0.22360679774997896
Southampton D2015,Fig. 12 B,FV566 stainless steel,martensitic stainless steel,OLR_1.56,long_crack,1.56,18.20422,2.29218e-05,367.58,tempered_martensitic,,20,,measured,1.2601720753626282,-4.639751281147369,0,1,20.0,0.22360679774997896
Southampton D2015,Fig. 12 B,FV566 stainless steel,martensitic stainless steel,OLR_1.56,long_crack,1.56,18.28577,2.33956e-05,367.58,tempered_martensitic,,20,,measured,1.2621132528725951,-4.630865812478736,0,1,20.0,0.22360679774997896
Southampton D2015,Fig. 12 B,FV566 stainless steel,martensitic stainless steel,OLR_1.56,long_crack,1.56,18.3696,2.38763e-05,367.58,tempered_martensitic,,20,,measured,1.2640996996000864,-4.622032972939769,0,1,20.0,0.22360679774997896
Southampton D2015,Fig. 12 B,FV566 stainless steel,martensitic stainless steel,OLR_1.56,long_crack,1.56,18.45577,2.43471e-05,367.58,tempered_martensitic,,20,,measured,1.26613216927023,-4.61355276048638,0,1,20.0,0.22360679774997896
Southampton D2015,Fig. 12 B,FV566 stainless steel,martensitic stainless steel,OLR_1.56,long_crack,1.56,18.54428,2.48085e-05,367.58,tempered_martensitic,,20,,measured,1.268209976079448,-4.605399493745387,0,1,20.0,0.22360679774997896
Southampton D2015,Fig. 12 B,FV566 stainless steel,martensitic stainless steel,OLR_1.56,long_crack,1.56,18.63515,2.52978e-05,367.58,tempered_martensitic,,20,,measured,1.270332892872531,-4.596917245203779,0,1,20.0,0.22360679774997896
Southampton D2015,Fig. 12 B,FV566 stainless steel,martensitic stainless steel,OLR_1.56,long_crack,1.56,18.72853,2.58695e-05,367.58,tempered_martensitic,,20,,measured,1.2725036909928447,-4.587211965150462,0,1,20.0,0.22360679774997896
Southampton D2015,Fig. 12 B,FV566 stainless steel,martensitic stainless steel,OLR_1.56,long_crack,1.56,18.82477,2.65307e-05,367.58,tempered_martensitic,,20,,measured,1.2747296787191633,-4.576251291211536,0,1,20.0,0.22360679774997896
Southampton D2015,Fig. 12 B,FV566 stainless steel,martensitic stainless steel,OLR_1.56,long_crack,1.56,18.92428,2.72452e-05,367.58,tempered_martensitic,,20,,measured,1.277019365161527,-4.564709999704172,0,1,20.0,0.22360679774997896
Southampton D2015,Fig. 12 B,FV566 stainless steel,martensitic stainless steel,OLR_1.56,long_crack,1.56,19.02732,2.79788e-05,367.58,tempered_martensitic,,20,,measured,1.2793776221716227,-4.5531709161685,0,1,20.0,0.22360679774997896
Southampton D2015,Fig. 12 B,FV566 stainless steel,martensitic stainless steel,OLR_1.56,long_crack,1.56,19.13405,2.86742e-05,367.58,tempered_martensitic,,20,,measured,1.2818069045014708,-4.542508689919533,0,1,20.0,0.22360679774997896
Southampton D2015,Fig. 12 B,FV566 stainless steel,martensitic stainless steel,OLR_1.56,long_crack,1.56,19.2444,2.93107e-05,367.58,tempered_martensitic,,20,,measured,1.284304375251279,-4.532973809589297,0,1,20.0,0.22360679774997896
Southampton D2015,Fig. 12 B,FV566 stainless steel,martensitic stainless steel,OLR_1.56,long_crack,1.56,19.35824,2.99273e-05,367.58,tempered_martensitic,,20,,measured,1.2868658698611242,-4.523932462845559,0,1,20.0,0.22360679774997896
Southampton D2015,Fig. 12 B,FV566 stainless steel,martensitic stainless steel,OLR_1.56,long_crack,1.56,19.47556,3.05716e-05,367.58,tempered_martensitic,,20,,measured,1.2894899542220488,-4.514681831375734,0,1,20.0,0.22360679774997896
Southampton D2015,Fig. 12 B,FV566 stainless steel,martensitic stainless steel,OLR_1.56,long_crack,1.56,19.59656,3.12608e-05,367.58,tempered_martensitic,,20,,measured,1.292179841553576,-4.504999912076913,0,1,20.0,0.22360679774997896
Southampton D2015,Fig. 12 B,FV566 stainless steel,martensitic stainless steel,OLR_1.56,long_crack,1.56,19.72151,3.20302e-05,367.58,tempered_martensitic,,20,,measured,1.294940164132656,-4.494440349546443,0,1,20.0,0.22360679774997896
Southampton D2015,Fig. 12 B,FV566 stainless steel,martensitic stainless steel,OLR_1.56,long_crack,1.56,19.85083,3.29468e-05,367.58,tempered_martensitic,,20,,measured,1.2977786701361127,-4.482186760427488,0,1,20.0,0.22360679774997896
Southampton D2015,Fig. 12 B,FV566 stainless steel,martensitic stainless steel,OLR_1.56,long_crack,1.56,19.98525,3.39981e-05,367.58,tempered_martensitic,,20,,measured,1.3007095853177342,-4.468545353033404,0,1,20.0,0.22360679774997896
Southampton D2015,Fig. 12 B,FV566 stainless steel,martensitic stainless steel,OLR_1.56,long_crack,1.56,20.12546,3.50836e-05,367.58,tempered_martensitic,,20,,measured,1.3037458156574744,-4.454895849173808,0,1,20.0,0.22360679774997896
Southampton D2015,Fig. 12 B,FV566 stainless steel,martensitic stainless steel,OLR_1.56,long_crack,1.56,20.27177,3.61252e-05,367.58,tempered_martensitic,,20,,measured,1.3068916701371616,-4.442189739843536,0,1,20.0,0.22360679774997896
Southampton D2015,Fig. 12 B,FV566 stainless steel,martensitic stainless steel,OLR_1.56,long_crack,1.56,20.42419,3.71299e-05,367.58,tempered_martensitic,,20,,measured,1.3101448419238746,-4.430276220434672,0,1,20.0,0.22360679774997896
Southampton D2015,Fig. 12 B,FV566 stainless steel,martensitic stainless steel,OLR_1.56,long_crack,1.56,20.58273,3.81393e-05,367.58,tempered_martensitic,,20,,measured,1.3135029770981452,-4.41862728215858,0,1,20.0,0.22360679774997896
Southampton D2015,Fig. 12 B,FV566 stainless steel,martensitic stainless steel,OLR_1.56,long_crack,1.56,20.74761,3.9239e-05,367.58,tempered_martensitic,,20,,measured,1.3169680758147115,-4.406282069080464,0,1,20.0,0.22360679774997896
Southampton D2015,Fig. 12 B,FV566 stainless steel,martensitic stainless steel,OLR_1.56,long_crack,1.56,20.91943,4.05031e-05,367.58,tempered_martensitic,,20,,measured,1.3205498469625803,-4.392511735763826,0,1,20.0,0.22360679774997896
Southampton D2015,Fig. 12 B,FV566 stainless steel,martensitic stainless steel,OLR_1.56,long_crack,1.56,21.09915,4.19231e-05,367.58,tempered_martensitic,,20,,measured,1.324264959669953,-4.377546610969078,0,1,20.0,0.22360679774997896
Southampton D2015,Fig. 12 B,FV566 stainless steel,martensitic stainless steel,OLR_1.56,long_crack,1.56,21.28776,4.3538e-05,367.58,tempered_martensitic,,20,,measured,1.328129965298349,-4.361131524971397,0,1,20.0,0.22360679774997896
Southampton D2015,Fig. 12 B,FV566 stainless steel,martensitic stainless steel,OLR_1.56,long_crack,1.56,21.48647,4.53743e-05,367.58,tempered_martensitic,,20,,measured,1.3321650713571034,-4.343190061867287,0,1,20.0,0.22360679774997896
Southampton D2015,Fig. 12 B,FV566 stainless steel,martensitic stainless steel,OLR_1.56,long_crack,1.56,21.69671,4.74091e-05,367.58,tempered_martensitic,,20,,measured,1.3363938842093195,-4.324138289117738,0,1,20.0,0.22360679774997896
Southampton D2015,Fig. 12 B,FV566 stainless steel,martensitic stainless steel,OLR_1.56,long_crack,1.56,21.91988,4.9661e-05,367.58,tempered_martensitic,,20,,measured,1.3408381722812877,-4.303984539511433,0,1,20.0,0.22360679774997896
Southampton D2015,Fig. 12 B,FV566 stainless steel,martensitic stainless steel,OLR_1.56,long_crack,1.56,22.15758,5.21647e-05,367.58,tempered_martensitic,,20,,measured,1.345522326000543,-4.282623285909042,0,1,20.0,0.22360679774997896
Southampton D2015,Fig. 12 B,FV566 stainless steel,martensitic stainless steel,OLR_1.56,long_crack,1.56,22.41171,5.49678e-05,367.58,tempered_martensitic,,20,,measured,1.3504749942071588,-4.259891644642057,0,1,20.0,0.22360679774997896
Southampton D2015,Fig. 12 B,FV566 stainless steel,martensitic stainless steel,OLR_1.56,long_crack,1.56,22.68454,5.8115e-05,367.58,tempered_martensitic,,20,,measured,1.3557299770123419,-4.235711757860244,0,1,20.0,0.22360679774997896
Southampton D2015,Fig. 12 B,FV566 stainless steel,martensitic stainless steel,OLR_1.56,long_crack,1.56,22.9788,6.15926e-05,367.58,tempered_martensitic,,20,,measured,1.3613273451970924,-4.210471462709227,0,1,20.0,0.22360679774997896
Southampton D2015,Fig. 12 B,FV566 stainless steel,martensitic stainless steel,OLR_1.56,long_crack,1.56,23.29737,6.54459e-05,367.58,tempered_martensitic,,20,,measured,1.367306897036527,-4.18411755557846,0,1,20.0,0.22360679774997896
Southampton D2015,Fig. 12 B,FV566 stainless steel,martensitic stainless steel,OLR_1.56,long_crack,1.56,23.64367,6.99249e-05,367.58,tempered_martensitic,,20,,measured,1.3737148891737547,-4.155368146043017,0,1,20.0,0.22360679774997896
Southampton D2015,Fig. 12 B,FV566 stainless steel,martensitic stainless steel,OLR_1.56,long_crack,1.56,24.02286,7.1851e-05,367.58,tempered_martensitic,,20,,measured,1.3806247103224383,-4.143567183111388,0,1,20.0,0.22360679774997896
Southampton D2015,Fig. 12 B,FV566 stainless steel,martensitic stainless steel,OLR_1.56,long_crack,1.56,24.33362,7.29788e-05,367.58,tempered_martensitic,,20,,measured,1.3862067217166074,-4.136803282073905,0,1,20.0,0.22360679774997896
Southampton D2015,Fig. 12 B,FV566 stainless steel,martensitic stainless steel,OLR_1.56,long_crack,1.56,24.53476,8.39883e-05,367.58,tempered_martensitic,,20,,measured,1.3897818140517846,-4.075781209168399,0,1,20.0,0.22360679774997896
Southampton D2015,Fig. 12 B,FV566 stainless steel,martensitic stainless steel,OLR_1.56,long_crack,1.56,24.82126,7.588e-05,367.58,tempered_martensitic,,20,,measured,1.394823823784707,-4.119872677783375,0,1,20.0,0.22360679774997896
Southampton D2015,Fig. 12 B,FV566 stainless steel,martensitic stainless steel,OLR_1.56,long_crack,1.56,25.05287,8.69188e-05,367.58,tempered_martensitic,,20,,measured,1.3988574848446425,-4.060886278174981,0,1,20.0,0.22360679774997896
Southampton D2015,Fig. 12 B,FV566 stainless steel,martensitic stainless steel,OLR_1.56,long_crack,1.56,25.34544,0.000101003,367.58,tempered_martensitic,,20,,measured,1.4038998350312437,-3.995665726572839,0,1,20.0,0.22360679774997896
Southampton D2015,Fig. 12 B,FV566 stainless steel,martensitic stainless steel,OLR_1.56,long_crack,1.56,25.67393,9.87838e-05,367.58,tempered_martensitic,,20,,measured,1.4094923527647807,-4.00531427147991,0,1,20.0,0.22360679774997896
Southampton D2015,Fig. 12 B,FV566 stainless steel,martensitic stainless steel,OLR_1.56,long_crack,1.56,26.00669,9.10053e-05,367.58,tempered_martensitic,,20,,measured,1.4150850809074829,-4.040933314341243,0,1,20.0,0.22360679774997896
Southampton D2015,Fig. 12 B,FV566 stainless steel,martensitic stainless steel,OLR_1.56,long_crack,1.56,26.31044,0.000104023,367.58,tempered_martensitic,,20,,measured,1.4201281110265693,-3.982870625425077,0,1,20.0,0.22360679774997896
Southampton D2015,Fig. 12 B,FV566 stainless steel,martensitic stainless steel,OLR_1.56,long_crack,1.56,26.67964,0.000127759,367.58,tempered_martensitic,,20,,measured,1.4261799651594924,-3.8936084961822033,0,1,20.0,0.22360679774997896
Southampton D2015,Fig. 12 B,FV566 stainless steel,martensitic stainless steel,OLR_1.56,long_crack,1.56,27.15133,0.000129701,367.58,tempered_martensitic,,20,,measured,1.43379110823476,-3.887056675474843,0,1,20.0,0.22360679774997896
Southampton D2015,Fig. 12 B,FV566 stainless steel,martensitic stainless steel,OLR_1.56,long_crack,1.56,27.6314,0.000137981,367.58,tempered_martensitic,,20,,measured,1.441402889870233,-3.860180711883205,0,1,20.0,0.22360679774997896
Southampton D2015,Fig. 12 B,FV566 stainless steel,martensitic stainless steel,OLR_1.56,long_crack,1.56,28.1854,0.000143929,367.58,tempered_martensitic,,20,,measured,1.4500242025963372,-3.8418516920184738,0,1,20.0,0.22360679774997896
Southampton D2015,Fig. 12 B,FV566 stainless steel,martensitic stainless steel,OLR_1.56,long_crack,1.56,28.71415,0.000160565,367.58,tempered_martensitic,,20,,measured,1.4580959647657703,-3.7943491163638736,0,1,20.0,0.22360679774997896
Southampton D2015,Fig. 12 B,FV566 stainless steel,martensitic stainless steel,OLR_1.56,long_crack,1.56,29.35811,0.000186315,367.58,tempered_martensitic,,20,,measured,1.467728093376483,-3.7297521791617956,0,1,20.0,0.22360679774997896
Southampton D2015,Fig. 12 B,FV566 stainless steel,martensitic stainless steel,OLR_1.56,long_crack,1.56,30.15642,0.000208531,367.58,tempered_martensitic,,20,,measured,1.479379783267744,-3.680829374128199,0,1,20.0,0.22360679774997896
Southampton D2015,Fig. 12 B,FV566 stainless steel,martensitic stainless steel,OLR_1.56,long_crack,1.56,31.08144,0.000225982,367.58,tempered_martensitic,,20,,measured,1.4925011314148073,-3.6459261520561355,0,1,20.0,0.22360679774997896
Southampton D2015,Fig. 12 A CA,FV566 stainless steel,martensitic stainless steel,CA,short_crack_secant,1.0,7.232165007315732,1.25e-05,367.58,tempered_martensitic,,20,,measured,0.8592683263374924,-4.903089986991944,0,1,20.0,0.22360679774997896
Southampton D2015,Fig. 12 A CA,FV566 stainless steel,martensitic stainless steel,CA,short_crack_binned,1.0,8.84843,7.91667e-06,367.58,tempered_martensitic,,20,,measured,0.9468662195313235,-5.101457457897981,0,1,20.0,0.22360679774997896
Southampton D2015,Fig. 12 A CA,FV566 stainless steel,martensitic stainless steel,CA,short_crack_secant,1.0,9.463883037722017,7.499999999999999e-06,367.58,tempered_martensitic,,20,,measured,0.9760693642925486,-5.1249387366083,0,1,20.0,0.22360679774997896
Southampton D2015,Fig. 12 A CA,FV566 stainless steel,martensitic stainless steel,CA,short_crack_binned,1.0,11.08206,5.41667e-06,367.58,tempered_martensitic,,20,,measured,1.0446204971682609,-5.266267622146708,0,1,20.0,0.22360679774997896
Southampton D2015,Fig. 12 A CA,FV566 stainless steel,martensitic stainless steel,CA,short_crack_secant,1.0,9.84923742051576,3.7499999999999997e-06,367.58,tempered_martensitic,,20,,measured,0.9934026064486078,-5.425968732272281,0,1,20.0,0.22360679774997896
Southampton D2015,Fig. 12 A CA,FV566 stainless steel,martensitic stainless steel,CA,short_crack_binned,1.0,13.1816,7.29167e-06,367.58,tempered_martensitic,,20,,measured,1.1199681286948004,-5.1371729944907365,0,1,20.0,0.22360679774997896
Southampton D2015,Fig. 12 A CA,FV566 stainless steel,martensitic stainless steel,CA,short_crack_secant,1.0,10.577456306002277,2.5e-06,367.58,tempered_martensitic,,20,,measured,1.0243812399970647,-5.6020599913279625,0,1,20.0,0.22360679774997896
Southampton D2015,Fig. 12 A CA,FV566 stainless steel,martensitic stainless steel,CA,short_crack_binned,1.0,15.48193,9.375e-06,367.58,tempered_martensitic,,20,,measured,1.189825099505983,-5.028028723600244,0,1,20.0,0.22360679774997896
Southampton D2015,Fig. 12 A CA,FV566 stainless steel,martensitic stainless steel,CA,short_crack_binned,1.0,17.4079,6.25e-06,367.58,tempered_martensitic,,20,,measured,1.2407463832126555,-5.204119982655925,0,1,20.0,0.22360679774997896
Southampton D2015,Fig. 12 A CA,FV566 stainless steel,martensitic stainless steel,CA,short_crack_secant,1.0,10.577456306002277,2.5e-05,367.58,tempered_martensitic,,20,,measured,1.0243812399970647,-4.6020599913279625,0,1,20.0,0.22360679774997896
Southampton D2015,Fig. 12 A CA,FV566 stainless steel,martensitic stainless steel,CA,short_crack_binned,1.0,18.72992,7.5e-06,367.58,tempered_martensitic,,20,,measured,1.2725359224028534,-5.1249387366083,0,1,20.0,0.22360679774997896
Southampton D2015,Fig. 12 A CA,FV566 stainless steel,martensitic stainless steel,CA,short_crack_secant,1.0,10.923154914773914,3.3333333333333337e-06,367.58,tempered_martensitic,,20,,measured,1.0383480929646374,-5.477121254719663,0,1,20.0,0.22360679774997896
Southampton D2015,Fig. 12 A CA,FV566 stainless steel,martensitic stainless steel,CA,short_crack_binned,1.0,21.10232,1.03906e-05,367.58,tempered_martensitic,,20,,measured,1.3243302044829997,-4.983359373601094,0,1,20.0,0.22360679774997896
Southampton D2015,Fig. 12 A CA,FV566 stainless steel,martensitic stainless steel,CA,short_crack_secant,1.0,11.258101354911767,1.8749999999999998e-06,367.58,tempered_martensitic,,20,,measured,1.0514651542265419,-5.726998727936262,0,1,20.0,0.22360679774997896
Southampton D2015,Fig. 12 A CA,FV566 stainless steel,martensitic stainless steel,CA,short_crack_binned,1.0,22.76376,1.41667e-05,367.58,tempered_martensitic,,20,,measured,1.3572439981616824,-4.848731302801184,0,1,20.0,0.22360679774997896
Southampton D2015,Fig. 12 A CA,FV566 stainless steel,martensitic stainless steel,CA,short_crack_secant,1.0,11.258101354911767,2.5e-06,367.58,tempered_martensitic,,20,,measured,1.0514651542265419,-5.6020599913279625,0,1,20.0,0.22360679774997896
Southampton D2015,Fig. 12 A CA,FV566 stainless steel,martensitic stainless steel,CA,short_crack_binned,1.0,26.9222,2.725e-05,367.58,tempered_martensitic,,20,,measured,1.4301105462213666,-4.564633493387339,0,1,20.0,0.22360679774997896
Southampton D2015,Fig. 12 A CA,FV566 stainless steel,martensitic stainless steel,CA,short_crack_secant,1.0,11.742366584754475,1.8749999999999998e-06,367.58,tempered_martensitic,,20,,measured,1.069755634485766,-5.726998727936262,0,1,20.0,0.22360679774997896
Southampton D2015,Fig. 12 A CA,FV566 stainless steel,martensitic stainless steel,CA,short_crack_binned,1.0,32.51787,2.63542e-05,367.58,tempered_martensitic,,20,,measured,1.5121220905031432,-4.5791501625588245,0,1,20.0,0.22360679774997896
Southampton D2015,Fig. 12 A CA,FV566 stainless steel,martensitic stainless steel,CA,short_crack_secant,1.0,11.742366584754475,3.7499999999999997e-06,367.58,tempered_martensitic,,20,,measured,1.069755634485766,-5.425968732272281,0,1,20.0,0.22360679774997896
Southampton D2015,Fig. 12 A CA,FV566 stainless steel,martensitic stainless steel,CA,short_crack_binned,1.0,37.12814,3.69531e-05,367.58,tempered_martensitic,,20,,measured,1.5697031930190546,-4.432349122724605,0,1,20.0,0.22360679774997896
Southampton D2015,Fig. 12 A CA,FV566 stainless steel,martensitic stainless steel,CA,short_crack_secant,1.0,12.207144108611002,5e-06,367.58,tempered_martensitic,,20,,measured,1.0866140715660773,-5.301029995663981,0,1,20.0,0.22360679774997896
Southampton D2015,Fig. 12 A CA,FV566 stainless steel,martensitic stainless steel,CA,short_crack_binned,1.0,47.95593,4.73125e-05,367.58,tempered_martensitic,,20,,measured,1.6808423175972436,-4.325024103155852,0,1,20.0,0.22360679774997896
Southampton D2015,Fig. 12 A CA,FV566 stainless steel,martensitic stainless steel,CA,short_crack_secant,1.0,12.654582860994026,8.750000000000001e-06,367.58,tempered_martensitic,,20,,measured,1.1022478338756005,-5.057991946977687,0,1,20.0,0.22360679774997896
Southampton D2015,Fig. 12 A CA,FV566 stainless steel,martensitic stainless steel,CA,short_crack_secant,1.0,13.366486959301573,5e-06,367.58,tempered_martensitic,,20,,measured,1.12601727901461,-5.301029995663981,0,1,20.0,0.22360679774997896
Southampton D2015,Fig. 12 A CA,FV566 stainless steel,martensitic stainless steel,CA,short_crack_secant,1.0,13.366486959301573,7.499999999999999e-06,367.58,tempered_martensitic,,20,,measured,1.12601727901461,-5.1249387366083,0,1,20.0,0.22360679774997896
Southampton D2015,Fig. 12 A CA,FV566 stainless steel,martensitic stainless steel,CA,short_crack_secant,1.0,13.640649840287473,1.1249999999999999e-05,367.58,tempered_martensitic,,20,,measured,1.1348350605937985,-4.948847477552619,0,1,20.0,0.22360679774997896
Southampton D2015,Fig. 12 A CA,FV566 stainless steel,martensitic stainless steel,CA,short_crack_secant,1.0,13.640649840287473,1.25e-05,367.58,tempered_martensitic,,20,,measured,1.1348350605937985,-4.903089986991944,0,1,20.0,0.22360679774997896
Southampton D2015,Fig. 12 A CA,FV566 stainless steel,martensitic stainless steel,CA,short_crack_secant,1.0,13.77564312522638,5e-06,367.58,tempered_martensitic,,20,,measured,1.1391118833290568,-5.301029995663981,0,1,20.0,0.22360679774997896
Southampton D2015,Fig. 12 A CA,FV566 stainless steel,martensitic stainless steel,CA,short_crack_secant,1.0,13.77564312522638,5.6249999999999995e-06,367.58,tempered_martensitic,,20,,measured,1.1391118833290568,-5.2498774732166,0,1,20.0,0.22360679774997896
Southampton D2015,Fig. 12 A CA,FV566 stainless steel,martensitic stainless steel,CA,short_crack_secant,1.0,14.934620333621064,5e-06,367.58,tempered_martensitic,,20,,measured,1.174194186490921,-5.301029995663981,0,1,20.0,0.22360679774997896
Southampton D2015,Fig. 12 A CA,FV566 stainless steel,martensitic stainless steel,CA,short_crack_secant,1.0,14.934620333621064,7.499999999999999e-06,367.58,tempered_martensitic,,20,,measured,1.174194186490921,-5.1249387366083,0,1,20.0,0.22360679774997896
Southampton D2015,Fig. 12 A CA,FV566 stainless steel,martensitic stainless steel,CA,short_crack_secant,1.0,14.934620333621064,1.0625e-05,367.58,tempered_martensitic,,20,,measured,1.174194186490921,-4.973671061277651,0,1,20.0,0.22360679774997896
Southampton D2015,Fig. 12 A CA,FV566 stainless steel,martensitic stainless steel,CA,short_crack_secant,1.0,15.892405411937716,3.7499999999999997e-06,367.58,tempered_martensitic,,20,,measured,1.2011896352860245,-5.425968732272281,0,1,20.0,0.22360679774997896
Southampton D2015,Fig. 12 A CA,FV566 stainless steel,martensitic stainless steel,CA,short_crack_secant,1.0,15.892405411937716,5e-06,367.58,tempered_martensitic,,20,,measured,1.2011896352860245,-5.301029995663981,0,1,20.0,0.22360679774997896
Southampton D2015,Fig. 12 A CA,FV566 stainless steel,martensitic stainless steel,CA,short_crack_secant,1.0,15.892405411937716,1.4999999999999999e-05,367.58,tempered_martensitic,,20,,measured,1.2011896352860245,-4.823908740944319,0,1,20.0,0.22360679774997896
Southampton D2015,Fig. 12 A CA,FV566 stainless steel,martensitic stainless steel,CA,short_crack_secant,1.0,15.892405411937716,1.875e-05,367.58,tempered_martensitic,,20,,measured,1.2011896352860245,-4.726998727936262,0,1,20.0,0.22360679774997896
Southampton D2015,Fig. 12 A CA,FV566 stainless steel,martensitic stainless steel,CA,short_crack_secant,1.0,16.573512542323265,1.1249999999999999e-05,367.58,tempered_martensitic,,20,,measured,1.2194145612910539,-4.948847477552619,0,1,20.0,0.22360679774997896
Southampton D2015,Fig. 12 A CA,FV566 stainless steel,martensitic stainless steel,CA,short_crack_secant,1.0,17.226939383902796,2.5e-06,367.58,tempered_martensitic,,20,,measured,1.2362081255761848,-5.6020599913279625,0,1,20.0,0.22360679774997896
Southampton D2015,Fig. 12 A CA,FV566 stainless steel,martensitic stainless steel,CA,short_crack_secant,1.0,17.226939383902796,7.499999999999999e-06,367.58,tempered_martensitic,,20,,measured,1.2362081255761848,-5.1249387366083,0,1,20.0,0.22360679774997896
Southampton D2015,Fig. 12 A CA,FV566 stainless steel,martensitic stainless steel,CA,short_crack_secant,1.0,17.226939383902796,1.25e-05,367.58,tempered_martensitic,,20,,measured,1.2362081255761848,-4.903089986991944,0,1,20.0,0.22360679774997896
Southampton D2015,Fig. 12 A CA,FV566 stainless steel,martensitic stainless steel,CA,short_crack_secant,1.0,17.648707287358864,2.5e-06,367.58,tempered_martensitic,,20,,measured,1.2467129001755533,-5.6020599913279625,0,1,20.0,0.22360679774997896
Southampton D2015,Fig. 12 A CA,FV566 stainless steel,martensitic stainless steel,CA,short_crack_secant,1.0,17.648707287358864,5e-06,367.58,tempered_martensitic,,20,,measured,1.2467129001755533,-5.301029995663981,0,1,20.0,0.22360679774997896
Southampton D2015,Fig. 12 A CA,FV566 stainless steel,martensitic stainless steel,CA,short_crack_secant,1.0,17.855733554437066,1.25e-06,367.58,tempered_martensitic,,20,,measured,1.2517776967074696,-5.903089986991944,0,1,20.0,0.22360679774997896
Southampton D2015,Fig. 12 A CA,FV566 stainless steel,martensitic stainless steel,CA,short_crack_secant,1.0,17.855733554437066,7.499999999999999e-06,367.58,tempered_martensitic,,20,,measured,1.2517776967074696,-5.1249387366083,0,1,20.0,0.22360679774997896
Southampton D2015,Fig. 12 A CA,FV566 stainless steel,martensitic stainless steel,CA,short_crack_secant,1.0,18.06030673427056,1.25e-06,367.58,tempered_martensitic,,20,,measured,1.256725122050016,-5.903089986991944,0,1,20.0,0.22360679774997896
Southampton D2015,Fig. 12 A CA,FV566 stainless steel,martensitic stainless steel,CA,short_crack_secant,1.0,18.06030673427056,5e-06,367.58,tempered_martensitic,,20,,measured,1.256725122050016,-5.301029995663981,0,1,20.0,0.22360679774997896
Southampton D2015,Fig. 12 A CA,FV566 stainless steel,martensitic stainless steel,CA,short_crack_secant,1.0,18.06030673427056,8.750000000000001e-06,367.58,tempered_martensitic,,20,,measured,1.256725122050016,-5.057991946977687,0,1,20.0,0.22360679774997896
Southampton D2015,Fig. 12 A CA,FV566 stainless steel,martensitic stainless steel,CA,short_crack_secant,1.0,18.46242024766511,8.750000000000001e-06,367.58,tempered_martensitic,,20,,measured,1.266288632297053,-5.057991946977687,0,1,20.0,0.22360679774997896
Southampton D2015,Fig. 12 A CA,FV566 stainless steel,martensitic stainless steel,CA,short_crack_secant,1.0,18.660112734585578,1.7500000000000002e-05,367.58,tempered_martensitic,,20,,measured,1.2709142631972197,-4.756961951313706,0,1,20.0,0.22360679774997896
Southampton D2015,Fig. 12 A CA,FV566 stainless steel,martensitic stainless steel,CA,short_crack_secant,1.0,18.85565709778384,5e-06,367.58,tempered_martensitic,,20,,measured,1.2754416716644212,-5.301029995663981,0,1,20.0,0.22360679774997896
Southampton D2015,Fig. 12 A CA,FV566 stainless steel,martensitic stainless steel,CA,short_crack_secant,1.0,18.85565709778384,1.25e-05,367.58,tempered_martensitic,,20,,measured,1.2754416716644212,-4.903089986991944,0,1,20.0,0.22360679774997896
Southampton D2015,Fig. 12 A CA,FV566 stainless steel,martensitic stainless steel,CA,short_crack_secant,1.0,19.049119783660043,7.499999999999999e-06,367.58,tempered_martensitic,,20,,measured,1.2798749127186633,-5.1249387366083,0,1,20.0,0.22360679774997896
Southampton D2015,Fig. 12 A CA,FV566 stainless steel,martensitic stainless steel,CA,short_crack_secant,1.0,19.617633181141503,3.7499999999999997e-06,367.58,tempered_martensitic,,20,,measured,1.2926466096507598,-5.425968732272281,0,1,20.0,0.22360679774997896
Southampton D2015,Fig. 12 A CA,FV566 stainless steel,martensitic stainless steel,CA,short_crack_secant,1.0,19.617633181141503,5e-06,367.58,tempered_martensitic,,20,,measured,1.2926466096507598,-5.301029995663981,0,1,20.0,0.22360679774997896
Southampton D2015,Fig. 12 A CA,FV566 stainless steel,martensitic stainless steel,CA,short_crack_secant,1.0,20.3500018141448,1e-05,367.58,tempered_martensitic,,20,,measured,1.3085644522773587,-5.0,0,1,20.0,0.22360679774997896
Southampton D2015,Fig. 12 A CA,FV566 stainless steel,martensitic stainless steel,CA,short_crack_secant,1.0,20.706075449666898,8.750000000000001e-06,367.58,tempered_martensitic,,20,,measured,1.316097792178477,-5.057991946977687,0,1,20.0,0.22360679774997896
Southampton D2015,Fig. 12 A CA,FV566 stainless steel,martensitic stainless steel,CA,short_crack_secant,1.0,20.706075449666898,1.25e-05,367.58,tempered_martensitic,,20,,measured,1.316097792178477,-4.903089986991944,0,1,20.0,0.22360679774997896
Southampton D2015,Fig. 12 A CA,FV566 stainless steel,martensitic stainless steel,CA,short_crack_secant,1.0,20.706075449666898,2.375e-05,367.58,tempered_martensitic,,20,,measured,1.316097792178477,-4.624336386039115,0,1,20.0,0.22360679774997896
Southampton D2015,Fig. 12 A CA,FV566 stainless steel,martensitic stainless steel,CA,short_crack_secant,1.0,21.055869553476228,8.125000000000001e-06,367.58,tempered_martensitic,,20,,measured,1.3233731813762557,-5.090176630349088,0,1,20.0,0.22360679774997896
Southampton D2015,Fig. 12 A CA,FV566 stainless steel,martensitic stainless steel,CA,short_crack_secant,1.0,21.484751471225223,7.499999999999999e-06,367.58,tempered_martensitic,,20,,measured,1.332130334268479,-5.1249387366083,0,1,20.0,0.22360679774997896
Southampton D2015,Fig. 12 A CA,FV566 stainless steel,martensitic stainless steel,CA,short_crack_secant,1.0,21.904856125030825,3.7499999999999997e-06,367.58,tempered_martensitic,,20,,measured,1.3405404050005947,-5.425968732272281,0,1,20.0,0.22360679774997896
Southampton D2015,Fig. 12 A CA,FV566 stainless steel,martensitic stainless steel,CA,short_crack_secant,1.0,21.904856125030825,8.750000000000001e-06,367.58,tempered_martensitic,,20,,measured,1.3405404050005947,-5.057991946977687,0,1,20.0,0.22360679774997896
Southampton D2015,Fig. 12 A CA,FV566 stainless steel,martensitic stainless steel,CA,short_crack_secant,1.0,22.07055385306238,1.3124999999999999e-05,367.58,tempered_martensitic,,20,,measured,1.3438132317711102,-4.8819006879220055,0,1,20.0,0.22360679774997896
Southampton D2015,Fig. 12 A CA,FV566 stainless steel,martensitic stainless steel,CA,short_crack_secant,1.0,22.07055385306238,1.4375e-05,367.58,tempered_martensitic,,20,,measured,1.3438132317711102,-4.842392146638332,0,1,20.0,0.22360679774997896
Southampton D2015,Fig. 12 A CA,FV566 stainless steel,martensitic stainless steel,CA,short_crack_secant,1.0,22.398095820988,3.7499999999999997e-06,367.58,tempered_martensitic,,20,,measured,1.3502110982632174,-5.425968732272281,0,1,20.0,0.22360679774997896
Southampton D2015,Fig. 12 A CA,FV566 stainless steel,martensitic stainless steel,CA,short_crack_secant,1.0,22.398095820988,1e-05,367.58,tempered_martensitic,,20,,measured,1.3502110982632174,-5.0,0,1,20.0,0.22360679774997896
Southampton D2015,Fig. 12 A CA,FV566 stainless steel,martensitic stainless steel,CA,short_crack_secant,1.0,22.479199172684535,3.125e-06,367.58,tempered_martensitic,,20,,measured,1.3517808353187704,-5.505149978319906,0,1,20.0,0.22360679774997896
Southampton D2015,Fig. 12 A CA,FV566 stainless steel,martensitic stainless steel,CA,short_crack_secant,1.0,22.479199172684535,2.1875e-05,367.58,tempered_martensitic,,20,,measured,1.3517808353187704,-4.660051938305649,0,1,20.0,0.22360679774997896
Southampton D2015,Fig. 12 A CA,FV566 stainless steel,martensitic stainless steel,CA,short_crack_secant,1.0,23.351837619545268,2.5e-05,367.58,tempered_martensitic,,20,,measured,1.3683210620595807,-4.6020599913279625,0,1,20.0,0.22360679774997896
Southampton D2015,Fig. 12 A CA,FV566 stainless steel,martensitic stainless steel,CA,short_crack_secant,1.0,23.660776548261122,1.25e-05,367.58,tempered_martensitic,,20,,measured,1.37402899409962,-4.903089986991944,0,1,20.0,0.22360679774997896
Southampton D2015,Fig. 12 A CA,FV566 stainless steel,martensitic stainless steel,CA,short_crack_secant,1.0,23.965522370988214,2.375e-05,367.58,tempered_martensitic,,20,,measured,1.3795868996480751,-4.624336386039115,0,1,20.0,0.22360679774997896
Southampton D2015,Fig. 12 A CA,FV566 stainless steel,martensitic stainless steel,CA,short_crack_secant,1.0,25.145627167905246,1e-05,367.58,tempered_martensitic,,20,,measured,1.4004624720175436,-5.0,0,1,20.0,0.22360679774997896
Southampton D2015,Fig. 12 A CA,FV566 stainless steel,martensitic stainless steel,CA,short_crack_secant,1.0,25.145627167905246,1.4999999999999999e-05,367.58,tempered_martensitic,,20,,measured,1.4004624720175436,-4.823908740944319,0,1,20.0,0.22360679774997896
Southampton D2015,Fig. 12 A CA,FV566 stainless steel,martensitic stainless steel,CA,short_crack_secant,1.0,25.145627167905246,4.375e-05,367.58,tempered_martensitic,,20,,measured,1.4004624720175436,-4.359021942641668,0,1,20.0,0.22360679774997896
Southampton D2015,Fig. 12 A CA,FV566 stainless steel,martensitic stainless steel,CA,short_crack_secant,1.0,26.269832177644517,2.5625e-05,367.58,tempered_martensitic,,20,,measured,1.4194572983454257,-4.59133612593619,0,1,20.0,0.22360679774997896
Southampton D2015,Fig. 12 A CA,FV566 stainless steel,martensitic stainless steel,CA,short_crack_secant,1.0,26.406792047749096,2.6249999999999998e-05,367.58,tempered_martensitic,,20,,measured,1.4217156454105768,-4.580870692258024,0,1,20.0,0.22360679774997896
Southampton D2015,Fig. 12 A CA,FV566 stainless steel,martensitic stainless steel,CA,short_crack_secant,1.0,26.94724293425903,5e-06,367.58,tempered_martensitic,,20,,measured,1.4305143376233354,-5.301029995663981,0,1,20.0,0.22360679774997896
Southampton D2015,Fig. 12 A CA,FV566 stainless steel,martensitic stainless steel,CA,short_crack_secant,1.0,26.94724293425903,2.9999999999999997e-05,367.58,tempered_martensitic,,20,,measured,1.4305143376233354,-4.522878745280337,0,1,20.0,0.22360679774997896
Southampton D2015,Fig. 12 A CA,FV566 stainless steel,martensitic stainless steel,CA,short_crack_secant,1.0,27.93066947735978,2.9375e-05,367.58,tempered_martensitic,,20,,measured,1.4460813455412682,-4.532022124720207,0,1,20.0,0.22360679774997896
Southampton D2015,Fig. 12 A CA,FV566 stainless steel,martensitic stainless steel,CA,short_crack_secant,1.0,29.30961831224471,2.75e-05,367.58,tempered_martensitic,,20,,measured,1.4670101628272014,-4.560667306169737,0,1,20.0,0.22360679774997896
Southampton D2015,Fig. 12 A CA,FV566 stainless steel,martensitic stainless steel,CA,short_crack_secant,1.0,29.973725865056764,5.9999999999999995e-05,367.58,tempered_martensitic,,20,,measured,1.476740731002383,-4.221848749616356,0,1,20.0,0.22360679774997896
Southampton D2015,Fig. 12 A CA,FV566 stainless steel,martensitic stainless steel,CA,short_crack_secant,1.0,30.329411590134608,2.125e-05,367.58,tempered_martensitic,,20,,measured,1.4818639848033615,-4.67264106561367,0,1,20.0,0.22360679774997896
Southampton D2015,Fig. 12 A CA,FV566 stainless steel,martensitic stainless steel,CA,short_crack_secant,1.0,32.265894263317634,2.6875e-05,367.58,tempered_martensitic,,20,,measured,1.5087437062707338,-4.570651527076338,0,1,20.0,0.22360679774997896
Southampton D2015,Fig. 12 A CA,FV566 stainless steel,martensitic stainless steel,CA,short_crack_secant,1.0,32.48558379848369,1.25e-05,367.58,tempered_martensitic,,20,,measured,1.5116906758784172,-4.903089986991944,0,1,20.0,0.22360679774997896
Southampton D2015,Fig. 12 A CA,FV566 stainless steel,martensitic stainless steel,CA,short_crack_secant,1.0,32.75797078261048,5.1875e-05,367.58,tempered_martensitic,,20,,measured,1.5153169912199436,-4.285041890279851,0,1,20.0,0.22360679774997896
Southampton D2015,Fig. 12 A CA,FV566 stainless steel,martensitic stainless steel,CA,short_crack_secant,1.0,33.02794501817192,2.0625e-05,367.58,tempered_martensitic,,20,,measured,1.518881552951717,-4.685606042778037,0,1,20.0,0.22360679774997896
Southampton D2015,Fig. 12 A CA,FV566 stainless steel,martensitic stainless steel,CA,short_crack_secant,1.0,34.240422946095535,2.5e-05,367.58,tempered_martensitic,,20,,measured,1.5345391205501209,-4.6020599913279625,0,1,20.0,0.22360679774997896
Southampton D2015,Fig. 12 A CA,FV566 stainless steel,martensitic stainless steel,CA,short_crack_secant,1.0,35.10773806759208,1.6875e-05,367.58,tempered_martensitic,,20,,measured,1.545402849505,-4.772756218496937,0,1,20.0,0.22360679774997896
Southampton D2015,Fig. 12 A CA,FV566 stainless steel,martensitic stainless steel,CA,short_crack_secant,1.0,35.60732984608758,1.4999999999999999e-05,367.58,tempered_martensitic,,20,,measured,1.5515394076369409,-4.823908740944319,0,1,20.0,0.22360679774997896
Southampton D2015,Fig. 12 A CA,FV566 stainless steel,martensitic stainless steel,CA,short_crack_secant,1.0,36.29436179935445,2.375e-05,367.58,tempered_martensitic,,20,,measured,1.5598391641652554,-4.624336386039115,0,1,20.0,0.22360679774997896
Southampton D2015,Fig. 12 A CA,FV566 stainless steel,martensitic stainless steel,CA,short_crack_secant,1.0,36.536370441091634,5.0625000000000004e-05,367.58,tempered_martensitic,,20,,measured,1.5627254019191321,-4.295634963777275,0,1,20.0,0.22360679774997896
Southampton D2015,Fig. 12 A CA,FV566 stainless steel,martensitic stainless steel,CA,short_crack_secant,1.0,36.8723198267996,4.1875e-05,367.58,tempered_martensitic,,20,,measured,1.5667004621595273,-4.378045179955098,0,1,20.0,0.22360679774997896
Southampton D2015,Fig. 12 A CA,FV566 stainless steel,martensitic stainless steel,CA,short_crack_secant,1.0,37.44071733488258,4.375e-05,367.58,tempered_martensitic,,20,,measured,1.5733441608886312,-4.359021942641668,0,1,20.0,0.22360679774997896
Southampton D2015,Fig. 12 A CA,FV566 stainless steel,martensitic stainless steel,CA,short_crack_secant,1.0,39.53886513184328,2.875e-05,367.58,tempered_martensitic,,20,,measured,1.5970241997765569,-4.541362150974351,0,1,20.0,0.22360679774997896
Southampton D2015,Fig. 12 A CA,FV566 stainless steel,martensitic stainless steel,CA,short_crack_secant,1.0,39.62740207611194,7.5e-05,367.58,tempered_martensitic,,20,,measured,1.597995601453746,-4.1249387366083,0,1,20.0,0.22360679774997896
Southampton D2015,Fig. 12 A CA,FV566 stainless steel,martensitic stainless steel,CA,short_crack_secant,1.0,46.288332790085676,3.85e-05,367.58,tempered_martensitic,,20,,measured,1.665471538676408,-4.414539270491499,0,1,20.0,0.22360679774997896
Southampton D2015,Fig. 12 A CA,FV566 stainless steel,martensitic stainless steel,CA,short_crack_secant,1.0,47.432150871863975,2.875e-05,367.58,tempered_martensitic,,20,,measured,1.6760728187400484,-4.541362150974351,0,1,20.0,0.22360679774997896
Southampton D2015,Fig. 12 A CA,FV566 stainless steel,martensitic stainless steel,CA,short_crack_secant,1.0,47.98660261971042,4.7e-05,367.58,tempered_martensitic,,20,,measured,1.6811200036156517,-4.327902142064283,0,1,20.0,0.22360679774997896
Southampton D2015,Fig. 12 A CA,FV566 stainless steel,martensitic stainless steel,CA,short_crack_secant,1.0,50.11661476289113,7.5e-05,367.58,tempered_martensitic,,20,,measured,1.699981727935664,-4.1249387366083,0,1,20.0,0.22360679774997896
Southampton D2015,Fig. 12 A OLR=1.56,FV566 stainless steel,martensitic stainless steel,OLR_1.56,short_crack_secant,1.56,4.736681653601051,5.32166508987701e-06,367.58,tempered_martensitic,,20,,measured,0.6754741973244731,-5.273952460524026,0,1,20.0,0.22360679774997896
Southampton D2015,Fig. 12 A OLR=1.56,FV566 stainless steel,martensitic stainless steel,OLR_1.56,short_crack_binned,1.56,5.109336169461629,2.758348163977303e-06,367.58,tempered_martensitic,,20,,measured,0.7083644780862826,-5.559350917220719,0,1,20.0,0.22360679774997896
Southampton D2015,Fig. 12 A OLR=1.56,FV566 stainless steel,martensitic stainless steel,OLR_1.56,short_crack_secant,1.56,5.11591383388681,1.2542644992976119e-06,367.58,tempered_martensitic,,20,,measured,0.7089232211501222,-5.901610869826982,0,1,20.0,0.22360679774997896
Southampton D2015,Fig. 12 A OLR=1.56,FV566 stainless steel,martensitic stainless steel,OLR_1.56,short_crack_binned,1.56,6.661790032301772,2.260686072922768e-06,367.58,tempered_martensitic,,20,,measured,0.8235909403861185,-5.6457597411765486,0,1,20.0,0.22360679774997896
Southampton D2015,Fig. 12 A OLR=1.56,FV566 stainless steel,martensitic stainless steel,OLR_1.56,short_crack_secant,1.56,5.11591383388681,3.1839021905247075e-06,367.58,tempered_martensitic,,20,,measured,0.7089232211501222,-5.497040282255931,0,1,20.0,0.22360679774997896
Southampton D2015,Fig. 12 A OLR=1.56,FV566 stainless steel,martensitic stainless steel,OLR_1.56,short_crack_binned,1.56,7.557510498365434,1.74053319748684e-06,367.58,tempered_martensitic,,20,,measured,0.8783787591418177,-5.759317688927895,0,1,20.0,0.22360679774997896
Southampton D2015,Fig. 12 A OLR=1.56,FV566 stainless steel,martensitic stainless steel,OLR_1.56,short_crack_secant,1.56,5.468835356471842,1.2735608762098828e-06,367.58,tempered_martensitic,,20,,measured,0.7378948487993804,-5.894980290927968,0,1,20.0,0.22360679774997896
Southampton D2015,Fig. 12 A OLR=1.56,FV566 stainless steel,martensitic stainless steel,OLR_1.56,short_crack_binned,1.56,8.50402054262679,2.3680391603586564e-06,367.58,tempered_martensitic,,20,,measured,0.9296243006143329,-5.625611119944452,0,1,20.0,0.22360679774997896
Southampton D2015,Fig. 12 A OLR=1.56,FV566 stainless steel,martensitic stainless steel,OLR_1.56,short_crack_secant,1.56,6.113659387789729,1.773888363292337e-06,367.58,tempered_martensitic,,20,,measured,0.7863012390802832,-5.751073715243688,0,1,20.0,0.22360679774997896
Southampton D2015,Fig. 12 A OLR=1.56,FV566 stainless steel,martensitic stainless steel,OLR_1.56,short_crack_binned,1.56,9.397998770354258,3.852407075885897e-06,367.58,tempered_martensitic,,20,,measured,0.9730353838633115,-5.414267828123289,0,1,20.0,0.22360679774997896
Southampton D2015,Fig. 12 A OLR=1.56,FV566 stainless steel,martensitic stainless steel,OLR_1.56,short_crack_secant,1.56,6.113659387789729,2.228731533367295e-06,367.58,tempered_martensitic,,20,,measured,0.7863012390802832,-5.651942242241674,0,1,20.0,0.22360679774997896
Southampton D2015,Fig. 12 A OLR=1.56,FV566 stainless steel,martensitic stainless steel,OLR_1.56,short_crack_binned,1.56,10.344934536918911,2.9091520282650265e-06,367.58,tempered_martensitic,,20,,measured,1.0147277467808893,-5.536233582530398,0,1,20.0,0.22360679774997896
Southampton D2015,Fig. 12 A OLR=1.56,FV566 stainless steel,martensitic stainless steel,OLR_1.56,short_crack_secant,1.56,6.696430202416275,8.142438388882857e-07,367.58,tempered_martensitic,,20,,measured,0.8258433464986302,-6.089245518912237,0,1,20.0,0.22360679774997896
Southampton D2015,Fig. 12 A OLR=1.56,FV566 stainless steel,martensitic stainless steel,OLR_1.56,short_crack_binned,1.56,11.429951551611405,2.703473568171499e-06,367.58,tempered_martensitic,,20,,measured,1.0580443895455514,-5.568077872159516,0,1,20.0,0.22360679774997896
Southampton D2015,Fig. 12 A OLR=1.56,FV566 stainless steel,martensitic stainless steel,OLR_1.56,short_crack_secant,1.56,6.696430202416275,9.551706571574121e-07,367.58,tempered_martensitic,,20,,measured,0.8258433464986302,-6.019919027536268,0,1,20.0,0.22360679774997896
Southampton D2015,Fig. 12 A OLR=1.56,FV566 stainless steel,martensitic stainless steel,OLR_1.56,short_crack_binned,1.56,12.482490707637467,2.3657258006740325e-06,367.58,tempered_martensitic,,20,,measured,1.096301251424662,-5.62603559367052,0,1,20.0,0.22360679774997896
Southampton D2015,Fig. 12 A OLR=1.56,FV566 stainless steel,martensitic stainless steel,OLR_1.56,short_crack_secant,1.56,6.696430202416275,1.5919510952623538e-06,367.58,tempered_martensitic,,20,,measured,0.8258433464986302,-5.798070277919912,0,1,20.0,0.22360679774997896
Southampton D2015,Fig. 12 A OLR=1.56,FV566 stainless steel,martensitic stainless steel,OLR_1.56,short_crack_binned,1.56,13.491380136366974,4.711449566263626e-06,367.58,tempered_martensitic,,20,,measured,1.1300563792456284,-5.326845453428471,0,1,20.0,0.22360679774997896
Southampton D2015,Fig. 12 A OLR=1.56,FV566 stainless steel,martensitic stainless steel,OLR_1.56,short_crack_secant,1.56,6.696430202416275,2.3651844843897824e-06,367.58,tempered_martensitic,,20,,measured,0.8258433464986302,-5.626134978635388,0,1,20.0,0.22360679774997896
Southampton D2015,Fig. 12 A OLR=1.56,FV566 stainless steel,martensitic stainless steel,OLR_1.56,short_crack_binned,1.56,14.522137322385237,4.457646094699883e-06,367.58,tempered_martensitic,,20,,measured,1.1620305391607568,-5.350894414370833,0,1,20.0,0.22360679774997896
Southampton D2015,Fig. 12 A OLR=1.56,FV566 stainless steel,martensitic stainless steel,OLR_1.56,short_crack_secant,1.56,6.696430202416275,2.4527839097375523e-06,367.58,tempered_martensitic,,20,,measured,0.8258433464986302,-5.610340711452157,0,1,20.0,0.22360679774997896
Southampton D2015,Fig. 12 A OLR=1.56,FV566 stainless steel,martensitic stainless steel,OLR_1.56,short_crack_binned,1.56,15.399876423264212,4.215830744393766e-06,367.58,tempered_martensitic,,20,,measured,1.1875172358423218,-5.375116833339002,0,1,20.0,0.22360679774997896
Southampton D2015,Fig. 12 A OLR=1.56,FV566 stainless steel,martensitic stainless steel,OLR_1.56,short_crack_secant,1.56,6.9694768451189635,9.19793966151582e-07,367.58,tempered_martensitic,,20,,measured,0.8432001795606833,-6.036309443724438,0,1,20.0,0.22360679774997896
Southampton D2015,Fig. 12 A OLR=1.56,FV566 stainless steel,martensitic stainless steel,OLR_1.56,short_crack_binned,1.56,17.155517118730167,4.717044742913154e-06,367.58,tempered_martensitic,,20,,measured,1.2344038135274986,-5.326330004291052,0,1,20.0,0.22360679774997896
Southampton D2015,Fig. 12 A OLR=1.56,FV566 stainless steel,martensitic stainless steel,OLR_1.56,short_crack_secant,1.56,6.9694768451189635,4.45746306673459e-06,367.58,tempered_martensitic,,20,,measured,0.8432001795606833,-5.350912246577693,0,1,20.0,0.22360679774997896
Southampton D2015,Fig. 12 A OLR=1.56,FV566 stainless steel,martensitic stainless steel,OLR_1.56,short_crack_binned,1.56,18.479472959826687,5.306503650874512e-06,367.58,tempered_martensitic,,20,,measured,1.266689580850376,-5.275191532639575,0,1,20.0,0.22360679774997896
Southampton D2015,Fig. 12 A OLR=1.56,FV566 stainless steel,martensitic stainless steel,OLR_1.56,short_crack_secant,1.56,6.9694768451189635,5.047649814246487e-06,367.58,tempered_martensitic,,20,,measured,0.8432001795606833,-5.2969107823328105,0,1,20.0,0.22360679774997896
Southampton D2015,Fig. 12 A OLR=1.56,FV566 stainless steel,martensitic stainless steel,OLR_1.56,short_crack_binned,1.56,20.897239884370663,6.405325113934384e-06,367.58,tempered_martensitic,,20,,measured,1.3200889281136219,-5.1934588219529685,0,1,20.0,0.22360679774997896
Southampton D2015,Fig. 12 A OLR=1.56,FV566 stainless steel,martensitic stainless steel,OLR_1.56,short_crack_secant,1.56,7.232165007315732,1.9103413143148242e-06,367.58,tempered_martensitic,,20,,measured,0.8592683263374924,-5.718889031872287,0,1,20.0,0.22360679774997896
Southampton D2015,Fig. 12 A OLR=1.56,FV566 stainless steel,martensitic stainless steel,OLR_1.56,short_crack_binned,1.56,22.832052930234827,4.210668531860584e-06,367.58,tempered_martensitic,,20,,measured,1.3585449625716521,-5.375648945340566,0,1,20.0,0.22360679774997896
Southampton D2015,Fig. 12 A OLR=1.56,FV566 stainless steel,martensitic stainless steel,OLR_1.56,short_crack_secant,1.56,7.485585380391847,3.183902190524707e-07,367.58,tempered_martensitic,,20,,measured,0.8742257682773759,-6.497040282255931,0,1,20.0,0.22360679774997896
Southampton D2015,Fig. 12 A OLR=1.56,FV566 stainless steel,martensitic stainless steel,OLR_1.56,short_crack_binned,1.56,28.836397085018053,1.7374070494071098e-05,367.58,tempered_martensitic,,20,,measured,1.4599409972456443,-4.760098420700091,0,1,20.0,0.22360679774997896
Southampton D2015,Fig. 12 A OLR=1.56,FV566 stainless steel,martensitic stainless steel,OLR_1.56,short_crack_secant,1.56,7.485585380391847,9.551706571574121e-07,367.58,tempered_martensitic,,20,,measured,0.8742257682773759,-6.019919027536268,0,1,20.0,0.22360679774997896
Southampton D2015,Fig. 12 A OLR=1.56,FV566 stainless steel,martensitic stainless steel,OLR_1.56,short_crack_secant,1.56,7.485585380391847,1.5919510952623538e-06,367.58,tempered_martensitic,,20,,measured,0.8742257682773759,-5.798070277919912,0,1,20.0,0.22360679774997896
Southampton D2015,Fig. 12 A OLR=1.56,FV566 stainless steel,martensitic stainless steel,OLR_1.56,short_crack_secant,1.56,7.485585380391847,2.228731533367295e-06,367.58,tempered_martensitic,,20,,measured,0.8742257682773759,-5.651942242241674,0,1,20.0,0.22360679774997896
Southampton D2015,Fig. 12 A OLR=1.56,FV566 stainless steel,martensitic stainless steel,OLR_1.56,short_crack_secant,1.56,7.485585380391847,2.7593818984547466e-06,367.58,tempered_martensitic,,20,,measured,0.8742257682773759,-5.559188189004775,0,1,20.0,0.22360679774997896
Southampton D2015,Fig. 12 A OLR=1.56,FV566 stainless steel,martensitic stainless steel,OLR_1.56,short_crack_secant,1.56,7.485585380391847,3.8206826286296485e-06,367.58,tempered_martensitic,,20,,measured,0.8742257682773759,-5.4178590362083066,0,1,20.0,0.22360679774997896
Southampton D2015,Fig. 12 A OLR=1.56,FV566 stainless steel,martensitic stainless steel,OLR_1.56,short_crack_secant,1.56,7.730649540145538,3.183902190524707e-07,367.58,tempered_martensitic,,20,,measured,0.8882159854900943,-6.497040282255931,0,1,20.0,0.22360679774997896
Southampton D2015,Fig. 12 A OLR=1.56,FV566 stainless steel,martensitic stainless steel,OLR_1.56,short_crack_secant,1.56,7.730649540145538,9.551706571574121e-07,367.58,tempered_martensitic,,20,,measured,0.8882159854900943,-6.019919027536268,0,1,20.0,0.22360679774997896
Southampton D2015,Fig. 12 A OLR=1.56,FV566 stainless steel,martensitic stainless steel,OLR_1.56,short_crack_secant,1.56,7.968128613696445,2.5471217524197657e-06,367.58,tempered_martensitic,,20,,measured,0.9013563354266705,-5.593950295263987,0,1,20.0,0.22360679774997896
Southampton D2015,Fig. 12 A OLR=1.56,FV566 stainless steel,martensitic stainless steel,OLR_1.56,short_crack_secant,1.56,8.198681832911682,6.367804381049414e-07,367.58,tempered_martensitic,,20,,measured,0.9137440330287527,-6.1960102865919495,0,1,20.0,0.22360679774997896
Southampton D2015,Fig. 12 A OLR=1.56,FV566 stainless steel,martensitic stainless steel,OLR_1.56,short_crack_secant,1.56,8.4228780310168,1.839587932303164e-06,367.58,tempered_martensitic,,20,,measured,0.9254605118585937,-5.7352794480604565,0,1,20.0,0.22360679774997896
Southampton D2015,Fig. 12 A OLR=1.56,FV566 stainless steel,martensitic stainless steel,OLR_1.56,short_crack_secant,1.56,8.4228780310168,3.5119405980333133e-06,367.58,tempered_martensitic,,20,,measured,0.9254605118585937,-5.454452838484762,0,1,20.0,0.22360679774997896
Southampton D2015,Fig. 12 A OLR=1.56,FV566 stainless steel,martensitic stainless steel,OLR_1.56,short_crack_secant,1.56,8.4228780310168,5.412633723892002e-06,367.58,tempered_martensitic,,20,,measured,0.9254605118585937,-5.266591360877657,0,1,20.0,0.22360679774997896
Southampton D2015,Fig. 12 A OLR=1.56,FV566 stainless steel,martensitic stainless steel,OLR_1.56,short_crack_secant,1.56,8.64121210376306,1.3796909492273733e-06,367.58,tempered_martensitic,,20,,measured,0.9365746652861008,-5.860218184668756,0,1,20.0,0.22360679774997896
Southampton D2015,Fig. 12 A OLR=1.56,FV566 stainless steel,martensitic stainless steel,OLR_1.56,short_crack_secant,1.56,8.64121210376306,1.5919510952623538e-06,367.58,tempered_martensitic,,20,,measured,0.9365746652861008,-5.798070277919912,0,1,20.0,0.22360679774997896
Southampton D2015,Fig. 12 A OLR=1.56,FV566 stainless steel,martensitic stainless steel,OLR_1.56,short_crack_secant,1.56,8.64121210376306,1.6152479405588758e-06,367.58,tempered_martensitic,,20,,measured,0.9365746652861008,-5.791760804012905,0,1,20.0,0.22360679774997896
Southampton D2015,Fig. 12 A OLR=1.56,FV566 stainless steel,martensitic stainless steel,OLR_1.56,short_crack_secant,1.56,8.64121210376306,2.956480605487228e-06,367.58,tempered_martensitic,,20,,measured,0.9365746652861008,-5.529224965627332,0,1,20.0,0.22360679774997896
Southampton D2015,Fig. 12 A OLR=1.56,FV566 stainless steel,martensitic stainless steel,OLR_1.56,short_crack_secant,1.56,9.061977833458375,8.142438388882857e-07,367.58,tempered_martensitic,,20,,measured,0.9572229955149298,-6.089245518912237,0,1,20.0,0.22360679774997896
Southampton D2015,Fig. 12 A OLR=1.56,FV566 stainless steel,martensitic stainless steel,OLR_1.56,short_crack_secant,1.56,9.061977833458375,1.5919510952623538e-06,367.58,tempered_martensitic,,20,,measured,0.9572229955149298,-5.798070277919912,0,1,20.0,0.22360679774997896
Southampton D2015,Fig. 12 A OLR=1.56,FV566 stainless steel,martensitic stainless steel,OLR_1.56,short_crack_secant,1.56,9.061977833458375,2.5471217524197657e-06,367.58,tempered_martensitic,,20,,measured,0.9572229955149298,-5.593950295263987,0,1,20.0,0.22360679774997896
Southampton D2015,Fig. 12 A OLR=1.56,FV566 stainless steel,martensitic stainless steel,OLR_1.56,short_crack_secant,1.56,9.061977833458375,3.1839021905247075e-06,367.58,tempered_martensitic,,20,,measured,0.9572229955149298,-5.497040282255931,0,1,20.0,0.22360679774997896
Southampton D2015,Fig. 12 A OLR=1.56,FV566 stainless steel,martensitic stainless steel,OLR_1.56,short_crack_secant,1.56,9.061977833458375,3.372577875889134e-06,367.58,tempered_martensitic,,20,,measured,0.9572229955149298,-5.472038013285875,0,1,20.0,0.22360679774997896
Southampton D2015,Fig. 12 A OLR=1.56,FV566 stainless steel,martensitic stainless steel,OLR_1.56,short_crack_secant,1.56,9.463883037722017,1.1957321559970567e-05,367.58,tempered_martensitic,,20,,measured,0.9760693642925486,-4.922366091417601,0,1,20.0,0.22360679774997896
Southampton D2015,Fig. 12 A OLR=1.56,FV566 stainless steel,martensitic stainless steel,OLR_1.56,short_crack_secant,1.56,9.658503236981407,1.9103413143148242e-06,367.58,tempered_martensitic,,20,,measured,0.9849098296986599,-5.718889031872287,0,1,20.0,0.22360679774997896
Southampton D2015,Fig. 12 A OLR=1.56,FV566 stainless steel,martensitic stainless steel,OLR_1.56,short_crack_secant,1.56,9.84923742051576,1.4133419479890163e-06,367.58,tempered_martensitic,,20,,measured,0.9934026064486078,-5.849752750990592,0,1,20.0,0.22360679774997896
Southampton D2015,Fig. 12 A OLR=1.56,FV566 stainless steel,martensitic stainless steel,OLR_1.56,short_crack_secant,1.56,9.84923742051576,2.228731533367295e-06,367.58,tempered_martensitic,,20,,measured,0.9934026064486078,-5.651942242241674,0,1,20.0,0.22360679774997896
Southampton D2015,Fig. 12 A OLR=1.56,FV566 stainless steel,martensitic stainless steel,OLR_1.56,short_crack_secant,1.56,9.84923742051576,9.504537650233014e-06,367.58,tempered_martensitic,,20,,measured,0.9934026064486078,-5.022069004609827,0,1,20.0,0.22360679774997896
Southampton D2015,Fig. 12 A OLR=1.56,FV566 stainless steel,martensitic stainless steel,OLR_1.56,short_crack_secant,1.56,10.036307216425866,2.956480605487228e-07,367.58,tempered_martensitic,,20,,measured,1.001573946819179,-6.529224965627332,0,1,20.0,0.22360679774997896
Southampton D2015,Fig. 12 A OLR=1.56,FV566 stainless steel,martensitic stainless steel,OLR_1.56,short_crack_secant,1.56,10.036307216425866,3.183902190524707e-07,367.58,tempered_martensitic,,20,,measured,1.001573946819179,-6.497040282255931,0,1,20.0,0.22360679774997896
Southampton D2015,Fig. 12 A OLR=1.56,FV566 stainless steel,martensitic stainless steel,OLR_1.56,short_crack_secant,1.56,10.036307216425866,3.8206826286296485e-06,367.58,tempered_martensitic,,20,,measured,1.001573946819179,-5.4178590362083066,0,1,20.0,0.22360679774997896
Southampton D2015,Fig. 12 A OLR=1.56,FV566 stainless steel,martensitic stainless steel,OLR_1.56,short_crack_secant,1.56,10.036307216425866,4.292371842040717e-06,367.58,tempered_martensitic,,20,,measured,1.001573946819179,-5.367302662765862,0,1,20.0,0.22360679774997896
Southampton D2015,Fig. 12 A OLR=1.56,FV566 stainless steel,martensitic stainless steel,OLR_1.56,short_crack_secant,1.56,10.036307216425866,9.23331635252165e-06,367.58,tempered_martensitic,,20,,measured,1.001573946819179,-5.034642284356975,0,1,20.0,0.22360679774997896
Southampton D2015,Fig. 12 A OLR=1.56,FV566 stainless steel,martensitic stainless steel,OLR_1.56,short_crack_secant,1.56,10.219913920319227,6.131959774343881e-07,367.58,tempered_martensitic,,20,,measured,1.0094472378644668,-6.212400702780119,0,1,20.0,0.22360679774997896
Southampton D2015,Fig. 12 A OLR=1.56,FV566 stainless steel,martensitic stainless steel,OLR_1.56,short_crack_secant,1.56,10.219913920319227,1.2417218543046358e-06,367.58,tempered_martensitic,,20,,measured,1.0094472378644668,-5.905975675229432,0,1,20.0,0.22360679774997896
Southampton D2015,Fig. 12 A OLR=1.56,FV566 stainless steel,martensitic stainless steel,OLR_1.56,short_crack_secant,1.56,10.400241015645502,1.2735608762098828e-06,367.58,tempered_martensitic,,20,,measured,1.017043403774939,-5.894980290927968,0,1,20.0,0.22360679774997896
Southampton D2015,Fig. 12 A OLR=1.56,FV566 stainless steel,martensitic stainless steel,OLR_1.56,short_crack_secant,1.56,10.400241015645502,1.9103413143148242e-06,367.58,tempered_martensitic,,20,,measured,1.017043403774939,-5.718889031872287,0,1,20.0,0.22360679774997896
Southampton D2015,Fig. 12 A OLR=1.56,FV566 stainless steel,martensitic stainless steel,OLR_1.56,short_crack_secant,1.56,10.577456306002277,1.2735608762098828e-06,367.58,tempered_martensitic,,20,,measured,1.0243812399970647,-5.894980290927968,0,1,20.0,0.22360679774997896
Southampton D2015,Fig. 12 A OLR=1.56,FV566 stainless steel,martensitic stainless steel,OLR_1.56,short_crack_secant,1.56,10.577456306002277,2.7593818984547466e-06,367.58,tempered_martensitic,,20,,measured,1.0243812399970647,-5.559188189004775,0,1,20.0,0.22360679774997896
Southampton D2015,Fig. 12 A OLR=1.56,FV566 stainless steel,martensitic stainless steel,OLR_1.56,short_crack_secant,1.56,10.577456306002277,4.0381198513971895e-06,367.58,tempered_martensitic,,20,,measured,1.0243812399970647,-5.393820795340868,0,1,20.0,0.22360679774997896
Southampton D2015,Fig. 12 A OLR=1.56,FV566 stainless steel,martensitic stainless steel,OLR_1.56,short_crack_secant,1.56,10.751713730025232,5.518763796909493e-06,367.58,tempered_martensitic,,20,,measured,1.0314776925470384,-5.258158193340794,0,1,20.0,0.22360679774997896
Southampton D2015,Fig. 12 A OLR=1.56,FV566 stainless steel,martensitic stainless steel,OLR_1.56,short_crack_secant,1.56,10.923154914773914,4.139072847682119e-06,367.58,tempered_martensitic,,20,,measured,1.0383480929646374,-5.383096929949094,0,1,20.0,0.22360679774997896
Southampton D2015,Fig. 12 A OLR=1.56,FV566 stainless steel,martensitic stainless steel,OLR_1.56,short_crack_secant,1.56,11.091910512244965,9.551706571574121e-07,367.58,tempered_martensitic,,20,,measured,1.0450063571017325,-6.019919027536268,0,1,20.0,0.22360679774997896
Southampton D2015,Fig. 12 A OLR=1.56,FV566 stainless steel,martensitic stainless steel,OLR_1.56,short_crack_secant,1.56,11.091910512244965,1.793598233995585e-06,367.58,tempered_martensitic,,20,,measured,1.0450063571017325,-5.7462748323619195,0,1,20.0,0.22360679774997896
Southampton D2015,Fig. 12 A OLR=1.56,FV566 stainless steel,martensitic stainless steel,OLR_1.56,short_crack_secant,1.56,11.091910512244965,1.9103413143148242e-06,367.58,tempered_martensitic,,20,,measured,1.0450063571017325,-5.718889031872287,0,1,20.0,0.22360679774997896
Southampton D2015,Fig. 12 A OLR=1.56,FV566 stainless steel,martensitic stainless steel,OLR_1.56,short_crack_secant,1.56,11.091910512244965,2.5784388231462386e-06,367.58,tempered_martensitic,,20,,measured,1.0450063571017325,-5.588643168343051,0,1,20.0,0.22360679774997896
Southampton D2015,Fig. 12 A OLR=1.56,FV566 stainless steel,martensitic stainless steel,OLR_1.56,short_crack_secant,1.56,11.091910512244965,4.292371842040717e-06,367.58,tempered_martensitic,,20,,measured,1.0450063571017325,-5.367302662765862,0,1,20.0,0.22360679774997896
Southampton D2015,Fig. 12 A OLR=1.56,FV566 stainless steel,martensitic stainless steel,OLR_1.56,short_crack_secant,1.56,11.258101354911767,1.9103413143148242e-06,367.58,tempered_martensitic,,20,,measured,1.0514651542265419,-5.718889031872287,0,1,20.0,0.22360679774997896
Southampton D2015,Fig. 12 A OLR=1.56,FV566 stainless steel,martensitic stainless steel,OLR_1.56,short_crack_secant,1.56,11.421839459370984,9.551706571574121e-07,367.58,tempered_martensitic,,20,,measured,1.0577360516088883,-6.019919027536268,0,1,20.0,0.22360679774997896
Southampton D2015,Fig. 12 A OLR=1.56,FV566 stainless steel,martensitic stainless steel,OLR_1.56,short_crack_secant,1.56,11.583228901810058,2.228731533367295e-06,367.58,tempered_martensitic,,20,,measured,1.0638296387326218,-5.651942242241674,0,1,20.0,0.22360679774997896
Southampton D2015,Fig. 12 A OLR=1.56,FV566 stainless steel,martensitic stainless steel,OLR_1.56,short_crack_secant,1.56,11.583228901810058,2.5471217524197657e-06,367.58,tempered_martensitic,,20,,measured,1.0638296387326218,-5.593950295263987,0,1,20.0,0.22360679774997896
Southampton D2015,Fig. 12 A OLR=1.56,FV566 stainless steel,martensitic stainless steel,OLR_1.56,short_crack_secant,1.56,11.742366584754475,2.228731533367295e-06,367.58,tempered_martensitic,,20,,measured,1.069755634485766,-5.651942242241674,0,1,20.0,0.22360679774997896
Southampton D2015,Fig. 12 A OLR=1.56,FV566 stainless steel,martensitic stainless steel,OLR_1.56,short_crack_secant,1.56,11.742366584754475,9.870096790626592e-06,367.58,tempered_martensitic,,20,,measured,1.069755634485766,-5.005678588421659,0,1,20.0,0.22360679774997896
Southampton D2015,Fig. 12 A OLR=1.56,FV566 stainless steel,martensitic stainless steel,OLR_1.56,short_crack_secant,1.56,11.899342911155795,1.0095299628492974e-06,367.58,tempered_martensitic,,20,,measured,1.0755229800531891,-5.995880786668829,0,1,20.0,0.22360679774997896
Southampton D2015,Fig. 12 A OLR=1.56,FV566 stainless steel,martensitic stainless steel,OLR_1.56,short_crack_secant,1.56,11.899342911155795,2.8655119714722364e-06,367.58,tempered_martensitic,,20,,measured,1.0755229800531891,-5.5427977728166065,0,1,20.0,0.22360679774997896
Southampton D2015,Fig. 12 A OLR=1.56,FV566 stainless steel,martensitic stainless steel,OLR_1.56,short_crack_secant,1.56,12.054242379150537,1.5919510952623538e-06,367.58,tempered_martensitic,,20,,measured,1.081139919740928,-5.798070277919912,0,1,20.0,0.22360679774997896
Southampton D2015,Fig. 12 A OLR=1.56,FV566 stainless steel,martensitic stainless steel,OLR_1.56,short_crack_secant,1.56,12.054242379150537,2.228731533367295e-06,367.58,tempered_martensitic,,20,,measured,1.081139919740928,-5.651942242241674,0,1,20.0,0.22360679774997896
Southampton D2015,Fig. 12 A OLR=1.56,FV566 stainless steel,martensitic stainless steel,OLR_1.56,short_crack_secant,1.56,12.207144108611002,1.53298994358597e-06,367.58,tempered_martensitic,,20,,measured,1.0866140715660773,-5.814460694108082,0,1,20.0,0.22360679774997896
Southampton D2015,Fig. 12 A OLR=1.56,FV566 stainless steel,martensitic stainless steel,OLR_1.56,short_crack_secant,1.56,12.207144108611002,5.094243504839531e-06,367.58,tempered_martensitic,,20,,measured,1.0866140715660773,-5.292920299600006,0,1,20.0,0.22360679774997896
Southampton D2015,Fig. 12 A OLR=1.56,FV566 stainless steel,martensitic stainless steel,OLR_1.56,short_crack_secant,1.56,12.358122308812385,6.131959774343881e-07,367.58,tempered_martensitic,,20,,measured,1.091952489129041,-6.212400702780119,0,1,20.0,0.22360679774997896
Southampton D2015,Fig. 12 A OLR=1.56,FV566 stainless steel,martensitic stainless steel,OLR_1.56,short_crack_secant,1.56,12.358122308812385,3.256975355553143e-06,367.58,tempered_martensitic,,20,,measured,1.091952489129041,-5.487185527584274,0,1,20.0,0.22360679774997896
Southampton D2015,Fig. 12 A OLR=1.56,FV566 stainless steel,martensitic stainless steel,OLR_1.56,short_crack_secant,1.56,12.358122308812385,3.5022924095771778e-06,367.58,tempered_martensitic,,20,,measured,1.091952489129041,-5.455647597097706,0,1,20.0,0.22360679774997896
Southampton D2015,Fig. 12 A OLR=1.56,FV566 stainless steel,martensitic stainless steel,OLR_1.56,short_crack_secant,1.56,12.507246695070299,6.367804381049414e-07,367.58,tempered_martensitic,,20,,measured,1.0971617160289877,-6.1960102865919495,0,1,20.0,0.22360679774997896
Southampton D2015,Fig. 12 A OLR=1.56,FV566 stainless steel,martensitic stainless steel,OLR_1.56,short_crack_secant,1.56,12.507246695070299,1.6556291390728476e-06,367.58,tempered_martensitic,,20,,measured,1.0971617160289877,-5.781036938621132,0,1,20.0,0.22360679774997896
Southampton D2015,Fig. 12 A OLR=1.56,FV566 stainless steel,martensitic stainless steel,OLR_1.56,short_crack_secant,1.56,12.654582860994026,1.0794473229706391e-06,367.58,tempered_martensitic,,20,,measured,1.1022478338756005,-5.966798546383361,0,1,20.0,0.22360679774997896
Southampton D2015,Fig. 12 A OLR=1.56,FV566 stainless steel,martensitic stainless steel,OLR_1.56,short_crack_secant,1.56,12.80019261200162,2.8655119714722364e-06,367.58,tempered_martensitic,,20,,measured,1.1072165047806872,-5.5427977728166065,0,1,20.0,0.22360679774997896
Southampton D2015,Fig. 12 A OLR=1.56,FV566 stainless steel,martensitic stainless steel,OLR_1.56,short_crack_secant,1.56,12.80019261200162,3.8206826286296485e-06,367.58,tempered_martensitic,,20,,measured,1.1072165047806872,-5.4178590362083066,0,1,20.0,0.22360679774997896
Southampton D2015,Fig. 12 A OLR=1.56,FV566 stainless steel,martensitic stainless steel,OLR_1.56,short_crack_secant,1.56,12.944134264913219,1.6545334215751159e-06,367.58,tempered_martensitic,,20,,measured,1.1120730090741695,-5.781324455666987,0,1,20.0,0.22360679774997896
Southampton D2015,Fig. 12 A OLR=1.56,FV566 stainless steel,martensitic stainless steel,OLR_1.56,short_crack_secant,1.56,12.944134264913219,3.58719646799117e-06,367.58,tempered_martensitic,,20,,measured,1.1120730090741695,-5.445244836697938,0,1,20.0,0.22360679774997896
Southampton D2015,Fig. 12 A OLR=1.56,FV566 stainless steel,martensitic stainless steel,OLR_1.56,short_crack_secant,1.56,13.086462917746864,1.4964340295466123e-05,367.58,tempered_martensitic,,20,,measured,1.1168222788744009,-4.824942424320214,0,1,20.0,0.22360679774997896
Southampton D2015,Fig. 12 A OLR=1.56,FV566 stainless steel,martensitic stainless steel,OLR_1.56,short_crack_secant,1.56,13.227230693261168,1.9103413143148242e-06,367.58,tempered_martensitic,,20,,measured,1.1214689280478862,-5.718889031872287,0,1,20.0,0.22360679774997896
Southampton D2015,Fig. 12 A OLR=1.56,FV566 stainless steel,martensitic stainless steel,OLR_1.56,short_crack_secant,1.56,13.227230693261168,2.5471217524197657e-06,367.58,tempered_martensitic,,20,,measured,1.1214689280478862,-5.593950295263987,0,1,20.0,0.22360679774997896
Southampton D2015,Fig. 12 A OLR=1.56,FV566 stainless steel,martensitic stainless steel,OLR_1.56,short_crack_secant,1.56,13.227230693261168,3.8206826286296485e-06,367.58,tempered_martensitic,,20,,measured,1.1214689280478862,-5.4178590362083066,0,1,20.0,0.22360679774997896
Southampton D2015,Fig. 12 A OLR=1.56,FV566 stainless steel,martensitic stainless steel,OLR_1.56,short_crack_secant,1.56,13.366486959301573,5.212165808192298e-06,367.58,tempered_martensitic,,20,,measured,1.12601727901461,-5.282981777065826,0,1,20.0,0.22360679774997896
Southampton D2015,Fig. 12 A OLR=1.56,FV566 stainless steel,martensitic stainless steel,OLR_1.56,short_crack_secant,1.56,13.366486959301573,7.959755476311768e-06,367.58,tempered_martensitic,,20,,measured,1.12601727901461,-5.099100273583893,0,1,20.0,0.22360679774997896
Southampton D2015,Fig. 12 A OLR=1.56,FV566 stainless steel,martensitic stainless steel,OLR_1.56,short_crack_secant,1.56,13.50427852859485,4.139072847682119e-06,367.58,tempered_martensitic,,20,,measured,1.1304713867893064,-5.383096929949094,0,1,20.0,0.22360679774997896
Southampton D2015,Fig. 12 A OLR=1.56,FV566 stainless steel,martensitic stainless steel,OLR_1.56,short_crack_secant,1.56,13.640649840287473,3.183902190524707e-07,367.58,tempered_martensitic,,20,,measured,1.1348350605937985,-6.497040282255931,0,1,20.0,0.22360679774997896
Southampton D2015,Fig. 12 A OLR=1.56,FV566 stainless steel,martensitic stainless steel,OLR_1.56,short_crack_secant,1.56,13.640649840287473,9.551706571574121e-07,367.58,tempered_martensitic,,20,,measured,1.1348350605937985,-6.019919027536268,0,1,20.0,0.22360679774997896
Southampton D2015,Fig. 12 A OLR=1.56,FV566 stainless steel,martensitic stainless steel,OLR_1.56,short_crack_secant,1.56,13.640649840287473,9.551706571574121e-06,367.58,tempered_martensitic,,20,,measured,1.1348350605937985,-5.019919027536268,0,1,20.0,0.22360679774997896
Southampton D2015,Fig. 12 A OLR=1.56,FV566 stainless steel,martensitic stainless steel,OLR_1.56,short_crack_secant,1.56,13.77564312522638,6.367804381049414e-07,367.58,tempered_martensitic,,20,,measured,1.1391118833290568,-6.1960102865919495,0,1,20.0,0.22360679774997896
Southampton D2015,Fig. 12 A OLR=1.56,FV566 stainless steel,martensitic stainless steel,OLR_1.56,short_crack_secant,1.56,13.77564312522638,8.91492613346918e-06,367.58,tempered_martensitic,,20,,measured,1.1391118833290568,-5.049882250913711,0,1,20.0,0.22360679774997896
Southampton D2015,Fig. 12 A OLR=1.56,FV566 stainless steel,martensitic stainless steel,OLR_1.56,short_crack_secant,1.56,13.909298556727139,3.183902190524707e-07,367.58,tempered_martensitic,,20,,measured,1.1433052291563934,-6.497040282255931,0,1,20.0,0.22360679774997896
Southampton D2015,Fig. 12 A OLR=1.56,FV566 stainless steel,martensitic stainless steel,OLR_1.56,short_crack_secant,1.56,14.04165438835743,1.2098828323993887e-05,367.58,tempered_martensitic,,20,,measured,1.1474182794039383,-4.917256685639121,0,1,20.0,0.22360679774997896
Southampton D2015,Fig. 12 A OLR=1.56,FV566 stainless steel,martensitic stainless steel,OLR_1.56,short_crack_secant,1.56,14.302611413915189,1.9103413143148242e-06,367.58,tempered_martensitic,,20,,measured,1.1554153395008144,-5.718889031872287,0,1,20.0,0.22360679774997896
Southampton D2015,Fig. 12 A OLR=1.56,FV566 stainless steel,martensitic stainless steel,OLR_1.56,short_crack_secant,1.56,14.302611413915189,4.45746306673459e-06,367.58,tempered_martensitic,,20,,measured,1.1554153395008144,-5.350912246577693,0,1,20.0,0.22360679774997896
Southampton D2015,Fig. 12 A OLR=1.56,FV566 stainless steel,martensitic stainless steel,OLR_1.56,short_crack_secant,1.56,14.431280600226412,3.8206826286296485e-06,367.58,tempered_martensitic,,20,,measured,1.1593048711444311,-5.4178590362083066,0,1,20.0,0.22360679774997896
Southampton D2015,Fig. 12 A OLR=1.56,FV566 stainless steel,martensitic stainless steel,OLR_1.56,short_crack_secant,1.56,14.55878637544688,6.367804381049414e-07,367.58,tempered_martensitic,,20,,measured,1.1631251735749386,-6.1960102865919495,0,1,20.0,0.22360679774997896
Southampton D2015,Fig. 12 A OLR=1.56,FV566 stainless steel,martensitic stainless steel,OLR_1.56,short_crack_secant,1.56,14.55878637544688,2.4527839097375523e-06,367.58,tempered_martensitic,,20,,measured,1.1631251735749386,-5.610340711452157,0,1,20.0,0.22360679774997896
Southampton D2015,Fig. 12 A OLR=1.56,FV566 stainless steel,martensitic stainless steel,OLR_1.56,short_crack_secant,1.56,14.55878637544688,3.1839021905247075e-06,367.58,tempered_martensitic,,20,,measured,1.1631251735749386,-5.497040282255931,0,1,20.0,0.22360679774997896
Southampton D2015,Fig. 12 A OLR=1.56,FV566 stainless steel,martensitic stainless steel,OLR_1.56,short_crack_secant,1.56,14.55878637544688,5.249555806816347e-06,367.58,tempered_martensitic,,20,,measured,1.1631251735749386,-5.279877443034031,0,1,20.0,0.22360679774997896
Southampton D2015,Fig. 12 A OLR=1.56,FV566 stainless steel,martensitic stainless steel,OLR_1.56,short_crack_secant,1.56,14.685159092167204,1.2417218543046358e-05,367.58,tempered_martensitic,,20,,measured,1.1668786558282485,-4.905975675229432,0,1,20.0,0.22360679774997896
Southampton D2015,Fig. 12 A OLR=1.56,FV566 stainless steel,martensitic stainless steel,OLR_1.56,short_crack_secant,1.56,14.81042780224758,1.2735608762098828e-06,367.58,tempered_martensitic,,20,,measured,1.1705676033876582,-5.894980290927968,0,1,20.0,0.22360679774997896
Southampton D2015,Fig. 12 A OLR=1.56,FV566 stainless steel,martensitic stainless steel,OLR_1.56,short_crack_secant,1.56,14.934620333621064,1.53298994358597e-06,367.58,tempered_martensitic,,20,,measured,1.174194186490921,-5.814460694108082,0,1,20.0,0.22360679774997896
Southampton D2015,Fig. 12 A OLR=1.56,FV566 stainless steel,martensitic stainless steel,OLR_1.56,short_crack_secant,1.56,15.057763361361229,1.2735608762098828e-06,367.58,tempered_martensitic,,20,,measured,1.1777604677506837,-5.894980290927968,0,1,20.0,0.22360679774997896
Southampton D2015,Fig. 12 A OLR=1.56,FV566 stainless steel,martensitic stainless steel,OLR_1.56,short_crack_secant,1.56,15.057763361361229,3.8206826286296485e-06,367.58,tempered_martensitic,,20,,measured,1.1777604677506837,-5.4178590362083066,0,1,20.0,0.22360679774997896
Southampton D2015,Fig. 12 A OLR=1.56,FV566 stainless steel,martensitic stainless steel,OLR_1.56,short_crack_secant,1.56,15.057763361361229,4.292371842040717e-06,367.58,tempered_martensitic,,20,,measured,1.1777604677506837,-5.367302662765862,0,1,20.0,0.22360679774997896
Southampton D2015,Fig. 12 A OLR=1.56,FV566 stainless steel,martensitic stainless steel,OLR_1.56,short_crack_secant,1.56,15.057763361361229,4.59896983075791e-06,367.58,tempered_martensitic,,20,,measured,1.1777604677506837,-5.337339439388419,0,1,20.0,0.22360679774997896
Southampton D2015,Fig. 12 A OLR=1.56,FV566 stainless steel,martensitic stainless steel,OLR_1.56,short_crack_secant,1.56,15.17988247352918,4.45746306673459e-06,367.58,tempered_martensitic,,20,,measured,1.181268409155289,-5.350912246577693,0,1,20.0,0.22360679774997896
Southampton D2015,Fig. 12 A OLR=1.56,FV566 stainless steel,martensitic stainless steel,OLR_1.56,short_crack_secant,1.56,15.301002232261268,3.2383419689119167e-06,367.58,tempered_martensitic,,20,,measured,1.1847198785094428,-5.489677291663699,0,1,20.0,0.22360679774997896
Southampton D2015,Fig. 12 A OLR=1.56,FV566 stainless steel,martensitic stainless steel,OLR_1.56,short_crack_secant,1.56,15.421146230511344,7.0045848191543556e-06,367.58,tempered_martensitic,,20,,measured,1.188116655367674,-5.154617601433725,0,1,20.0,0.22360679774997896
Southampton D2015,Fig. 12 A OLR=1.56,FV566 stainless steel,martensitic stainless steel,OLR_1.56,short_crack_secant,1.56,15.540337144819466,1.2735608762098828e-06,367.58,tempered_martensitic,,20,,measured,1.1914604365077788,-5.894980290927968,0,1,20.0,0.22360679774997896
Southampton D2015,Fig. 12 A OLR=1.56,FV566 stainless steel,martensitic stainless steel,OLR_1.56,short_crack_secant,1.56,15.540337144819466,4.730368968779565e-06,367.58,tempered_martensitic,,20,,measured,1.1914604365077788,-5.325104982971408,0,1,20.0,0.22360679774997896
Southampton D2015,Fig. 12 A OLR=1.56,FV566 stainless steel,martensitic stainless steel,OLR_1.56,short_crack_secant,1.56,15.540337144819466,4.775853285787061e-06,367.58,tempered_martensitic,,20,,measured,1.1914604365077788,-5.320949023200249,0,1,20.0,0.22360679774997896
Southampton D2015,Fig. 12 A OLR=1.56,FV566 stainless steel,martensitic stainless steel,OLR_1.56,short_crack_secant,1.56,15.77594613714598,3.3090668431502318e-06,367.58,tempered_martensitic,,20,,measured,1.1979954148144145,-5.480294460003006,0,1,20.0,0.22360679774997896
Southampton D2015,Fig. 12 A OLR=1.56,FV566 stainless steel,martensitic stainless steel,OLR_1.56,short_crack_secant,1.56,15.77594613714598,7.959755476311768e-06,367.58,tempered_martensitic,,20,,measured,1.1979954148144145,-5.099100273583893,0,1,20.0,0.22360679774997896
Southampton D2015,Fig. 12 A OLR=1.56,FV566 stainless steel,martensitic stainless steel,OLR_1.56,short_crack_secant,1.56,15.892405411937716,4.0712191944414296e-06,367.58,tempered_martensitic,,20,,measured,1.2011896352860245,-5.390275514576217,0,1,20.0,0.22360679774997896
Southampton D2015,Fig. 12 A OLR=1.56,FV566 stainless steel,martensitic stainless steel,OLR_1.56,short_crack_secant,1.56,16.00799407897755,7.322975038206826e-06,367.58,tempered_martensitic,,20,,measured,1.2043369149917325,-5.135312446238338,0,1,20.0,0.22360679774997896
Southampton D2015,Fig. 12 A OLR=1.56,FV566 stainless steel,martensitic stainless steel,OLR_1.56,short_crack_secant,1.56,16.684249476923963,2.4228719108383137e-06,367.58,tempered_martensitic,,20,,measured,1.2223066751585332,-5.615669544957224,0,1,20.0,0.22360679774997896
Southampton D2015,Fig. 12 A OLR=1.56,FV566 stainless steel,martensitic stainless steel,OLR_1.56,short_crack_secant,1.56,16.684249476923963,5.094243504839531e-06,367.58,tempered_martensitic,,20,,measured,1.2223066751585332,-5.292920299600006,0,1,20.0,0.22360679774997896
Southampton D2015,Fig. 12 A OLR=1.56,FV566 stainless steel,martensitic stainless steel,OLR_1.56,short_crack_secant,1.56,16.684249476923963,8.278145695364238e-06,367.58,tempered_martensitic,,20,,measured,1.2223066751585332,-5.082066934285113,0,1,20.0,0.22360679774997896
Southampton D2015,Fig. 12 A OLR=1.56,FV566 stainless steel,martensitic stainless steel,OLR_1.56,short_crack_secant,1.56,16.903481623549432,2.1588946459412782e-06,367.58,tempered_martensitic,,20,,measured,1.227976165806918,-5.665768550719379,0,1,20.0,0.22360679774997896
Southampton D2015,Fig. 12 A OLR=1.56,FV566 stainless steel,martensitic stainless steel,OLR_1.56,short_crack_secant,1.56,17.226939383902796,2.228731533367295e-06,367.58,tempered_martensitic,,20,,measured,1.2362081255761848,-5.651942242241674,0,1,20.0,0.22360679774997896
Southampton D2015,Fig. 12 A OLR=1.56,FV566 stainless steel,martensitic stainless steel,OLR_1.56,short_crack_secant,1.56,17.333375081600384,3.3090668431502318e-06,367.58,tempered_martensitic,,20,,measured,1.2388831349355314,-5.480294460003006,0,1,20.0,0.22360679774997896
Southampton D2015,Fig. 12 A OLR=1.56,FV566 stainless steel,martensitic stainless steel,OLR_1.56,short_crack_secant,1.56,17.43914024759682,1.5919510952623538e-06,367.58,tempered_martensitic,,20,,measured,1.2415250703368959,-5.798070277919912,0,1,20.0,0.22360679774997896
Southampton D2015,Fig. 12 A OLR=1.56,FV566 stainless steel,martensitic stainless steel,OLR_1.56,short_crack_secant,1.56,17.43914024759682,5.731023942944473e-06,367.58,tempered_martensitic,,20,,measured,1.2415250703368959,-5.241767777152625,0,1,20.0,0.22360679774997896
Southampton D2015,Fig. 12 A OLR=1.56,FV566 stainless steel,martensitic stainless steel,OLR_1.56,short_crack_secant,1.56,17.752532416572137,2.228731533367295e-06,367.58,tempered_martensitic,,20,,measured,1.2492603143541892,-5.651942242241674,0,1,20.0,0.22360679774997896
Southampton D2015,Fig. 12 A OLR=1.56,FV566 stainless steel,martensitic stainless steel,OLR_1.56,short_crack_secant,1.56,17.752532416572137,2.5471217524197657e-06,367.58,tempered_martensitic,,20,,measured,1.2492603143541892,-5.593950295263987,0,1,20.0,0.22360679774997896
Southampton D2015,Fig. 12 A OLR=1.56,FV566 stainless steel,martensitic stainless steel,OLR_1.56,short_crack_secant,1.56,17.95832149762204,1.369077941925624e-05,367.58,tempered_martensitic,,20,,measured,1.254265742220682,-4.863571826676345,0,1,20.0,0.22360679774997896
Southampton D2015,Fig. 12 A OLR=1.56,FV566 stainless steel,martensitic stainless steel,OLR_1.56,short_crack_secant,1.56,18.06030673427056,1.369077941925624e-05,367.58,tempered_martensitic,,20,,measured,1.256725122050016,-4.863571826676345,0,1,20.0,0.22360679774997896
Southampton D2015,Fig. 12 A OLR=1.56,FV566 stainless steel,martensitic stainless steel,OLR_1.56,short_crack_secant,1.56,18.16169945622658,4.775853285787061e-06,367.58,tempered_martensitic,,20,,measured,1.259156484599641,-5.320949023200249,0,1,20.0,0.22360679774997896
Southampton D2015,Fig. 12 A OLR=1.56,FV566 stainless steel,martensitic stainless steel,OLR_1.56,short_crack_secant,1.56,18.16169945622658,1.337238920020377e-05,367.58,tempered_martensitic,,20,,measured,1.259156484599641,-4.873790991858031,0,1,20.0,0.22360679774997896
Southampton D2015,Fig. 12 A OLR=1.56,FV566 stainless steel,martensitic stainless steel,OLR_1.56,short_crack_secant,1.56,18.26250957064379,1.9103413143148242e-06,367.58,tempered_martensitic,,20,,measured,1.2615604565386132,-5.718889031872287,0,1,20.0,0.22360679774997896
Southampton D2015,Fig. 12 A OLR=1.56,FV566 stainless steel,martensitic stainless steel,OLR_1.56,short_crack_secant,1.56,18.362746711016218,3.183902190524707e-07,367.58,tempered_martensitic,,20,,measured,1.263937643761591,-6.497040282255931,0,1,20.0,0.22360679774997896
Southampton D2015,Fig. 12 A OLR=1.56,FV566 stainless steel,martensitic stainless steel,OLR_1.56,short_crack_secant,1.56,18.46242024766511,5.731023942944473e-06,367.58,tempered_martensitic,,20,,measured,1.266288632297053,-5.241767777152625,0,1,20.0,0.22360679774997896
Southampton D2015,Fig. 12 A OLR=1.56,FV566 stainless steel,martensitic stainless steel,OLR_1.56,short_crack_secant,1.56,19.24056387568757,3.5022924095771778e-06,367.58,tempered_martensitic,,20,,measured,1.2842177955869885,-5.455647597097706,0,1,20.0,0.22360679774997896
Southampton D2015,Fig. 12 A OLR=1.56,FV566 stainless steel,martensitic stainless steel,OLR_1.56,short_crack_secant,1.56,19.24056387568757,4.139072847682119e-06,367.58,tempered_martensitic,,20,,measured,1.2842177955869885,-5.383096929949094,0,1,20.0,0.22360679774997896
Southampton D2015,Fig. 12 A OLR=1.56,FV566 stainless steel,martensitic stainless steel,OLR_1.56,short_crack_secant,1.56,20.07862356613484,7.322975038206826e-06,367.58,tempered_martensitic,,20,,measured,1.3027339376502047,-5.135312446238338,0,1,20.0,0.22360679774997896
Southampton D2015,Fig. 12 A OLR=1.56,FV566 stainless steel,martensitic stainless steel,OLR_1.56,short_crack_secant,1.56,20.3500018141448,7.641365257259297e-06,367.58,tempered_martensitic,,20,,measured,1.3085644522773587,-5.116829040544325,0,1,20.0,0.22360679774997896
Southampton D2015,Fig. 12 A OLR=1.56,FV566 stainless steel,martensitic stainless steel,OLR_1.56,short_crack_secant,1.56,20.3500018141448,8.91492613346918e-06,367.58,tempered_martensitic,,20,,measured,1.3085644522773587,-5.049882250913711,0,1,20.0,0.22360679774997896
Southampton D2015,Fig. 12 A OLR=1.56,FV566 stainless steel,martensitic stainless steel,OLR_1.56,short_crack_secant,1.56,20.43962689637988,5.412633723892002e-06,367.58,tempered_martensitic,,20,,measured,1.3104729639517998,-5.266591360877657,0,1,20.0,0.22360679774997896
Southampton D2015,Fig. 12 A OLR=1.56,FV566 stainless steel,martensitic stainless steel,OLR_1.56,short_crack_secant,1.56,20.617658441789082,3.679175864606328e-06,367.58,tempered_martensitic,,20,,measured,1.3142393406975332,-5.434249452396475,0,1,20.0,0.22360679774997896
Southampton D2015,Fig. 12 A OLR=1.56,FV566 stainless steel,martensitic stainless steel,OLR_1.56,short_crack_secant,1.56,20.79410012233107,6.0494141619969434e-06,367.58,tempered_martensitic,,20,,measured,1.3179401307426837,-5.218286681303102,0,1,20.0,0.22360679774997896
Southampton D2015,Fig. 12 A OLR=1.56,FV566 stainless steel,martensitic stainless steel,OLR_1.56,short_crack_secant,1.56,21.142373796130435,2.1461859210203584e-06,367.58,tempered_martensitic,,20,,measured,1.3251537468637407,-5.6683326584298435,0,1,20.0,0.22360679774997896
Southampton D2015,Fig. 12 A OLR=1.56,FV566 stainless steel,martensitic stainless steel,OLR_1.56,short_crack_secant,1.56,21.142373796130435,5.731023942944473e-06,367.58,tempered_martensitic,,20,,measured,1.3251537468637407,-5.241767777152625,0,1,20.0,0.22360679774997896
Southampton D2015,Fig. 12 A OLR=1.56,FV566 stainless steel,martensitic stainless steel,OLR_1.56,short_crack_secant,1.56,21.228509655793623,3.8206826286296485e-06,367.58,tempered_martensitic,,20,,measured,1.3269195056599028,-5.4178590362083066,0,1,20.0,0.22360679774997896
Southampton D2015,Fig. 12 A OLR=1.56,FV566 stainless steel,martensitic stainless steel,OLR_1.56,short_crack_secant,1.56,21.821512700067494,1.6237901171676006e-05,367.58,tempered_martensitic,,20,,measured,1.338884853242283,-4.789470106157995,0,1,20.0,0.22360679774997896
Southampton D2015,Fig. 12 A OLR=1.56,FV566 stainless steel,martensitic stainless steel,OLR_1.56,short_crack_secant,1.56,21.904856125030825,3.5022924095771778e-06,367.58,tempered_martensitic,,20,,measured,1.3405404050005947,-5.455647597097706,0,1,20.0,0.22360679774997896
Southampton D2015,Fig. 12 A OLR=1.56,FV566 stainless steel,martensitic stainless steel,OLR_1.56,short_crack_secant,1.56,22.07055385306238,5.212165808192298e-06,367.58,tempered_martensitic,,20,,measured,1.3438132317711102,-5.282981777065826,0,1,20.0,0.22360679774997896
Southampton D2015,Fig. 12 A OLR=1.56,FV566 stainless steel,martensitic stainless steel,OLR_1.56,short_crack_secant,1.56,22.07055385306238,9.551706571574121e-06,367.58,tempered_martensitic,,20,,measured,1.3438132317711102,-5.019919027536268,0,1,20.0,0.22360679774997896
Southampton D2015,Fig. 12 A OLR=1.56,FV566 stainless steel,martensitic stainless steel,OLR_1.56,short_crack_secant,1.56,22.152915616740646,4.45746306673459e-06,367.58,tempered_martensitic,,20,,measured,1.3454308932196495,-5.350912246577693,0,1,20.0,0.22360679774997896
Southampton D2015,Fig. 12 A OLR=1.56,FV566 stainless steel,martensitic stainless steel,OLR_1.56,short_crack_secant,1.56,22.398095820988,1.2263919548687761e-06,367.58,tempered_martensitic,,20,,measured,1.3502110982632174,-5.911370707116138,0,1,20.0,0.22360679774997896
Southampton D2015,Fig. 12 A OLR=1.56,FV566 stainless steel,martensitic stainless steel,OLR_1.56,short_crack_secant,1.56,22.479199172684535,6.131959774343881e-07,367.58,tempered_martensitic,,20,,measured,1.3517808353187704,-6.212400702780119,0,1,20.0,0.22360679774997896
Southampton D2015,Fig. 12 A OLR=1.56,FV566 stainless steel,martensitic stainless steel,OLR_1.56,short_crack_secant,1.56,22.559996497143377,3.183902190524707e-07,367.58,tempered_martensitic,,20,,measured,1.353339027879061,-6.497040282255931,0,1,20.0,0.22360679774997896
Southampton D2015,Fig. 12 A OLR=1.56,FV566 stainless steel,martensitic stainless steel,OLR_1.56,short_crack_secant,1.56,22.720686232316524,4.292371842040717e-06,367.58,tempered_martensitic,,20,,measured,1.3564214442224176,-5.367302662765862,0,1,20.0,0.22360679774997896
Southampton D2015,Fig. 12 A OLR=1.56,FV566 stainless steel,martensitic stainless steel,OLR_1.56,short_crack_secant,1.56,22.720686232316524,5.094243504839531e-06,367.58,tempered_martensitic,,20,,measured,1.3564214442224176,-5.292920299600006,0,1,20.0,0.22360679774997896
Southampton D2015,Fig. 12 A OLR=1.56,FV566 stainless steel,martensitic stainless steel,OLR_1.56,short_crack_secant,1.56,22.720686232316524,8.91492613346918e-06,367.58,tempered_martensitic,,20,,measured,1.3564214442224176,-5.049882250913711,0,1,20.0,0.22360679774997896
Southampton D2015,Fig. 12 A OLR=1.56,FV566 stainless steel,martensitic stainless steel,OLR_1.56,short_crack_secant,1.56,23.117279513394937,3.8206826286296485e-06,367.58,tempered_martensitic,,20,,measured,1.3639367241326563,-5.4178590362083066,0,1,20.0,0.22360679774997896
Southampton D2015,Fig. 12 A OLR=1.56,FV566 stainless steel,martensitic stainless steel,OLR_1.56,short_crack_secant,1.56,23.27392797579598,4.59896983075791e-06,367.58,tempered_martensitic,,20,,measured,1.3668696860048926,-5.337339439388419,0,1,20.0,0.22360679774997896
Southampton D2015,Fig. 12 A OLR=1.56,FV566 stainless steel,martensitic stainless steel,OLR_1.56,short_crack_secant,1.56,23.660776548261122,3.1839021905247075e-06,367.58,tempered_martensitic,,20,,measured,1.37402899409962,-5.497040282255931,0,1,20.0,0.22360679774997896
Southampton D2015,Fig. 12 A OLR=1.56,FV566 stainless steel,martensitic stainless steel,OLR_1.56,short_crack_secant,1.56,23.813663369762295,6.745155751778268e-06,367.58,tempered_martensitic,,20,,measured,1.3768262101420714,-5.171008017621894,0,1,20.0,0.22360679774997896
Southampton D2015,Fig. 12 A OLR=1.56,FV566 stainless steel,martensitic stainless steel,OLR_1.56,short_crack_secant,1.56,23.88972010544236,9.19793966151582e-07,367.58,tempered_martensitic,,20,,measured,1.3782110615383258,-6.036309443724438,0,1,20.0,0.22360679774997896
Southampton D2015,Fig. 12 A OLR=1.56,FV566 stainless steel,martensitic stainless steel,OLR_1.56,short_crack_secant,1.56,24.41512583353881,2.5471217524197657e-06,367.58,tempered_martensitic,,20,,measured,1.3876589669437431,-5.593950295263987,0,1,20.0,0.22360679774997896
Southampton D2015,Fig. 12 A OLR=1.56,FV566 stainless steel,martensitic stainless steel,OLR_1.56,short_crack_secant,1.56,24.92885310976673,1.0052034058656575e-05,367.58,tempered_martensitic,,20,,measured,1.396702298577695,-4.9977460485850775,0,1,20.0,0.22360679774997896
Southampton D2015,Fig. 12 A OLR=1.56,FV566 stainless steel,martensitic stainless steel,OLR_1.56,short_crack_secant,1.56,26.1321098931258,3.280598479273976e-05,367.58,tempered_martensitic,,20,,measured,1.4171744758562788,-4.484046920758891,0,1,20.0,0.22360679774997896
Southampton D2015,Fig. 12 A OLR=1.56,FV566 stainless steel,martensitic stainless steel,OLR_1.56,short_crack_secant,1.56,31.709510827966113,3.279419256240448e-05,367.58,tempered_martensitic,,20,,measured,1.5011895423628292,-4.484203057550759,0,1,20.0,0.22360679774997896
Southampton D2015,Fig. 12 A OLR=1.56,FV566 stainless steel,martensitic stainless steel,OLR_1.56,short_crack_secant,1.56,32.43081130675126,1.1154289004029938e-05,367.58,tempered_martensitic,,20,,measured,1.5109578133549932,-4.952558107268751,0,1,20.0,0.22360679774997896
Southampton D2015,Fig. 12 A OLR=1.56,FV566 stainless steel,martensitic stainless steel,OLR_1.56,short_crack_secant,1.56,33.401971538959614,1.4890800794176041e-05,367.58,tempered_martensitic,,20,,measured,1.5237721016385477,-4.827081946227663,0,1,20.0,0.22360679774997896
Southampton D2015,Fig. 18,FV488 steel,steel,comparative_CA,long_crack,1.0,6.5,7.99323e-07,390.0,tempered_martensitic,,20,,measured,0.8129133566428556,-6.097277690308776,0,1,20.0,0.22360679774997896
Southampton D2015,Fig. 18,FV488 steel,steel,comparative_CA,long_crack,1.0,7.0,1.02078e-06,390.0,tempered_martensitic,,20,,measured,0.8450980400142568,-5.9910678476106956,0,1,20.0,0.22360679774997896
Southampton D2015,Fig. 18,FV488 steel,steel,comparative_CA,long_crack,1.0,7.5,1.28177e-06,390.0,tempered_martensitic,,20,,measured,0.8750612633917001,-5.892189897354017,0,1,20.0,0.22360679774997896
Southampton D2015,Fig. 18,FV488 steel,steel,comparative_CA,long_crack,1.0,8.0,1.58601e-06,390.0,tempered_martensitic,,20,,measured,0.9030899869919435,-5.7996940787264055,0,1,20.0,0.22360679774997896
Southampton D2015,Fig. 18,FV488 steel,steel,comparative_CA,long_crack,1.0,8.5,1.93727e-06,390.0,tempered_martensitic,,20,,measured,0.9294189257142927,-5.712809846839782,0,1,20.0,0.22360679774997896
Southampton D2015,Fig. 18,FV488 steel,steel,comparative_CA,long_crack,1.0,9.0,2.33942e-06,390.0,tempered_martensitic,,20,,measured,0.9542425094393249,-5.630891801573575,0,1,20.0,0.22360679774997896
Southampton D2015,Fig. 18,FV488 steel,steel,comparative_CA,long_crack,1.0,9.5,2.79638e-06,390.0,tempered_martensitic,,20,,measured,0.9777236052888477,-5.5534038126511325,0,1,20.0,0.22360679774997896
Southampton D2015,Fig. 18,FV488 steel,steel,comparative_CA,long_crack,1.0,10.0,3.31214e-06,390.0,tempered_martensitic,,20,,measured,1.0,-5.47989131441661,0,1,20.0,0.22360679774997896
Southampton D2015,Fig. 18,FV488 steel,steel,comparative_CA,long_crack,1.0,10.5,3.89075e-06,390.0,tempered_martensitic,,20,,measured,1.021189299069938,-5.409966673875928,0,1,20.0,0.22360679774997896
Southampton D2015,Fig. 18,FV488 steel,steel,comparative_CA,long_crack,1.0,11.0,4.53632e-06,390.0,tempered_martensitic,,20,,measured,1.0413926851582251,-5.343296317137119,0,1,20.0,0.22360679774997896
Southampton D2015,Fig. 18,FV488 steel,steel,comparative_CA,long_crack,1.0,11.5,5.25304e-06,390.0,tempered_martensitic,,20,,measured,1.0606978403536116,-5.27958929218887,0,1,20.0,0.22360679774997896
Southampton D2015,Fig. 18,FV488 steel,steel,comparative_CA,long_crack,1.0,12.0,6.04514e-06,390.0,tempered_martensitic,,20,,measured,1.0791812460476249,-5.218593636817533,0,1,20.0,0.22360679774997896
Southampton D2015,Fig. 18,FV488 steel,steel,comparative_CA,long_crack,1.0,12.5,6.91689e-06,390.0,tempered_martensitic,,20,,measured,1.0969100130080565,-5.160089130895393,0,1,20.0,0.22360679774997896
Southampton D2015,Fig. 18,FV488 steel,steel,comparative_CA,long_crack,1.0,13.0,7.87265e-06,390.0,tempered_martensitic,,20,,measured,1.1139433523068367,-5.103879055867452,0,1,20.0,0.22360679774997896
Southampton D2015,Fig. 18,FV488 steel,steel,comparative_CA,long_crack,1.0,13.5,8.91681e-06,390.0,tempered_martensitic,,20,,measured,1.130333768495006,-5.049790487236199,0,1,20.0,0.22360679774997896
Southampton D2015,Fig. 18,FV488 steel,steel,comparative_CA,long_crack,1.0,14.0,1.00538e-05,390.0,tempered_martensitic,,20,,measured,1.146128035678238,-4.997669758431627,0,1,20.0,0.22360679774997896
Southampton D2015,Fig. 18,FV488 steel,steel,comparative_CA,long_crack,1.0,14.5,1.12881e-05,390.0,tempered_martensitic,,20,,measured,1.1613680022349748,-4.947379151871017,0,1,20.0,0.22360679774997896
Southampton D2015,Fig. 18,FV488 steel,steel,comparative_CA,long_crack,1.0,15.0,1.26244e-05,390.0,tempered_martensitic,,20,,measured,1.1760912590556813,-4.89878925343752,0,1,20.0,0.22360679774997896
Southampton D2015,Fig. 18,FV488 steel,steel,comparative_CA,long_crack,1.0,15.5,1.4067e-05,390.0,tempered_martensitic,,20,,measured,1.1903316981702914,-4.851798512541488,0,1,20.0,0.22360679774997896
Southampton D2015,Fig. 18,FV488 steel,steel,comparative_CA,long_crack,1.0,16.0,1.56208e-05,390.0,tempered_martensitic,,20,,measured,1.2041199826559248,-4.80629672803307,0,1,20.0,0.22360679774997896
Southampton D2015,Fig. 18,FV488 steel,steel,comparative_CA,long_crack,1.0,16.5,1.72904e-05,390.0,tempered_martensitic,,20,,measured,1.2174839442139063,-4.762194959543699,0,1,20.0,0.22360679774997896
Southampton D2015,Fig. 18,FV488 steel,steel,comparative_CA,long_crack,1.0,17.0,1.90805e-05,390.0,tempered_martensitic,,20,,measured,1.2304489213782739,-4.7194102488983924,0,1,20.0,0.22360679774997896
Southampton D2015,Fig. 18,FV488 steel,steel,comparative_CA,long_crack,1.0,17.5,2.09959e-05,390.0,tempered_martensitic,,20,,measured,1.2430380486862944,-4.677865504371777,0,1,20.0,0.22360679774997896
Southampton D2015,Fig. 18,FV488 steel,steel,comparative_CA,long_crack,1.0,18.0,2.30413e-05,390.0,tempered_martensitic,,20,,measured,1.255272505103306,-4.63749302147716,0,1,20.0,0.22360679774997896
Southampton D2015,Fig. 18,FV488 steel,steel,comparative_CA,long_crack,1.0,18.5,2.52217e-05,390.0,tempered_martensitic,,20,,measured,1.2671717284030137,-4.598225644339578,0,1,20.0,0.22360679774997896
Southampton D2015,Fig. 18,FV488 steel,steel,comparative_CA,long_crack,1.0,19.0,2.7542e-05,390.0,tempered_martensitic,,20,,measured,1.2787536009528289,-4.560004526046192,0,1,20.0,0.22360679774997896
Southampton D2015,Fig. 18,FV488 steel,steel,comparative_CA,long_crack,1.0,19.5,3.0007e-05,390.0,tempered_martensitic,,20,,measured,1.290034611362518,-4.522777421721849,0,1,20.0,0.22360679774997896
Southampton D2015,Fig. 18,FV488 steel,steel,comparative_CA,long_crack,1.0,20.0,3.26217e-05,390.0,tempered_martensitic,,20,,measured,1.3010299956639813,-4.4864934105127405,0,1,20.0,0.22360679774997896
Southampton D2015,Fig. 18,FV488 steel,steel,comparative_CA,long_crack,1.0,20.5,3.53912e-05,390.0,tempered_martensitic,,20,,measured,1.3117538610557542,-4.45110471160541,0,1,20.0,0.22360679774997896
Southampton D2015,Fig. 18,FV488 steel,steel,comparative_CA,long_crack,1.0,21.0,3.83206e-05,390.0,tempered_martensitic,,20,,measured,1.3222192947339193,-4.416567699628745,0,1,20.0,0.22360679774997896
Southampton D2015,Fig. 18,FV488 steel,steel,comparative_CA,long_crack,1.0,21.5,4.14147e-05,390.0,tempered_martensitic,,20,,measured,1.3324384599156054,-4.382845480238086,0,1,20.0,0.22360679774997896
Southampton D2015,Fig. 18,FV488 steel,steel,comparative_CA,long_crack,1.0,22.0,4.46789e-05,390.0,tempered_martensitic,,20,,measured,1.3424226808222062,-4.349897527808238,0,1,20.0,0.22360679774997896
Southampton D2015,Fig. 18,FV488 steel,steel,comparative_CA,long_crack,1.0,22.5,4.81183e-05,390.0,tempered_martensitic,,20,,measured,1.3521825181113625,-4.317689724508855,0,1,20.0,0.22360679774997896
Southampton D2015,Fig. 18,FV488 steel,steel,comparative_CA,long_crack,1.0,23.0,5.1738e-05,390.0,tempered_martensitic,,20,,measured,1.3617278360175928,-4.286190363515722,0,1,20.0,0.22360679774997896
Southampton D2015,Fig. 18,FV488 steel,steel,comparative_CA,long_crack,1.0,23.5,5.55433e-05,390.0,tempered_martensitic,,20,,measured,1.3710678622717363,-4.2553683210349,0,1,20.0,0.22360679774997896
Southampton D2015,Fig. 18,FV488 steel,steel,comparative_CA,long_crack,1.0,24.0,5.95395e-05,390.0,tempered_martensitic,,20,,measured,1.380211241711606,-4.225194816786249,0,1,20.0,0.22360679774997896
Southampton D2015,Fig. 18,FV488 steel,steel,comparative_CA,long_crack,1.0,24.5,6.37318e-05,390.0,tempered_martensitic,,20,,measured,1.3891660843645324,-4.195643815412681,0,1,20.0,0.22360679774997896
Southampton D2015,Fig. 18,FV488 steel,steel,comparative_CA,long_crack,1.0,25.0,6.81256e-05,390.0,tempered_martensitic,,20,,measured,1.3979400086720377,-4.166689659753222,0,1,20.0,0.22360679774997896
Southampton D2015,Fig. 18,FV488 steel,steel,comparative_CA,long_crack,1.0,25.5,7.27262e-05,390.0,tempered_martensitic,,20,,measured,1.4065401804339552,-4.138309104057133,0,1,20.0,0.22360679774997896
Southampton D2015,Fig. 18,FV488 steel,steel,comparative_CA,long_crack,1.0,26.0,7.7539e-05,390.0,tempered_martensitic,,20,,measured,1.414973347970818,-4.1104798042739,0,1,20.0,0.22360679774997896
Southampton D2015,Fig. 18,FV488 steel,steel,comparative_CA,long_crack,1.0,26.5,8.25695e-05,390.0,tempered_martensitic,,20,,measured,1.423245873936808,-4.083180345268427,0,1,20.0,0.22360679774997896
Southampton D2015,Fig. 18,FV488 steel,steel,comparative_CA,long_crack,1.0,27.0,8.7823e-05,390.0,tempered_martensitic,,20,,measured,1.4313637641589874,-4.05639173164529,0,1,20.0,0.22360679774997896
Southampton D2015,Fig. 18,FV488 steel,steel,comparative_CA,long_crack,1.0,27.5,9.33052e-05,390.0,tempered_martensitic,,20,,measured,1.4393326938302626,-4.030094151876489,0,1,20.0,0.22360679774997896
Southampton D2015,Fig. 18,FV488 steel,steel,comparative_CA,long_crack,1.0,28.0,9.90215e-05,390.0,tempered_martensitic,,20,,measured,1.4471580313422192,-4.004270499164011,0,1,20.0,0.22360679774997896
Southampton D2015,Fig. 18,FV488 steel,steel,comparative_CA,long_crack,1.0,28.5,0.000104977,390.0,tempered_martensitic,,20,,measured,1.4548448600085102,-3.9789058425229387,0,1,20.0,0.22360679774997896
Southampton D2015,Fig. 18,FV488 steel,steel,comparative_CA,long_crack,1.0,29.0,0.000111179,390.0,tempered_martensitic,,20,,measured,1.462397997898956,-3.9539772365435013,0,1,20.0,0.22360679774997896
Southampton D2015,Fig. 18,FV488 steel,steel,comparative_CA,long_crack,1.0,29.5,0.000117631,390.0,tempered_martensitic,,20,,measured,1.469822015978163,-3.9294782109573823,0,1,20.0,0.22360679774997896
Southampton D2015,Fig. 18,FV488 steel,steel,comparative_CA,long_crack,1.0,30.0,0.000124339,390.0,tempered_martensitic,,20,,measured,1.4771212547196624,-3.9053926297797363,0,1,20.0,0.22360679774997896
Southampton D2015,Fig. 18,FV488 steel,steel,comparative_CA,long_crack,1.0,30.5,0.00013131,390.0,tempered_martensitic,,20,,measured,1.4842998393467859,-3.8817021986672238,0,1,20.0,0.22360679774997896
Southampton D2015,Fig. 18,FV488 steel,steel,comparative_CA,long_crack,1.0,31.0,0.000138548,390.0,tempered_martensitic,,20,,measured,1.4913616938342726,-3.8583997390642324,0,1,20.0,0.22360679774997896
Southampton D2015,Fig. 18,FV488 steel,steel,comparative_CA,long_crack,1.0,31.5,0.000146061,390.0,tempered_martensitic,,20,,measured,1.4983105537896004,-3.8354657303069524,0,1,20.0,0.22360679774997896
Southampton D2015,Fig. 18,FV488 steel,steel,comparative_CA,long_crack,1.0,32.0,0.000153852,390.0,tempered_martensitic,,20,,measured,1.505149978319906,-3.812896853766096,0,1,20.0,0.22360679774997896
Southampton D2015,Fig. 18,FV488 steel,steel,comparative_CA,long_crack,1.0,32.5,0.000161928,390.0,tempered_martensitic,,20,,measured,1.5118833609788744,-3.7906780481330995,0,1,20.0,0.22360679774997896
Southampton D2015,Fig. 18,FV488 steel,steel,comparative_CA,long_crack,1.0,33.0,0.000170296,390.0,tempered_martensitic,,20,,measured,1.5185139398778875,-3.7687955528496673,0,1,20.0,0.22360679774997896
Southampton D2015,Fig. 18,FV488 steel,steel,comparative_CA,long_crack,1.0,33.5,0.00017896,390.0,tempered_martensitic,,20,,measured,1.5250448070368452,-3.747244028911427,0,1,20.0,0.22360679774997896
Southampton D2015,Fig. 18,FV488 steel,steel,comparative_CA,long_crack,1.0,34.0,0.000187927,390.0,tempered_martensitic,,20,,measured,1.5314789170422551,-3.726010819108517,0,1,20.0,0.22360679774997896
Southampton D2015,Fig. 18,FV488 steel,steel,comparative_CA,long_crack,1.0,34.5,0.000197202,390.0,tempered_martensitic,,20,,measured,1.5378190950732742,-3.705088684807793,0,1,20.0,0.22360679774997896
Southampton D2015,Fig. 18,FV488 steel,steel,comparative_CA,long_crack,1.0,35.0,0.000206791,390.0,tempered_martensitic,,20,,measured,1.5440680443502757,-3.6844683666196447,0,1,20.0,0.22360679774997896
Southampton D2015,Fig. 18,FV488 steel,steel,comparative_CA,long_crack,1.0,35.5,0.000216701,390.0,tempered_martensitic,,20,,measured,1.550228353055094,-3.664139084557063,0,1,20.0,0.22360679774997896
Southampton D2015,Fig. 18,FV488 steel,steel,comparative_CA,long_crack,1.0,36.0,0.000226938,390.0,tempered_martensitic,,20,,measured,1.5563025007672873,-3.644092776884859,0,1,20.0,0.22360679774997896
Southampton D2015,Fig. 18,FV488 steel,steel,comparative_CA,long_crack,1.0,36.5,0.000237506,390.0,tempered_martensitic,,20,,measured,1.5622928644564746,-3.6243254145276325,0,1,20.0,0.22360679774997896
Southampton D2015,Fig. 18,FV488 steel,steel,comparative_CA,long_crack,1.0,37.0,0.000248413,390.0,tempered_martensitic,,20,,measured,1.568201724066995,-3.604825680312958,0,1,20.0,0.22360679774997896
Southampton D2015,Fig. 18,FV488 steel,steel,comparative_CA,long_crack,1.0,37.5,0.000259664,390.0,tempered_martensitic,,20,,measured,1.5740312677277188,-3.5855882570903526,0,1,20.0,0.22360679774997896
Southampton D2015,Fig. 18,FV488 steel,steel,comparative_CA,long_crack,1.0,38.0,0.000271265,390.0,tempered_martensitic,,20,,measured,1.5797835966168101,-3.5666062375227208,0,1,20.0,0.22360679774997896
Southampton D2015,Fig. 18,FV488 steel,steel,comparative_CA,long_crack,1.0,38.5,0.000283223,390.0,tempered_martensitic,,20,,measured,1.5854607295085006,-3.547871481323059,0,1,20.0,0.22360679774997896
Southampton D2015,Fig. 18,FV488 steel,steel,comparative_CA,long_crack,1.0,39.0,0.000295543,390.0,tempered_martensitic,,20,,measured,1.591064607026499,-3.529379322552195,0,1,20.0,0.22360679774997896
Southampton D2015,Fig. 18,FV488 steel,steel,comparative_CA,long_crack,1.0,39.5,0.000308233,390.0,tempered_martensitic,,20,,measured,1.5965970956264601,-3.5111208667510025,0,1,20.0,0.22360679774997896
Southampton D2015,Fig. 18,FV488 steel,steel,comparative_CA,long_crack,1.0,40.0,0.000321297,390.0,tempered_martensitic,,20,,measured,1.6020599913279623,-3.4930933295045925,0,1,20.0,0.22360679774997896
Southampton D2015,Fig. 18,FV488 steel,steel,comparative_CA,long_crack,1.0,40.5,0.000334742,390.0,tempered_martensitic,,20,,measured,1.6074550232146685,-3.4752897933969744,0,1,20.0,0.22360679774997896
Southampton D2015,Fig. 18,FV488 steel,steel,comparative_CA,long_crack,1.0,41.0,0.000348574,390.0,tempered_martensitic,,20,,measured,1.6127838567197355,-3.457705009875593,0,1,20.0,0.22360679774997896
Southampton D2015,Fig. 18,FV488 steel,steel,comparative_CA,long_crack,1.0,41.5,0.0003628,390.0,tempered_martensitic,,20,,measured,1.6180480967120927,-3.4403327216119424,0,1,20.0,0.22360679774997896
Southampton D2015,Fig. 18,FV488 steel,steel,comparative_CA,long_crack,1.0,42.0,0.000377425,390.0,tempered_martensitic,,20,,measured,1.6232492903979006,-3.4231693362790554,0,1,20.0,0.22360679774997896
Southampton D2015,Fig. 18,FV488 steel,steel,comparative_CA,long_crack,1.0,42.5,0.000392457,390.0,tempered_martensitic,,20,,measured,1.6283889300503116,-3.406207920283671,0,1,20.0,0.22360679774997896
Southampton D2015,Fig. 18,FV488 steel,steel,comparative_CA,long_crack,1.0,43.0,0.0004079,390.0,tempered_martensitic,,20,,measured,1.6334684555795864,-3.3894462946829056,0,1,20.0,0.22360679774997896
Southampton D2015,Fig. 18,FV488 steel,steel,comparative_CA,long_crack,1.0,43.5,0.000423763,390.0,tempered_martensitic,,20,,measured,1.6384892569546374,-3.372876965504699,0,1,20.0,0.22360679774997896
Southampton D2015,Fig. 18,FV488 steel,steel,comparative_CA,long_crack,1.0,44.0,0.00044005,390.0,tempered_martensitic,,20,,measured,1.6434526764861874,-3.356497974672,0,1,20.0,0.22360679774997896
Southampton D2015,Fig. 18,FV488 steel,steel,comparative_CA,long_crack,1.0,44.5,0.000456768,390.0,tempered_martensitic,,20,,measured,1.6483600109809315,-3.340304329259184,0,1,20.0,0.22360679774997896
Southampton D2015,Fig. 18,FV488 steel,steel,comparative_CA,long_crack,1.0,45.0,0.000473925,390.0,tempered_martensitic,,20,,measured,1.6532125137753437,-3.324290381244312,0,1,20.0,0.22360679774997896
Southampton D2015,Fig. 18,FV488 steel,steel,comparative_CA,long_crack,1.0,45.5,0.000491525,390.0,tempered_martensitic,,20,,measured,1.6580113966571124,-3.3084543881351443,0,1,20.0,0.22360679774997896
Southampton D2015,Fig. 18,FV488 steel,steel,comparative_CA,long_crack,1.0,46.0,0.000509576,390.0,tempered_martensitic,,20,,measured,1.662757831681574,-3.292791034583645,0,1,20.0,0.22360679774997896
Southampton D2015,Fig. 18,FV566 stainless steel,steel,comparative_CA,long_crack,1.0,4.2539,2.92334e-07,367.58,tempered_martensitic,,20,,measured,0.6287872763615732,-6.534120670945443,0,1,20.0,0.22360679774997896
Southampton D2015,Fig. 18,FV566 stainless steel,steel,comparative_CA,long_crack,1.0,4.25831,2.76984e-07,367.58,tempered_martensitic,,20,,measured,0.629237274384777,-6.5575453172619165,0,1,20.0,0.22360679774997896
Southampton D2015,Fig. 18,FV566 stainless steel,steel,comparative_CA,long_crack,1.0,4.26248,2.60484e-07,367.58,tempered_martensitic,,20,,measured,0.6296623542504038,-6.5842189477007915,0,1,20.0,0.22360679774997896
Southampton D2015,Fig. 18,FV566 stainless steel,steel,comparative_CA,long_crack,1.0,4.26638,2.42714e-07,367.58,tempered_martensitic,,20,,measured,0.6300595347874217,-6.614905172380923,0,1,20.0,0.22360679774997896
Southampton D2015,Fig. 18,FV566 stainless steel,steel,comparative_CA,long_crack,1.0,4.27001,2.2435e-07,367.58,tempered_martensitic,,20,,measured,0.6304288921069287,-6.649073926130907,0,1,20.0,0.22360679774997896
Southampton D2015,Fig. 18,FV566 stainless steel,steel,comparative_CA,long_crack,1.0,4.27336,2.05504e-07,367.58,tempered_martensitic,,20,,measured,0.6307694805606517,-6.687179720449611,0,1,20.0,0.22360679774997896
Southampton D2015,Fig. 18,FV566 stainless steel,steel,comparative_CA,long_crack,1.0,4.27641,1.8602e-07,367.58,tempered_martensitic,,20,,measured,0.6310793364342001,-6.730440359961179,0,1,20.0,0.22360679774997896
Southampton D2015,Fig. 18,FV566 stainless steel,steel,comparative_CA,long_crack,1.0,4.27916,1.66543e-07,367.58,tempered_martensitic,,20,,measured,0.6313585252822522,-6.7784736165018415,0,1,20.0,0.22360679774997896
Southampton D2015,Fig. 18,FV566 stainless steel,steel,comparative_CA,long_crack,1.0,4.2816,1.46774e-07,367.58,tempered_martensitic,,20,,measured,0.6316060917517103,-6.833350869873558,0,1,20.0,0.22360679774997896
Southampton D2015,Fig. 18,FV566 stainless steel,steel,comparative_CA,long_crack,1.0,4.28337,3.8328e-10,367.58,tempered_martensitic,,20,,measured,0.6317855906276927,-9.41648384214991,0,1,20.0,0.22360679774997896
Southampton D2015,Fig. 18,FV566 stainless steel,steel,comparative_CA,long_crack,1.0,4.28341,2.49479e-09,367.58,tempered_martensitic,,20,,measured,0.6317896462423522,-8.602966005423184,0,1,20.0,0.22360679774997896
Southampton D2015,Fig. 18,FV566 stainless steel,steel,comparative_CA,long_crack,1.0,4.28345,3.30403e-09,367.58,tempered_martensitic,,20,,measured,0.6317937018191391,-8.480956018017725,0,1,20.0,0.22360679774997896
Southampton D2015,Fig. 18,FV566 stainless steel,steel,comparative_CA,long_crack,1.0,4.28351,4.16154e-09,367.58,tempered_martensitic,,20,,measured,0.6317997851133098,-8.380745926647808,0,1,20.0,0.22360679774997896
Southampton D2015,Fig. 18,FV566 stainless steel,steel,comparative_CA,long_crack,1.0,4.28358,4.94459e-09,367.58,tempered_martensitic,,20,,measured,0.6318068821821474,-8.305869713797778,0,1,20.0,0.22360679774997896
Southampton D2015,Fig. 18,FV566 stainless steel,steel,comparative_CA,long_crack,1.0,4.28366,5.64696e-09,367.58,tempered_martensitic,,20,,measured,0.6318149929759511,-8.248185288558641,0,1,20.0,0.22360679774997896
Southampton D2015,Fig. 18,FV566 stainless steel,steel,comparative_CA,long_crack,1.0,4.28374,1.27224e-07,367.58,tempered_martensitic,,20,,measured,0.6318231036182821,-6.895430954061967,0,1,20.0,0.22360679774997896
Southampton D2015,Fig. 18,FV566 stainless steel,steel,comparative_CA,long_crack,1.0,4.28376,6.28009e-09,367.58,tempered_martensitic,,20,,measured,0.6318251312551979,-8.202034132341897,0,1,20.0,0.22360679774997896
Southampton D2015,Fig. 18,FV566 stainless steel,steel,comparative_CA,long_crack,1.0,4.28386,6.86666e-09,367.58,tempered_martensitic,,20,,measured,0.6318352692977797,-8.163254455995842,0,1,20.0,0.22360679774997896
Southampton D2015,Fig. 18,FV566 stainless steel,steel,comparative_CA,long_crack,1.0,4.28397,7.39243e-09,367.58,tempered_martensitic,,20,,measured,0.6318464208712847,-8.131212779180292,0,1,20.0,0.22360679774997896
Southampton D2015,Fig. 18,FV566 stainless steel,steel,comparative_CA,long_crack,1.0,4.28409,7.85728e-09,367.58,tempered_martensitic,,20,,measured,0.6318585858976342,-8.104727770173394,0,1,20.0,0.22360679774997896
Southampton D2015,Fig. 18,FV566 stainless steel,steel,comparative_CA,long_crack,1.0,4.28422,8.28023e-09,367.58,tempered_martensitic,,20,,measured,0.6318717642916587,-8.08195759964706,0,1,20.0,0.22360679774997896
Southampton D2015,Fig. 18,FV566 stainless steel,steel,comparative_CA,long_crack,1.0,4.28435,8.67576e-09,367.58,tempered_martensitic,,20,,measured,0.631884942285805,-8.061692470502626,0,1,20.0,0.22360679774997896
Southampton D2015,Fig. 18,FV566 stainless steel,steel,comparative_CA,long_crack,1.0,4.28449,9.05471e-09,367.58,tempered_martensitic,,20,,measured,0.631899133524636,-8.043125454506917,0,1,20.0,0.22360679774997896
Southampton D2015,Fig. 18,FV566 stainless steel,steel,comparative_CA,long_crack,1.0,4.28463,9.42559e-09,367.58,tempered_martensitic,,20,,measured,0.6319133242997615,-8.025691455368895,0,1,20.0,0.22360679774997896
Southampton D2015,Fig. 18,FV566 stainless steel,steel,comparative_CA,long_crack,1.0,4.28478,9.78327e-09,367.58,tempered_martensitic,,20,,measured,0.6319285281871452,-8.00951596059152,0,1,20.0,0.22360679774997896
Southampton D2015,Fig. 18,FV566 stainless steel,steel,comparative_CA,long_crack,1.0,4.28494,1.01156e-08,367.58,tempered_martensitic,,20,,measured,0.6319447450803721,-7.995008352244533,0,1,20.0,0.22360679774997896
Southampton D2015,Fig. 18,FV566 stainless steel,steel,comparative_CA,long_crack,1.0,4.2851,1.03902e-08,367.58,tempered_martensitic,,20,,measured,0.6319609613680703,-7.983376092668,0,1,20.0,0.22360679774997896
Southampton D2015,Fig. 18,FV566 stainless steel,steel,comparative_CA,long_crack,1.0,4.28524,3.46088e-10,367.58,tempered_martensitic,,20,,measured,0.631975150123119,-9.4608134588513,0,1,20.0,0.22360679774997896
Southampton D2015,Fig. 18,FV566 stainless steel,steel,comparative_CA,long_crack,1.0,4.28524,2.99034e-10,367.58,tempered_martensitic,,20,,measured,0.631975150123119,-9.524279429826375,0,1,20.0,0.22360679774997896
Southampton D2015,Fig. 18,FV566 stainless steel,steel,comparative_CA,long_crack,1.0,4.28524,8.73983e-10,367.58,tempered_martensitic,,20,,measured,0.631975150123119,-9.058497014823258,0,1,20.0,0.22360679774997896
Southampton D2015,Fig. 18,FV566 stainless steel,steel,comparative_CA,long_crack,1.0,4.28526,1.49824e-09,367.58,tempered_martensitic,,20,,measured,0.631977177050285,-8.824418612319489,0,1,20.0,0.22360679774997896
Southampton D2015,Fig. 18,FV566 stainless steel,steel,comparative_CA,long_crack,1.0,4.28526,1.05594e-08,367.58,tempered_martensitic,,20,,measured,0.631977177050285,-7.976360758326086,0,1,20.0,0.22360679774997896
Southampton D2015,Fig. 18,FV566 stainless steel,steel,comparative_CA,long_crack,1.0,4.28529,2.0178e-09,367.58,tempered_martensitic,,20,,measured,0.6319802174232966,-8.69512188230172,0,1,20.0,0.22360679774997896
Southampton D2015,Fig. 18,FV566 stainless steel,steel,comparative_CA,long_crack,1.0,4.28533,2.4754e-09,367.58,tempered_martensitic,,20,,measured,0.6319842712208693,-8.606354613394464,0,1,20.0,0.22360679774997896
Southampton D2015,Fig. 18,FV566 stainless steel,steel,comparative_CA,long_crack,1.0,4.28537,2.89631e-09,367.58,tempered_martensitic,,20,,measured,0.6319883249806034,-8.538154956257987,0,1,20.0,0.22360679774997896
Southampton D2015,Fig. 18,FV566 stainless steel,steel,comparative_CA,long_crack,1.0,4.28542,3.25107e-09,367.58,tempered_martensitic,,20,,measured,0.6319933921270614,-8.48797367944683,0,1,20.0,0.22360679774997896
Southampton D2015,Fig. 18,FV566 stainless steel,steel,comparative_CA,long_crack,1.0,4.28543,1.05815e-08,367.58,tempered_martensitic,,20,,measured,0.6319944055492585,-7.975452763723563,0,1,20.0,0.22360679774997896
Southampton D2015,Fig. 18,FV566 stainless steel,steel,comparative_CA,long_crack,1.0,4.28547,3.53221e-09,367.58,tempered_martensitic,,20,,measured,0.6319984592143989,-8.451953484276224,0,1,20.0,0.22360679774997896
Southampton D2015,Fig. 18,FV566 stainless steel,steel,comparative_CA,long_crack,1.0,4.28553,3.74317e-09,367.58,tempered_martensitic,,20,,measured,0.632004539641167,-8.42676044849729,0,1,20.0,0.22360679774997896
Southampton D2015,Fig. 18,FV566 stainless steel,steel,comparative_CA,long_crack,1.0,4.28558,1.08206e-07,367.58,tempered_martensitic,,20,,measured,0.6320096065984445,-6.965748657023854,0,1,20.0,0.22360679774997896
Southampton D2015,Fig. 18,FV566 stainless steel,steel,comparative_CA,long_crack,1.0,4.28559,3.86083e-09,367.58,tempered_martensitic,,20,,measured,0.632010619982806,-8.413319320802096,0,1,20.0,0.22360679774997896
Southampton D2015,Fig. 18,FV566 stainless steel,steel,comparative_CA,long_crack,1.0,4.28559,1.04373e-08,367.58,tempered_martensitic,,20,,measured,0.632010619982806,-7.9814118333985045,0,1,20.0,0.22360679774997896
Southampton D2015,Fig. 18,FV566 stainless steel,steel,comparative_CA,long_crack,1.0,4.28565,3.87901e-09,367.58,tempered_martensitic,,20,,measured,0.6320167002393184,-8.411279100797154,0,1,20.0,0.22360679774997896
Southampton D2015,Fig. 18,FV566 stainless steel,steel,comparative_CA,long_crack,1.0,4.28571,3.77766e-09,367.58,tempered_martensitic,,20,,measured,0.6320227804107066,-8.422777132377277,0,1,20.0,0.22360679774997896
Southampton D2015,Fig. 18,FV566 stainless steel,steel,comparative_CA,long_crack,1.0,4.28576,1.01591e-08,367.58,tempered_martensitic,,20,,measured,0.6320278471551729,-7.993144764724016,0,1,20.0,0.22360679774997896
Southampton D2015,Fig. 18,FV566 stainless steel,steel,comparative_CA,long_crack,1.0,4.28577,3.54094e-09,367.58,tempered_martensitic,,20,,measured,0.6320288604969728,-8.450881432148888,0,1,20.0,0.22360679774997896
Southampton D2015,Fig. 18,FV566 stainless steel,steel,comparative_CA,long_crack,1.0,4.28582,3.16275e-09,367.58,tempered_martensitic,,20,,measured,0.632033927170506,-8.499935135593436,0,1,20.0,0.22360679774997896
Southampton D2015,Fig. 18,FV566 stainless steel,steel,comparative_CA,long_crack,1.0,4.28587,2.65141e-09,367.58,tempered_martensitic,,20,,measured,0.6320389937849299,-8.5765231100754,0,1,20.0,0.22360679774997896
Southampton D2015,Fig. 18,FV566 stainless steel,steel,comparative_CA,long_crack,1.0,4.2859,1.9321e-09,367.58,tempered_martensitic,,20,,measured,0.6320420337252123,-8.71397039949181,0,1,20.0,0.22360679774997896
Southampton D2015,Fig. 18,FV566 stainless steel,steel,comparative_CA,long_crack,1.0,4.2859,3.04065e-09,367.58,tempered_martensitic,,20,,measured,0.6320420337252123,-8.51703356729968,0,1,20.0,0.22360679774997896
Southampton D2015,Fig. 18,FV566 stainless steel,steel,comparative_CA,long_crack,1.0,4.28591,9.7001e-09,367.58,tempered_martensitic,,20,,measured,0.6320430470339111,-8.013223788494134,0,1,20.0,0.22360679774997896
Southampton D2015,Fig. 18,FV566 stainless steel,steel,comparative_CA,long_crack,1.0,4.28593,2.79348e-11,367.58,tempered_martensitic,,20,,measured,0.632045073644216,-10.553854433636458,0,1,20.0,0.22360679774997896
Southampton D2015,Fig. 18,FV566 stainless steel,steel,comparative_CA,long_crack,1.0,4.28602,1.80398e-09,367.58,tempered_martensitic,,20,,measured,0.6320541932735588,-8.743768281615466,0,1,20.0,0.22360679774997896
Southampton D2015,Fig. 18,FV566 stainless steel,steel,comparative_CA,long_crack,1.0,4.28606,1.00285e-08,367.58,tempered_martensitic,,20,,measured,0.6320582463806872,-7.9987640211610085,0,1,20.0,0.22360679774997896
Southampton D2015,Fig. 18,FV566 stainless steel,steel,comparative_CA,long_crack,1.0,4.28623,9.00076e-09,367.58,tempered_martensitic,,20,,measured,0.6320754716639974,-8.045720818352786,0,1,20.0,0.22360679774997896
Southampton D2015,Fig. 18,FV566 stainless steel,steel,comparative_CA,long_crack,1.0,4.28634,7.56138e-09,367.58,tempered_martensitic,,20,,measured,0.6320866170715034,-8.121398935756563,0,1,20.0,0.22360679774997896
Southampton D2015,Fig. 18,FV566 stainless steel,steel,comparative_CA,long_crack,1.0,4.28646,7.53918e-09,367.58,tempered_martensitic,,20,,measured,0.6320987753716695,-8.122675887663549,0,1,20.0,0.22360679774997896
Southampton D2015,Fig. 18,FV566 stainless steel,steel,comparative_CA,long_crack,1.0,4.28658,7.09523e-09,367.58,tempered_martensitic,,20,,measured,0.6321109333314671,-8.149033521825698,0,1,20.0,0.22360679774997896
Southampton D2015,Fig. 18,FV566 stainless steel,steel,comparative_CA,long_crack,1.0,4.28668,6.73867e-09,367.58,tempered_martensitic,,20,,measured,0.6321210647046418,-8.171425810980748,0,1,20.0,0.22360679774997896
Southampton D2015,Fig. 18,FV566 stainless steel,steel,comparative_CA,long_crack,1.0,4.28679,6.53951e-09,367.58,tempered_martensitic,,20,,measured,0.6321322089421587,-8.18445479177796,0,1,20.0,0.22360679774997896
Southampton D2015,Fig. 18,FV566 stainless steel,steel,comparative_CA,long_crack,1.0,4.28689,6.51282e-09,367.58,tempered_martensitic,,20,,measured,0.6321423398190266,-8.18623092460298,0,1,20.0,0.22360679774997896
Southampton D2015,Fig. 18,FV566 stainless steel,steel,comparative_CA,long_crack,1.0,4.28699,6.65508e-09,367.58,tempered_martensitic,,20,,measured,0.632152470459575,-8.17684671955073,0,1,20.0,0.22360679774997896
Southampton D2015,Fig. 18,FV566 stainless steel,steel,comparative_CA,long_crack,1.0,4.2871,6.96983e-09,367.58,tempered_martensitic,,20,,measured,0.6321636138912422,-8.15677781457951,0,1,20.0,0.22360679774997896
Southampton D2015,Fig. 18,FV566 stainless steel,steel,comparative_CA,long_crack,1.0,4.28712,8.95472e-08,367.58,tempered_martensitic,,20,,measured,0.6321656399390082,-7.047947989307532,0,1,20.0,0.22360679774997896
Southampton D2015,Fig. 18,FV566 stainless steel,steel,comparative_CA,long_crack,1.0,4.28721,7.46242e-09,367.58,tempered_martensitic,,20,,measured,0.6321747570369909,-8.12712031164077,0,1,20.0,0.22360679774997896
Southampton D2015,Fig. 18,FV566 stainless steel,steel,comparative_CA,long_crack,1.0,4.28733,8.13087e-09,367.58,tempered_martensitic,,20,,measured,0.6321869128699176,-8.089862982575136,0,1,20.0,0.22360679774997896
Southampton D2015,Fig. 18,FV566 stainless steel,steel,comparative_CA,long_crack,1.0,4.28746,8.96537e-09,367.58,tempered_martensitic,,20,,measured,0.6322000813049817,-8.047431782438391,0,1,20.0,0.22360679774997896
Southampton D2015,Fig. 18,FV566 stainless steel,steel,comparative_CA,long_crack,1.0,4.28761,9.95165e-09,367.58,tempered_martensitic,,20,,measured,0.632215275156995,-8.002104906542083,0,1,20.0,0.22360679774997896
Southampton D2015,Fig. 18,FV566 stainless steel,steel,comparative_CA,long_crack,1.0,4.28777,1.17954e-08,367.58,tempered_martensitic,,20,,measured,0.6322314813466013,-7.928287326940556,0,1,20.0,0.22360679774997896
Southampton D2015,Fig. 18,FV566 stainless steel,steel,comparative_CA,long_crack,1.0,4.28798,1.38129e-08,367.58,tempered_martensitic,,20,,measured,0.6322527510527419,-7.8597151322991445,0,1,20.0,0.22360679774997896
Southampton D2015,Fig. 18,FV566 stainless steel,steel,comparative_CA,long_crack,1.0,4.28821,1.49587e-08,367.58,tempered_martensitic,,20,,measured,0.6322760452500165,-7.825106147605151,0,1,20.0,0.22360679774997896
Southampton D2015,Fig. 18,FV566 stainless steel,steel,comparative_CA,long_crack,1.0,4.28838,7.15552e-08,367.58,tempered_martensitic,,20,,measured,0.6322932618971765,-7.145358800069878,0,1,20.0,0.22360679774997896
Southampton D2015,Fig. 18,FV566 stainless steel,steel,comparative_CA,long_crack,1.0,4.28845,1.58632e-08,367.58,tempered_martensitic,,20,,measured,0.6323003509064571,-7.799609200236577,0,1,20.0,0.22360679774997896
Southampton D2015,Fig. 18,FV566 stainless steel,steel,comparative_CA,long_crack,1.0,4.2887,1.68567e-08,367.58,tempered_martensitic,,20,,measured,0.6323256678521807,-7.773227442289308,0,1,20.0,0.22360679774997896
Southampton D2015,Fig. 18,FV566 stainless steel,steel,comparative_CA,long_crack,1.0,4.28898,1.64153e-08,367.58,tempered_martensitic,,20,,measured,0.632354021079388,-7.784751175855505,0,1,20.0,0.22360679774997896
Southampton D2015,Fig. 18,FV566 stainless steel,steel,comparative_CA,long_crack,1.0,4.28922,1.67873e-08,367.58,tempered_martensitic,,20,,measured,0.6323783223723596,-7.775019148376171,0,1,20.0,0.22360679774997896
Southampton D2015,Fig. 18,FV566 stainless steel,steel,comparative_CA,long_crack,1.0,4.28936,5.45653e-08,367.58,tempered_martensitic,,20,,measured,0.6323924974986559,-7.263083452703412,0,1,20.0,0.22360679774997896
Southampton D2015,Fig. 18,FV566 stainless steel,steel,comparative_CA,long_crack,1.0,4.2895,1.83037e-08,367.58,tempered_martensitic,,20,,measured,0.6324066721622993,-7.73746111097122,0,1,20.0,0.22360679774997896
Southampton D2015,Fig. 18,FV566 stainless steel,steel,comparative_CA,long_crack,1.0,4.28979,1.87085e-08,367.58,tempered_martensitic,,20,,measured,0.6324360324939351,-7.7279610317323595,0,1,20.0,0.22360679774997896
Southampton D2015,Fig. 18,FV566 stainless steel,steel,comparative_CA,long_crack,1.0,4.29009,3.88077e-08,367.58,tempered_martensitic,,20,,measured,0.6324664031622018,-7.4110820956497765,0,1,20.0,0.22360679774997896
Southampton D2015,Fig. 18,FV566 stainless steel,steel,comparative_CA,long_crack,1.0,4.29009,1.91805e-08,367.58,tempered_martensitic,,20,,measured,0.6324664031622018,-7.717140075767513,0,1,20.0,0.22360679774997896
Southampton D2015,Fig. 18,FV566 stainless steel,steel,comparative_CA,long_crack,1.0,4.29039,1.96486e-08,367.58,tempered_martensitic,,20,,measured,0.6324967717067644,-7.706668388491361,0,1,20.0,0.22360679774997896
Southampton D2015,Fig. 18,FV566 stainless steel,steel,comparative_CA,long_crack,1.0,4.29058,2.44054e-08,367.58,tempered_martensitic,,20,,measured,0.6325160040200285,-7.612514069942754,0,1,20.0,0.22360679774997896
Southampton D2015,Fig. 18,FV566 stainless steel,steel,comparative_CA,long_crack,1.0,4.2907,2.0101e-08,367.58,tempered_martensitic,,20,,measured,0.632528150305392,-7.696782336426331,0,1,20.0,0.22360679774997896
Southampton D2015,Fig. 18,FV566 stainless steel,steel,comparative_CA,long_crack,1.0,4.29085,1.15392e-08,367.58,tempered_martensitic,,20,,measured,0.6325433326844009,-7.937824299293711,0,1,20.0,0.22360679774997896
Southampton D2015,Fig. 18,FV566 stainless steel,steel,comparative_CA,long_crack,1.0,4.29094,3.51491e-10,367.58,tempered_martensitic,,20,,measured,0.6325524418570496,-9.45408579070213,0,1,20.0,0.22360679774997896
Southampton D2015,Fig. 18,FV566 stainless steel,steel,comparative_CA,long_crack,1.0,4.29102,2.05324e-08,367.58,tempered_martensitic,,20,,measured,0.6325605387390097,-7.687560283662171,0,1,20.0,0.22360679774997896
Southampton D2015,Fig. 18,FV566 stainless steel,steel,comparative_CA,long_crack,1.0,4.29135,2.09406e-08,367.58,tempered_martensitic,,20,,measured,0.6325939367815316,-7.679010878867491,0,1,20.0,0.22360679774997896
Southampton D2015,Fig. 18,FV566 stainless steel,steel,comparative_CA,long_crack,1.0,4.29168,2.13217e-08,367.58,tempered_martensitic,,20,,measured,0.6326273322558801,-7.671178171541069,0,1,20.0,0.22360679774997896
Southampton D2015,Fig. 18,FV566 stainless steel,steel,comparative_CA,long_crack,1.0,4.29202,2.1671e-08,367.58,tempered_martensitic,,20,,measured,0.6326617370286294,-7.664121047865158,0,1,20.0,0.22360679774997896
Southampton D2015,Fig. 18,FV566 stainless steel,steel,comparative_CA,long_crack,1.0,4.29236,2.1984e-08,367.58,tempered_martensitic,,20,,measured,0.6326961390760515,-7.657893284620544,0,1,20.0,0.22360679774997896
Southampton D2015,Fig. 18,FV566 stainless steel,steel,comparative_CA,long_crack,1.0,4.2927,2.22547e-08,367.58,tempered_martensitic,,20,,measured,0.6327305383985778,-7.652578255761271,0,1,20.0,0.22360679774997896
Southampton D2015,Fig. 18,FV566 stainless steel,steel,comparative_CA,long_crack,1.0,4.29306,2.24767e-08,367.58,tempered_martensitic,,20,,measured,0.6327669582411023,-7.648267450976346,0,1,20.0,0.22360679774997896
Southampton D2015,Fig. 18,FV566 stainless steel,steel,comparative_CA,long_crack,1.0,4.29341,2.2644e-08,367.58,tempered_martensitic,,20,,measured,0.6328023634934937,-7.645046853787444,0,1,20.0,0.22360679774997896
Southampton D2015,Fig. 18,FV566 stainless steel,steel,comparative_CA,long_crack,1.0,4.29377,2.27504e-08,367.58,tempered_martensitic,,20,,measured,0.6328387773135317,-7.643010963127063,0,1,20.0,0.22360679774997896
Southampton D2015,Fig. 18,FV566 stainless steel,steel,comparative_CA,long_crack,1.0,4.29412,2.27908e-08,367.58,tempered_martensitic,,20,,measured,0.632874176711696,-7.642240429997877,0,1,20.0,0.22360679774997896
Southampton D2015,Fig. 18,FV566 stainless steel,steel,comparative_CA,long_crack,1.0,4.29448,2.27597e-08,367.58,tempered_martensitic,,20,,measured,0.6329105845112387,-7.642833466758655,0,1,20.0,0.22360679774997896
Southampton D2015,Fig. 18,FV566 stainless steel,steel,comparative_CA,long_crack,1.0,4.29484,2.2652e-08,367.58,tempered_martensitic,,20,,measured,0.6329469892588967,-7.644893447045509,0,1,20.0,0.22360679774997896
Southampton D2015,Fig. 18,FV566 stainless steel,steel,comparative_CA,long_crack,1.0,4.29519,2.24621e-08,367.58,tempered_martensitic,,20,,measured,0.6329823798381496,-7.6485496436320854,0,1,20.0,0.22360679774997896
Southampton D2015,Fig. 18,FV566 stainless steel,steel,comparative_CA,long_crack,1.0,4.29554,2.21853e-08,367.58,tempered_martensitic,,20,,measured,0.6330177675336657,-7.6539346941746675,0,1,20.0,0.22360679774997896
Southampton D2015,Fig. 18,FV566 stainless steel,steel,comparative_CA,long_crack,1.0,4.29589,2.18173e-08,367.58,tempered_martensitic,,20,,measured,0.6330531523459147,-7.66119899653665,0,1,20.0,0.22360679774997896
Southampton D2015,Fig. 18,FV566 stainless steel,steel,comparative_CA,long_crack,1.0,4.29623,2.13547e-08,367.58,tempered_martensitic,,20,,measured,0.6330875234030984,-7.670506525349765,0,1,20.0,0.22360679774997896
Southampton D2015,Fig. 18,FV566 stainless steel,steel,comparative_CA,long_crack,1.0,4.29656,2.07951e-08,367.58,tempered_martensitic,,20,,measured,0.6331208809456657,-7.682038986847797,0,1,20.0,0.22360679774997896
Southampton D2015,Fig. 18,FV566 stainless steel,steel,comparative_CA,long_crack,1.0,4.29688,2.01375e-08,367.58,tempered_martensitic,,20,,measured,0.6331532252069331,-7.695994446572725,0,1,20.0,0.22360679774997896
Southampton D2015,Fig. 18,FV566 stainless steel,steel,comparative_CA,long_crack,1.0,4.29719,1.97842e-08,367.58,tempered_martensitic,,20,,measured,0.63318455641309,-7.703681506308236,0,1,20.0,0.22360679774997896
Southampton D2015,Fig. 18,FV566 stainless steel,steel,comparative_CA,long_crack,1.0,4.6214,2.06522e-07,367.58,tempered_martensitic,,20,,measured,0.6647735600085496,-6.685033677810569,0,1,20.0,0.22360679774997896
Southampton D2015,Fig. 18,FV566 stainless steel,steel,comparative_CA,long_crack,1.0,4.62462,1.89146e-07,367.58,tempered_martensitic,,20,,measured,0.6650760530354441,-6.723202838596963,0,1,20.0,0.22360679774997896
Southampton D2015,Fig. 18,FV566 stainless steel,steel,comparative_CA,long_crack,1.0,4.62758,1.7432e-07,367.58,tempered_martensitic,,20,,measured,0.665353935422399,-6.758652782761801,0,1,20.0,0.22360679774997896
Southampton D2015,Fig. 18,FV566 stainless steel,steel,comparative_CA,long_crack,1.0,4.63033,1.62172e-07,367.58,tempered_martensitic,,20,,measured,0.6656119439492393,-6.7900241272839486,0,1,20.0,0.22360679774997896
Southampton D2015,Fig. 18,FV566 stainless steel,steel,comparative_CA,long_crack,1.0,4.6329,1.52918e-07,367.58,tempered_martensitic,,20,,measured,0.6658529261654056,-6.815541390712151,0,1,20.0,0.22360679774997896
Southampton D2015,Fig. 18,FV566 stainless steel,steel,comparative_CA,long_crack,1.0,4.63534,1.46626e-07,367.58,tempered_martensitic,,20,,measured,0.6660815949440142,-6.833789012946315,0,1,20.0,0.22360679774997896
Southampton D2015,Fig. 18,FV566 stainless steel,steel,comparative_CA,long_crack,1.0,4.63771,1.4321e-07,367.58,tempered_martensitic,,20,,measured,0.6663035883430624,-6.844026655260098,0,1,20.0,0.22360679774997896
Southampton D2015,Fig. 18,FV566 stainless steel,steel,comparative_CA,long_crack,1.0,4.64004,1.43138e-07,367.58,tempered_martensitic,,20,,measured,0.6665217244566908,-6.844245055272363,0,1,20.0,0.22360679774997896
Southampton D2015,Fig. 18,FV566 stainless steel,steel,comparative_CA,long_crack,1.0,4.64241,1.46048e-07,367.58,tempered_martensitic,,20,,measured,0.6667434930510763,-6.835504385933917,0,1,20.0,0.22360679774997896
Southampton D2015,Fig. 18,FV566 stainless steel,steel,comparative_CA,long_crack,1.0,4.64485,1.51662e-07,367.58,tempered_martensitic,,20,,measured,0.6669716935236,-6.819123221175273,0,1,20.0,0.22360679774997896
Southampton D2015,Fig. 18,FV566 stainless steel,steel,comparative_CA,long_crack,1.0,4.6474,1.60078e-07,367.58,tempered_martensitic,,20,,measured,0.6672100536530956,-6.795668350373781,0,1,20.0,0.22360679774997896
Southampton D2015,Fig. 18,FV566 stainless steel,steel,comparative_CA,long_crack,1.0,4.65012,1.70305e-07,367.58,tempered_martensitic,,20,,measured,0.6674641603448752,-6.76877260135899,0,1,20.0,0.22360679774997896
Southampton D2015,Fig. 18,FV566 stainless steel,steel,comparative_CA,long_crack,1.0,4.65302,1.82249e-07,367.58,tempered_martensitic,,20,,measured,0.6677349192581697,-6.739334845976646,0,1,20.0,0.22360679774997896
Southampton D2015,Fig. 18,FV566 stainless steel,steel,comparative_CA,long_crack,1.0,4.65614,1.95238e-07,367.58,tempered_martensitic,,20,,measured,0.6680260301283821,-6.709435649865203,0,1,20.0,0.22360679774997896
Southampton D2015,Fig. 18,FV566 stainless steel,steel,comparative_CA,long_crack,1.0,4.65948,2.08205e-07,367.58,tempered_martensitic,,20,,measured,0.6683374519407171,-6.681508845208117,0,1,20.0,0.22360679774997896
Southampton D2015,Fig. 18,FV566 stainless steel,steel,comparative_CA,long_crack,1.0,4.66303,2.26261e-07,367.58,tempered_martensitic,,20,,measured,0.6686682095339572,-6.645390297766194,0,1,20.0,0.22360679774997896
Southampton D2015,Fig. 18,FV566 stainless steel,steel,comparative_CA,long_crack,1.0,4.66697,2.47233e-07,367.58,tempered_martensitic,,20,,measured,0.6690350091824919,-6.60689356124754,0,1,20.0,0.22360679774997896
Southampton D2015,Fig. 18,FV566 stainless steel,steel,comparative_CA,long_crack,1.0,4.67124,2.52069e-07,367.58,tempered_martensitic,,20,,measured,0.669432181138782,-6.59848056153009,0,1,20.0,0.22360679774997896
Southampton D2015,Fig. 18,FV566 stainless steel,steel,comparative_CA,long_crack,1.0,4.67535,2.58057e-07,367.58,tempered_martensitic,,20,,measured,0.6698141280168779,-6.588284355853316,0,1,20.0,0.22360679774997896
Southampton D2015,Fig. 18,FV566 stainless steel,steel,comparative_CA,long_crack,1.0,4.67982,2.74518e-07,367.58,tempered_martensitic,,20,,measured,0.6702291491189727,-6.561429173820882,0,1,20.0,0.22360679774997896
Southampton D2015,Fig. 18,FV566 stainless steel,steel,comparative_CA,long_crack,1.0,4.6845,2.67327e-07,367.58,tempered_martensitic,,20,,measured,0.6706632432858798,-6.572957175329391,0,1,20.0,0.22360679774997896
Southampton D2015,Fig. 18,FV566 stainless steel,steel,comparative_CA,long_crack,1.0,4.68875,2.65584e-07,367.58,tempered_martensitic,,20,,measured,0.6710570771587792,-6.575798092410261,0,1,20.0,0.22360679774997896
Southampton D2015,Fig. 18,FV566 stainless steel,steel,comparative_CA,long_crack,1.0,4.69338,2.81094e-07,367.58,tempered_martensitic,,20,,measured,0.6714857183339586,-6.551148424384382,0,1,20.0,0.22360679774997896
Southampton D2015,Fig. 18,FV566 stainless steel,steel,comparative_CA,long_crack,1.0,4.69816,2.87386e-07,367.58,tempered_martensitic,,20,,measured,0.6719278029766803,-6.541534392328588,0,1,20.0,0.22360679774997896
Southampton D2015,Fig. 18,FV566 stainless steel,steel,comparative_CA,long_crack,1.0,4.70302,2.91174e-07,367.58,tempered_martensitic,,20,,measured,0.6723768256249163,-6.535847407383215,0,1,20.0,0.22360679774997896
Southampton D2015,Fig. 18,FV566 stainless steel,steel,comparative_CA,long_crack,1.0,4.70794,2.94069e-07,367.58,tempered_martensitic,,20,,measured,0.672830919372128,-6.531550755290749,0,1,20.0,0.22360679774997896
Southampton D2015,Fig. 18,FV566 stainless steel,steel,comparative_CA,long_crack,1.0,4.71292,2.97463e-07,367.58,tempered_martensitic,,20,,measured,0.6732900678408091,-6.526567046389736,0,1,20.0,0.22360679774997896
Southampton D2015,Fig. 18,FV566 stainless steel,steel,comparative_CA,long_crack,1.0,4.71797,3.02143e-07,367.58,tempered_martensitic,,20,,measured,0.6737551750243795,-6.519787462963063,0,1,20.0,0.22360679774997896
Southampton D2015,Fig. 18,FV566 stainless steel,steel,comparative_CA,long_crack,1.0,4.72312,3.07047e-07,367.58,tempered_martensitic,,20,,measured,0.6742289798082852,-6.512795141531481,0,1,20.0,0.22360679774997896
Southampton D2015,Fig. 18,FV566 stainless steel,steel,comparative_CA,long_crack,1.0,4.72836,3.11275e-07,367.58,tempered_martensitic,,20,,measured,0.6747105347220839,-6.506855758206144,0,1,20.0,0.22360679774997896
Southampton D2015,Fig. 18,FV566 stainless steel,steel,comparative_CA,long_crack,1.0,4.73367,3.14796e-07,367.58,tempered_martensitic,,20,,measured,0.6751979785245231,-6.501970794702314,0,1,20.0,0.22360679774997896
Southampton D2015,Fig. 18,FV566 stainless steel,steel,comparative_CA,long_crack,1.0,4.73905,3.24267e-07,367.58,tempered_martensitic,,20,,measured,0.6756912908073442,-6.489097246353648,0,1,20.0,0.22360679774997896
Southampton D2015,Fig. 18,FV566 stainless steel,steel,comparative_CA,long_crack,1.0,4.74471,3.40769e-07,367.58,tempered_martensitic,,20,,measured,0.6762096731914234,-6.467539920188482,0,1,20.0,0.22360679774997896
Southampton D2015,Fig. 18,FV566 stainless steel,steel,comparative_CA,long_crack,1.0,4.75067,3.47094e-07,367.58,tempered_martensitic,,20,,measured,0.6767548636844977,-6.459552893644674,0,1,20.0,0.22360679774997896
Southampton D2015,Fig. 18,FV566 stainless steel,steel,comparative_CA,long_crack,1.0,4.75656,3.46386e-07,367.58,tempered_martensitic,,20,,measured,0.6772929793765923,-6.460439669326793,0,1,20.0,0.22360679774997896
Southampton D2015,Fig. 18,FV566 stainless steel,steel,comparative_CA,long_crack,1.0,4.76253,3.49692e-07,367.58,tempered_martensitic,,20,,measured,0.6778377243883311,-6.456314303051341,0,1,20.0,0.22360679774997896
Southampton D2015,Fig. 18,FV566 stainless steel,steel,comparative_CA,long_crack,1.0,4.76856,3.52386e-07,367.58,tempered_martensitic,,20,,measured,0.6783872514781566,-6.452981354072487,0,1,20.0,0.22360679774997896
Southampton D2015,Fig. 18,FV566 stainless steel,steel,comparative_CA,long_crack,1.0,4.77464,3.5413e-07,367.58,tempered_martensitic,,20,,measured,0.6789406320648012,-6.450837280577176,0,1,20.0,0.22360679774997896
Southampton D2015,Fig. 18,FV566 stainless steel,steel,comparative_CA,long_crack,1.0,4.78075,3.54574e-07,367.58,tempered_martensitic,,20,,measured,0.6794960337064045,-6.450293113265595,0,1,20.0,0.22360679774997896
Southampton D2015,Fig. 18,FV566 stainless steel,steel,comparative_CA,long_crack,1.0,4.78687,3.53202e-07,367.58,tempered_martensitic,,20,,measured,0.6800516332372699,-6.45197684590278,0,1,20.0,0.22360679774997896
Southampton D2015,Fig. 18,FV566 stainless steel,steel,comparative_CA,long_crack,1.0,4.79297,3.49985e-07,367.58,tempered_martensitic,,20,,measured,0.6806047106785745,-6.4559505686692304,0,1,20.0,0.22360679774997896
Southampton D2015,Fig. 18,FV566 stainless steel,steel,comparative_CA,long_crack,1.0,4.799,3.44806e-07,367.58,tempered_martensitic,,20,,measured,0.6811507499324214,-6.4624251855845065,0,1,20.0,0.22360679774997896
Southampton D2015,Fig. 18,FV566 stainless steel,steel,comparative_CA,long_crack,1.0,4.80494,3.37737e-07,367.58,tempered_martensitic,,20,,measured,0.6816879689386731,-6.471421358625463,0,1,20.0,0.22360679774997896
Southampton D2015,Fig. 18,FV566 stainless steel,steel,comparative_CA,long_crack,1.0,4.81076,3.2891e-07,367.58,tempered_martensitic,,20,,measured,0.6822136912871927,-6.482922922264387,0,1,20.0,0.22360679774997896
Southampton D2015,Fig. 18,FV566 stainless steel,steel,comparative_CA,long_crack,1.0,4.81641,3.18287e-07,367.58,tempered_martensitic,,20,,measured,0.6827234494205734,-6.4971810991847185,0,1,20.0,0.22360679774997896
Southampton D2015,Fig. 18,FV566 stainless steel,steel,comparative_CA,long_crack,1.0,4.82187,3.06095e-07,367.58,tempered_martensitic,,20,,measured,0.683215497405244,-6.514143764457368,0,1,20.0,0.22360679774997896
Southampton D2015,Fig. 18,FV566 stainless steel,steel,comparative_CA,long_crack,1.0,4.99722,6.52769e-07,367.58,tempered_martensitic,,20,,measured,0.6987284694511586,-6.1852404784095505,0,1,20.0,0.22360679774997896
Southampton D2015,Fig. 18,FV566 stainless steel,steel,comparative_CA,long_crack,1.0,5.00835,6.42748e-07,367.58,tempered_martensitic,,20,,measured,0.6996946711922504,-6.191959266050819,0,1,20.0,0.22360679774997896
Southampton D2015,Fig. 18,FV566 stainless steel,steel,comparative_CA,long_crack,1.0,5.01936,6.34253e-07,367.58,tempered_martensitic,,20,,measured,0.7006483453944705,-6.197737469899902,0,1,20.0,0.22360679774997896
Southampton D2015,Fig. 18,FV566 stainless steel,steel,comparative_CA,long_crack,1.0,5.03027,6.26783e-07,367.58,tempered_martensitic,,20,,measured,0.7015912964601227,-6.202882791249897,0,1,20.0,0.22360679774997896
Southampton D2015,Fig. 18,FV566 stainless steel,steel,comparative_CA,long_crack,1.0,5.0411,6.19661e-07,367.58,tempered_martensitic,,20,,measured,0.7025253125973321,-6.2078458364593025,0,1,20.0,0.22360679774997896
Southampton D2015,Fig. 18,FV566 stainless steel,steel,comparative_CA,long_crack,1.0,5.05184,6.11838e-07,367.58,tempered_martensitic,,20,,measured,0.7034495872875929,-6.213363553376492,0,1,20.0,0.22360679774997896
Southampton D2015,Fig. 18,FV566 stainless steel,steel,comparative_CA,long_crack,1.0,5.06247,6.01109e-07,367.58,tempered_martensitic,,20,,measured,0.7043624626181697,-6.221046769584077,0,1,20.0,0.22360679774997896
Southampton D2015,Fig. 18,FV566 stainless steel,steel,comparative_CA,long_crack,1.0,5.07291,5.90274e-07,367.58,tempered_martensitic,,20,,measured,0.7052571574386162,-6.228946345874536,0,1,20.0,0.22360679774997896
Southampton D2015,Fig. 18,FV566 stainless steel,steel,comparative_CA,long_crack,1.0,5.08323,5.7832e-07,367.58,tempered_martensitic,,20,,measured,0.7061397605921395,-6.237831788261087,0,1,20.0,0.22360679774997896
Southampton D2015,Fig. 18,FV566 stainless steel,steel,comparative_CA,long_crack,1.0,5.09332,5.62936e-07,367.58,tempered_martensitic,,20,,measured,0.7070009626219711,-6.249540977132269,0,1,20.0,0.22360679774997896
Southampton D2015,Fig. 18,FV566 stainless steel,steel,comparative_CA,long_crack,1.0,5.10316,5.46385e-07,367.58,tempered_martensitic,,20,,measured,0.7078391850337353,-6.2625012319228786,0,1,20.0,0.22360679774997896
Southampton D2015,Fig. 18,FV566 stainless steel,steel,comparative_CA,long_crack,1.0,5.11272,5.28464e-07,367.58,tempered_martensitic,,20,,measured,0.7086520090800137,-6.276984592337381,0,1,20.0,0.22360679774997896
Southampton D2015,Fig. 18,FV566 stainless steel,steel,comparative_CA,long_crack,1.0,5.12198,5.10174e-07,367.58,tempered_martensitic,,20,,measured,0.7094378783287021,-6.292281678114024,0,1,20.0,0.22360679774997896
Southampton D2015,Fig. 18,FV566 stainless steel,steel,comparative_CA,long_crack,1.0,5.13094,4.92251e-07,367.58,tempered_martensitic,,20,,measured,0.7101969361480237,-6.3078133929266835,0,1,20.0,0.22360679774997896
Southampton D2015,Fig. 18,FV566 stainless steel,steel,comparative_CA,long_crack,1.0,5.13962,4.74573e-07,367.58,tempered_martensitic,,20,,measured,0.7109310104342202,-6.323696973840064,0,1,20.0,0.22360679774997896
Southampton D2015,Fig. 18,FV566 stainless steel,steel,comparative_CA,long_crack,1.0,5.14799,4.57173e-07,367.58,tempered_martensitic,,20,,measured,0.711637694613655,-6.339919426346012,0,1,20.0,0.22360679774997896
Southampton D2015,Fig. 18,FV566 stainless steel,steel,comparative_CA,long_crack,1.0,5.15608,4.40223e-07,367.58,tempered_martensitic,,20,,measured,0.7123196471004919,-6.356327270932736,0,1,20.0,0.22360679774997896
Southampton D2015,Fig. 18,FV566 stainless steel,steel,comparative_CA,long_crack,1.0,5.16389,4.2345e-07,367.58,tempered_martensitic,,20,,measured,0.7129769824515043,-6.373197862797399,0,1,20.0,0.22360679774997896
Southampton D2015,Fig. 18,FV566 stainless steel,steel,comparative_CA,long_crack,1.0,5.17141,4.0648e-07,367.58,tempered_martensitic,,20,,measured,0.7136089708950408,-6.390960818097761,0,1,20.0,0.22360679774997896
Southampton D2015,Fig. 18,FV566 stainless steel,steel,comparative_CA,long_crack,1.0,5.17864,3.89438e-07,367.58,tempered_martensitic,,20,,measured,0.7142157215126499,-6.409561673809504,0,1,20.0,0.22360679774997896
Southampton D2015,Fig. 18,FV566 stainless steel,steel,comparative_CA,long_crack,1.0,5.18558,3.73865e-07,367.58,tempered_martensitic,,20,,measured,0.714797338683046,-6.427285190150261,0,1,20.0,0.22360679774997896
Southampton D2015,Fig. 18,FV566 stainless steel,steel,comparative_CA,long_crack,1.0,5.19227,4.60929e-07,367.58,tempered_martensitic,,20,,measured,0.7153572678565061,-6.336365966764251,0,1,20.0,0.22360679774997896
Southampton D2015,Fig. 18,FV566 stainless steel,steel,comparative_CA,long_crack,1.0,5.20242,3.1743e-07,367.58,tempered_martensitic,,20,,measured,0.7162054105894435,-6.4983520308931855,0,1,20.0,0.22360679774997896
Southampton D2015,Fig. 18,FV566 stainless steel,steel,comparative_CA,long_crack,1.0,5.20388,1.97513e-07,367.58,tempered_martensitic,,20,,measured,0.7163272732971762,-6.704404314506074,0,1,20.0,0.22360679774997896
Southampton D2015,Fig. 18,FV566 stainless steel,steel,comparative_CA,long_crack,1.0,5.20967,2.98365e-07,367.58,tempered_martensitic,,20,,measured,0.7168102143325272,-6.525252123553173,0,1,20.0,0.22360679774997896
Southampton D2015,Fig. 18,FV566 stainless steel,steel,comparative_CA,long_crack,1.0,5.21484,2.7007e-07,367.58,tempered_martensitic,,20,,measured,0.7172409880869822,-6.568523655568443,0,1,20.0,0.22360679774997896
Southampton D2015,Fig. 18,FV566 stainless steel,steel,comparative_CA,long_crack,1.0,5.2196,2.4791e-07,367.58,tempered_martensitic,,20,,measured,0.7176372224564852,-6.605705954647157,0,1,20.0,0.22360679774997896
Southampton D2015,Fig. 18,FV566 stainless steel,steel,comparative_CA,long_crack,1.0,5.22398,2.26473e-07,367.58,tempered_martensitic,,20,,measured,0.718001505574394,-6.6449835669401764,0,1,20.0,0.22360679774997896
Southampton D2015,Fig. 18,FV566 stainless steel,steel,comparative_CA,long_crack,1.0,5.38418,1.0769e-06,367.58,tempered_martensitic,,20,,measured,0.7311195704766961,-5.967824623038637,0,1,20.0,0.22360679774997896
Southampton D2015,Fig. 18,FV566 stainless steel,steel,comparative_CA,long_crack,1.0,5.40329,1.04351e-06,367.58,tempered_martensitic,,20,,measured,0.7326582771856669,-5.98150338471639,0,1,20.0,0.22360679774997896
Southampton D2015,Fig. 18,FV566 stainless steel,steel,comparative_CA,long_crack,1.0,5.42191,1.01018e-06,367.58,tempered_martensitic,,20,,measured,0.7341523043127489,-5.995601234096903,0,1,20.0,0.22360679774997896
Southampton D2015,Fig. 18,FV566 stainless steel,steel,comparative_CA,long_crack,1.0,5.44002,9.76333e-07,367.58,tempered_martensitic,,20,,measured,0.7356004963661342,-6.010402031312068,0,1,20.0,0.22360679774997896
Southampton D2015,Fig. 18,FV566 stainless steel,steel,comparative_CA,long_crack,1.0,5.4576,9.42366e-07,367.58,tempered_martensitic,,20,,measured,0.737001702063322,-6.025780391358709,0,1,20.0,0.22360679774997896
Southampton D2015,Fig. 18,FV566 stainless steel,steel,comparative_CA,long_crack,1.0,5.47465,9.09032e-07,367.58,tempered_martensitic,,20,,measured,0.738356359507148,-6.041420828352502,0,1,20.0,0.22360679774997896
Southampton D2015,Fig. 18,FV566 stainless steel,steel,comparative_CA,long_crack,1.0,5.49117,8.76485e-07,367.58,tempered_martensitic,,20,,measured,0.7396648891508387,-6.057255511940947,0,1,20.0,0.22360679774997896
Southampton D2015,Fig. 18,FV566 stainless steel,steel,comparative_CA,long_crack,1.0,5.50718,8.44879e-07,367.58,tempered_martensitic,,20,,measured,0.7409292714566234,-6.073205484417288,0,1,20.0,0.22360679774997896
Southampton D2015,Fig. 18,FV566 stainless steel,steel,comparative_CA,long_crack,1.0,5.52268,8.14313e-07,367.58,tempered_martensitic,,20,,measured,0.7421498796784273,-6.089208631910837,0,1,20.0,0.22360679774997896
Southampton D2015,Fig. 18,FV566 stainless steel,steel,comparative_CA,long_crack,1.0,5.53769,7.85189e-07,367.58,tempered_martensitic,,20,,measured,0.7433286402759964,-6.105025793219719,0,1,20.0,0.22360679774997896
Southampton D2015,Fig. 18,FV566 stainless steel,steel,comparative_CA,long_crack,1.0,5.55223,7.58182e-07,367.58,tempered_martensitic,,20,,measured,0.7444674483801369,-6.120226530373141,0,1,20.0,0.22360679774997896
Southampton D2015,Fig. 18,FV566 stainless steel,steel,comparative_CA,long_crack,1.0,5.56634,7.3385e-07,367.58,tempered_martensitic,,20,,measured,0.7455697301356652,-6.134392701432176,0,1,20.0,0.22360679774997896
Southampton D2015,Fig. 18,FV566 stainless steel,steel,comparative_CA,long_crack,1.0,5.58007,7.12493e-07,367.58,tempered_martensitic,,20,,measured,0.746639647042068,-6.147219398093217,0,1,20.0,0.22360679774997896
Southampton D2015,Fig. 18,FV566 stainless steel,steel,comparative_CA,long_crack,1.0,5.59348,6.94004e-07,367.58,tempered_martensitic,,20,,measured,0.7476820895600712,-6.158638026414135,0,1,20.0,0.22360679774997896
Southampton D2015,Fig. 18,FV566 stainless steel,steel,comparative_CA,long_crack,1.0,5.60662,6.78077e-07,367.58,tempered_martensitic,,20,,measured,0.7487011219098585,-6.168720986403832,0,1,20.0,0.22360679774997896
Southampton D2015,Fig. 18,FV566 stainless steel,steel,comparative_CA,long_crack,1.0,5.61952,6.64466e-07,367.58,tempered_martensitic,,20,,measured,0.7496992212178004,-6.177527236527357,0,1,20.0,0.22360679774997896
Southampton D2015,Fig. 18,FV566 stainless steel,steel,comparative_CA,long_crack,1.0,5.85075,1.444e-06,367.58,tempered_martensitic,,20,,measured,0.7672115412930641,-5.84043280676638,0,1,20.0,0.22360679774997896
Southampton D2015,Fig. 18,FV566 stainless steel,steel,comparative_CA,long_crack,1.0,5.87793,1.40008e-06,367.58,tempered_martensitic,,20,,measured,0.7692244097742338,-5.85384714820325,0,1,20.0,0.22360679774997896
Southampton D2015,Fig. 18,FV566 stainless steel,steel,comparative_CA,long_crack,1.0,5.90446,1.35797e-06,367.58,tempered_martensitic,,20,,measured,0.7711801848040603,-5.8671098242958495,0,1,20.0,0.22360679774997896
Southampton D2015,Fig. 18,FV566 stainless steel,steel,comparative_CA,long_crack,1.0,5.9304,1.31845e-06,367.58,tempered_martensitic,,20,,measured,0.7730839871136854,-5.879936335446457,0,1,20.0,0.22360679774997896
Southampton D2015,Fig. 18,FV566 stainless steel,steel,comparative_CA,long_crack,1.0,5.95577,1.28063e-06,367.58,tempered_martensitic,,20,,measured,0.7749379178142646,-5.892576328623167,0,1,20.0,0.22360679774997896
Southampton D2015,Fig. 18,FV566 stainless steel,steel,comparative_CA,long_crack,1.0,5.98059,1.24443e-06,367.58,tempered_martensitic,,20,,measured,0.7767440303270163,-5.905029527716493,0,1,20.0,0.22360679774997896
Southampton D2015,Fig. 18,FV566 stainless steel,steel,comparative_CA,long_crack,1.0,6.00487,1.20973e-06,367.58,tempered_martensitic,,20,,measured,0.778503609758279,-5.91731154918333,0,1,20.0,0.22360679774997896
Southampton D2015,Fig. 18,FV566 stainless steel,steel,comparative_CA,long_crack,1.0,6.02864,1.17608e-06,367.58,tempered_martensitic,,20,,measured,0.7802193507617715,-5.929563135422421,0,1,20.0,0.22360679774997896
Southampton D2015,Fig. 18,FV566 stainless steel,steel,comparative_CA,long_crack,1.0,6.05188,1.14276e-06,367.58,tempered_martensitic,,20,,measured,0.7818903080070462,-5.942044969622253,0,1,20.0,0.22360679774997896
Southampton D2015,Fig. 18,FV566 stainless steel,steel,comparative_CA,long_crack,1.0,6.0746,1.1099e-06,367.58,tempered_martensitic,,20,,measured,0.78351768580745,-5.954716148604865,0,1,20.0,0.22360679774997896
Southampton D2015,Fig. 18,FV566 stainless steel,steel,comparative_CA,long_crack,1.0,6.32835,1.84412e-06,367.58,tempered_martensitic,,20,,measured,0.8012904905378497,-5.734210822088151,0,1,20.0,0.22360679774997896
Southampton D2015,Fig. 18,FV566 stainless steel,steel,comparative_CA,long_crack,1.0,6.36499,1.80122e-06,367.58,tempered_martensitic,,20,,measured,0.8037977256725916,-5.7444332394564865,0,1,20.0,0.22360679774997896
Southampton D2015,Fig. 18,FV566 stainless steel,steel,comparative_CA,long_crack,1.0,6.40108,1.75533e-06,367.58,tempered_martensitic,,20,,measured,0.8062532549947969,-5.755641224664566,0,1,20.0,0.22360679774997896
Southampton D2015,Fig. 18,FV566 stainless steel,steel,comparative_CA,long_crack,1.0,6.43651,1.70895e-06,367.58,tempered_martensitic,,20,,measured,0.8086504483248473,-5.767270643564666,0,1,20.0,0.22360679774997896
Southampton D2015,Fig. 18,FV566 stainless steel,steel,comparative_CA,long_crack,1.0,6.47133,1.66593e-06,367.58,tempered_martensitic,,20,,measured,0.8109935468666823,-5.778343250979903,0,1,20.0,0.22360679774997896
Southampton D2015,Fig. 18,FV566 stainless steel,steel,comparative_CA,long_crack,1.0,6.5056,1.62249e-06,367.58,tempered_martensitic,,20,,measured,0.8132873569579446,-5.789817971235268,0,1,20.0,0.22360679774997896
Southampton D2015,Fig. 18,FV566 stainless steel,steel,comparative_CA,long_crack,1.0,6.53919,1.57759e-06,367.58,tempered_martensitic,,20,,measured,0.8155239562269292,-5.802005855292433,0,1,20.0,0.22360679774997896
Southampton D2015,Fig. 18,FV566 stainless steel,steel,comparative_CA,long_crack,1.0,6.57213,1.53303e-06,367.58,tempered_martensitic,,20,,measured,0.8177061454088331,-5.814449346315243,0,1,20.0,0.22360679774997896
Southampton D2015,Fig. 18,FV566 stainless steel,steel,comparative_CA,long_crack,1.0,6.60438,1.48828e-06,367.58,tempered_martensitic,,20,,measured,0.8198320535603599,-5.827315354398153,0,1,20.0,0.22360679774997896
Southampton D2015,Fig. 18,FV566 stainless steel,steel,comparative_CA,long_crack,1.0,6.82888,2.10223e-06,367.58,tempered_martensitic,,20,,measured,0.8343494811770781,-5.677319770578757,0,1,20.0,0.22360679774997896
Southampton D2015,Fig. 18,FV566 stainless steel,steel,comparative_CA,long_crack,1.0,6.86907,1.75047e-06,367.58,tempered_martensitic,,20,,measured,0.8368979421238253,-5.75684532788444,0,1,20.0,0.22360679774997896
Southampton D2015,Fig. 18,FV566 stainless steel,steel,comparative_CA,long_crack,1.0,6.90301,1.52873e-06,367.58,tempered_martensitic,,20,,measured,0.8390385025266042,-5.815669211686782,0,1,20.0,0.22360679774997896
Southampton D2015,Fig. 18,FV566 stainless steel,steel,comparative_CA,long_crack,1.0,6.93435,1.75163e-06,367.58,tempered_martensitic,,20,,measured,0.8410057581788359,-5.756557625296032,0,1,20.0,0.22360679774997896
Southampton D2015,Fig. 18,FV566 stainless steel,steel,comparative_CA,long_crack,1.0,6.97849,2.01652e-06,367.58,tempered_martensitic,,20,,measured,0.8437614605011504,-5.695397466269026,0,1,20.0,0.22360679774997896
Southampton D2015,Fig. 18,FV566 stainless steel,steel,comparative_CA,long_crack,1.0,7.022,1.97319e-06,367.58,tempered_martensitic,,20,,measured,0.8464608251293324,-5.704831094180818,0,1,20.0,0.22360679774997896
Southampton D2015,Fig. 18,FV566 stainless steel,steel,comparative_CA,long_crack,1.0,7.06512,1.93137e-06,367.58,tempered_martensitic,,20,,measured,0.8491195426736419,-5.714134518781237,0,1,20.0,0.22360679774997896
Southampton D2015,Fig. 18,FV566 stainless steel,steel,comparative_CA,long_crack,1.0,7.10763,1.88681e-06,367.58,tempered_martensitic,,20,,measured,0.851724811769631,-5.724271830680888,0,1,20.0,0.22360679774997896
Southampton D2015,Fig. 18,FV566 stainless steel,steel,comparative_CA,long_crack,1.0,7.44783,4.17918e-06,367.58,tempered_martensitic,,20,,measured,0.8720297551235925,-5.378908923107812,0,1,20.0,0.22360679774997896
Southampton D2015,Fig. 18,FV566 stainless steel,steel,comparative_CA,long_crack,1.0,7.5349,3.56156e-06,367.58,tempered_martensitic,,20,,measured,0.8770774929165593,-5.448359734893911,0,1,20.0,0.22360679774997896
Southampton D2015,Fig. 18,FV566 stainless steel,steel,comparative_CA,long_crack,1.0,7.61009,3.01163e-06,367.58,tempered_martensitic,,20,,measured,0.8813897929430096,-5.52119838533614,0,1,20.0,0.22360679774997896
Southampton D2015,Fig. 18,FV566 stainless steel,steel,comparative_CA,long_crack,1.0,7.67433,2.52592e-06,367.58,tempered_martensitic,,20,,measured,0.8850404701421554,-5.5975804083763885,0,1,20.0,0.22360679774997896
Southampton D2015,Fig. 18,FV566 stainless steel,steel,comparative_CA,long_crack,1.0,8.04129,6.47121e-06,367.58,tempered_martensitic,,20,,measured,0.905325724736243,-5.189014506473362,0,1,20.0,0.22360679774997896
Southampton D2015,Fig. 18,FV566 stainless steel,steel,comparative_CA,long_crack,1.0,8.18509,5.6305e-06,367.58,tempered_martensitic,,20,,measured,0.9130234591039139,-5.249453037191442,0,1,20.0,0.22360679774997896
Southampton D2015,Fig. 18,FV566 stainless steel,steel,comparative_CA,long_crack,1.0,8.31315,4.86774e-06,367.58,tempered_martensitic,,20,,measured,0.9197656168527376,-5.31267262674042,0,1,20.0,0.22360679774997896
Southampton D2015,Fig. 18,FV566 stainless steel,steel,comparative_CA,long_crack,1.0,8.7217,8.40492e-06,367.58,tempered_martensitic,,20,,measured,0.9406011441827061,-5.075466415921584,0,1,20.0,0.22360679774997896
Southampton D2015,Fig. 18,FV566 stainless steel,steel,comparative_CA,long_crack,1.0,8.92113,7.39425e-06,367.58,tempered_martensitic,,20,,measured,0.9504198680176589,-5.131105869994314,0,1,20.0,0.22360679774997896
Southampton D2015,Fig. 18,FV566 stainless steel,steel,comparative_CA,long_crack,1.0,9.63386,9.50948e-06,367.58,tempered_martensitic,,20,,measured,0.98380033082321,-5.021843230623576,0,1,20.0,0.22360679774997896
Southampton D2015,Fig. 18,FV566 stainless steel,steel,comparative_CA,long_crack,1.0,10.21924,1.34669e-05,367.58,tempered_martensitic,,20,,measured,1.0094185987263566,-4.870732364769858,0,1,20.0,0.22360679774997896
Southampton D2015,Fig. 18,FV566 stainless steel,steel,comparative_CA,long_crack,1.0,10.25722,1.20312e-05,367.58,tempered_martensitic,,20,,measured,1.0110296704973796,-4.91969105367534,0,1,20.0,0.22360679774997896
Southampton D2015,Fig. 18,FV566 stainless steel,steel,comparative_CA,long_crack,1.0,10.58106,1.07154e-05,367.58,tempered_martensitic,,20,,measured,1.0245291770650686,-4.96999161234494,0,1,20.0,0.22360679774997896
Southampton D2015,Fig. 18,FV566 stainless steel,steel,comparative_CA,long_crack,1.0,11.00153,1.67455e-05,367.58,tempered_martensitic,,20,,measured,1.041453087371924,-4.776101880432323,0,1,20.0,0.22360679774997896
Southampton D2015,Fig. 18,FV566 stainless steel,steel,comparative_CA,long_crack,1.0,11.1303,1.5034e-05,367.58,tempered_martensitic,,20,,measured,1.0465068702276727,-4.822925454089924,0,1,20.0,0.22360679774997896
Southampton D2015,Fig. 18,FV566 stainless steel,steel,comparative_CA,long_crack,1.0,11.68676,2.0663e-05,367.58,tempered_martensitic,,20,,measured,1.0676941254342733,-4.6848066243042865,0,1,20.0,0.22360679774997896
Southampton D2015,Fig. 18,FV566 stainless steel,steel,comparative_CA,long_crack,1.0,11.91236,1.86163e-05,367.58,tempered_martensitic,,20,,measured,1.075997809630874,-4.7301066310484225,0,1,20.0,0.22360679774997896
Southampton D2015,Fig. 18,FV566 stainless steel,steel,comparative_CA,long_crack,1.0,12.92833,2.29046e-05,367.58,tempered_martensitic,,20,,measured,1.1115424290856706,-4.640077288227982,0,1,20.0,0.22360679774997896
Southampton D2015,Fig. 18,FV566 stainless steel,steel,comparative_CA,long_crack,1.0,13.42198,2.80604e-05,367.58,tempered_martensitic,,20,,measured,1.1278165873415378,-4.551906142411202,0,1,20.0,0.22360679774997896
Southampton D2015,Fig. 18,FV566 stainless steel,steel,comparative_CA,long_crack,1.0,13.8341,2.53624e-05,367.58,tempered_martensitic,,20,,measured,1.1409509106582054,-4.595809652310843,0,1,20.0,0.22360679774997896
Southampton D2015,Fig. 18,FV566 stainless steel,steel,comparative_CA,long_crack,1.0,14.66349,3.10252e-05,367.58,tempered_martensitic,,20,,measured,1.166237347341676,-4.508285410196149,0,1,20.0,0.22360679774997896
Southampton D2015,Fig. 18,FV566 stainless steel,steel,comparative_CA,long_crack,1.0,15.73905,3.78797e-05,367.58,tempered_martensitic,,20,,measured,1.1969785150491514,-4.421593469184617,0,1,20.0,0.22360679774997896
Southampton D2015,Fig. 18,FV566 stainless steel,steel,comparative_CA,long_crack,1.0,15.95909,3.42871e-05,367.58,tempered_martensitic,,20,,measured,1.2030081239040682,-4.464869245922043,0,1,20.0,0.22360679774997896
Southampton D2015,Fig. 18,FV566 stainless steel,steel,comparative_CA,long_crack,1.0,16.56299,4.62118e-05,367.58,tempered_martensitic,,20,,measured,1.219138739652101,-4.335247114908203,0,1,20.0,0.22360679774997896
Southampton D2015,Fig. 18,FV566 stainless steel,steel,comparative_CA,long_crack,1.0,16.97094,4.18407e-05,367.58,tempered_martensitic,,20,,measured,1.229705898034052,-4.378401058280498,0,1,20.0,0.22360679774997896
Southampton D2015,Fig. 18,FV566 stainless steel,steel,comparative_CA,long_crack,1.0,16.9982,5.35736e-05,367.58,tempered_martensitic,,20,,measured,1.2304029348220353,-4.271049169240291,0,1,20.0,0.22360679774997896
Southampton D2015,Fig. 18,FV566 stainless steel,steel,comparative_CA,long_crack,1.0,18.8559,5.10395e-05,367.58,tempered_martensitic,,20,,measured,1.275447266293773,-4.292093588759946,0,1,20.0,0.22360679774997896
Southampton D2015,Fig. 18,FV566 stainless steel,steel,comparative_CA,long_crack,1.0,21.49703,0.000115516,367.58,tempered_martensitic,,20,,measured,1.332378462533772,-3.9373578579323665,0,1,20.0,0.22360679774997896
Southampton D2015,Fig. 18,FV566 stainless steel,steel,comparative_CA,long_crack,1.0,21.53125,0.000122125,367.58,tempered_martensitic,,20,,measured,1.3330692435877198,-3.9131954232731707,0,1,20.0,0.22360679774997896
Southampton D2015,Fig. 18,FV566 stainless steel,steel,comparative_CA,long_crack,1.0,21.56829,0.000125688,367.58,tempered_martensitic,,20,,measured,1.3338157142725588,-3.900706184386908,0,1,20.0,0.22360679774997896
Southampton D2015,Fig. 18,FV566 stainless steel,steel,comparative_CA,long_crack,1.0,21.60479,0.000131772,367.58,tempered_martensitic,,20,,measured,1.33455004929643,-3.8801768624078385,0,1,20.0,0.22360679774997896
Southampton D2015,Fig. 18,FV566 stainless steel,steel,comparative_CA,long_crack,1.0,21.64561,0.000135715,367.58,tempered_martensitic,,20,,measured,1.335369829276043,-3.867372148970993,0,1,20.0,0.22360679774997896
Southampton D2015,Fig. 18,FV566 stainless steel,steel,comparative_CA,long_crack,1.0,21.68465,0.000131628,367.58,tempered_martensitic,,20,,measured,1.3361524168331618,-3.880651717469528,0,1,20.0,0.22360679774997896
Southampton D2015,Fig. 18,FV566 stainless steel,steel,comparative_CA,long_crack,1.0,21.72331,0.000135204,367.58,tempered_martensitic,,20,,measured,1.336925999793966,-3.8690104596352834,0,1,20.0,0.22360679774997896
Southampton D2015,Fig. 18,FV566 stainless steel,steel,comparative_CA,long_crack,1.0,21.7647,0.000133138,367.58,tempered_martensitic,,20,,measured,1.3377526853118182,-3.8756979713101987,0,1,20.0,0.22360679774997896
Southampton D2015,Fig. 18,FV566 stainless steel,steel,comparative_CA,long_crack,1.0,21.80235,0.000128177,367.58,tempered_martensitic,,20,,measured,1.3385033072297172,-3.892189897354017,0,1,20.0,0.22360679774997896
Southampton D2015,Fig. 18,FV566 stainless steel,steel,comparative_CA,long_crack,1.0,21.84103,0.00012757,367.58,tempered_martensitic,,20,,measured,1.3392731153865707,-3.894251444473007,0,1,20.0,0.22360679774997896
Southampton D2015,Fig. 18,FV566 stainless steel,steel,comparative_CA,long_crack,1.0,21.87854,0.000126284,367.58,tempered_martensitic,,20,,measured,1.3400183372637924,-3.898651670441405,0,1,20.0,0.22360679774997896
Southampton D2015,Fig. 18,FV566 stainless steel,steel,comparative_CA,long_crack,1.0,21.91666,0.000124526,367.58,tempered_martensitic,,20,,measured,1.3407743703373276,-3.904739962000814,0,1,20.0,0.22360679774997896
Southampton D2015,Fig. 18,FV566 stainless steel,steel,comparative_CA,long_crack,1.0,21.95333,0.000123524,367.58,tempered_martensitic,,20,,measured,1.3415004057141502,-3.908248653295577,0,1,20.0,0.22360679774997896
Southampton D2015,Fig. 18,FV566 stainless steel,steel,comparative_CA,long_crack,1.0,21.99106,0.0001262,367.58,tempered_martensitic,,20,,measured,1.3422461634697411,-3.8989406450918844,0,1,20.0,0.22360679774997896
Southampton D2015,Fig. 18,FV566 stainless steel,steel,comparative_CA,long_crack,1.0,22.02955,0.00012803,367.58,tempered_martensitic,,20,,measured,1.3430056258610308,-3.892688254509326,0,1,20.0,0.22360679774997896
Southampton D2015,Fig. 18,FV566 stainless steel,steel,comparative_CA,long_crack,1.0,22.06861,0.000129328,367.58,tempered_martensitic,,20,,measured,1.3437749798159087,-3.888307438545524,0,1,20.0,0.22360679774997896
Southampton D2015,Fig. 18,FV566 stainless steel,steel,comparative_CA,long_crack,1.0,22.10812,0.000130094,367.58,tempered_martensitic,,20,,measured,1.3445518132100989,-3.8857427328540948,0,1,20.0,0.22360679774997896
Southampton D2015,Fig. 18,FV566 stainless steel,steel,comparative_CA,long_crack,1.0,22.14787,0.000130967,367.58,tempered_martensitic,,20,,measured,1.3453319656955784,-3.882838120552984,0,1,20.0,0.22360679774997896
Southampton D2015,Fig. 18,FV566 stainless steel,steel,comparative_CA,long_crack,1.0,22.18815,0.000132009,367.58,tempered_martensitic,,20,,measured,1.3461210932060805,-3.879396458816167,0,1,20.0,0.22360679774997896
Southampton D2015,Fig. 18,FV566 stainless steel,steel,comparative_CA,long_crack,1.0,22.22878,0.000132826,367.58,tempered_martensitic,,20,,measured,1.346915627619933,-3.876716905756286,0,1,20.0,0.22360679774997896
Southampton D2015,Fig. 18,FV566 stainless steel,steel,comparative_CA,long_crack,1.0,22.2698,0.000133134,367.58,tempered_martensitic,,20,,measured,1.3477163167517567,-3.8757110194559123,0,1,20.0,0.22360679774997896
Southampton D2015,Fig. 18,FV566 stainless steel,steel,comparative_CA,long_crack,1.0,22.31087,0.000134505,367.58,tempered_martensitic,,20,,measured,1.3485165056864556,-3.8712615711853755,0,1,20.0,0.22360679774997896
Southampton D2015,Fig. 18,FV566 stainless steel,steel,comparative_CA,long_crack,1.0,22.35299,0.000134404,367.58,tempered_martensitic,,20,,measured,1.3493356238280791,-3.8715878060435234,0,1,20.0,0.22360679774997896
Southampton D2015,Fig. 18,FV566 stainless steel,steel,comparative_CA,long_crack,1.0,22.39425,0.000133291,367.58,tempered_martensitic,,20,,measured,1.3501365221807655,-3.8751991737841376,0,1,20.0,0.22360679774997896
Southampton D2015,Fig. 18,FV566 stainless steel,steel,comparative_CA,long_crack,1.0,22.47759,0.000132968,367.58,tempered_martensitic,,20,,measured,1.351749745250708,-3.876252863510806,0,1,20.0,0.22360679774997896
Southampton D2015,Fig. 18,FV566 stainless steel,steel,comparative_CA,long_crack,1.0,22.51892,0.000131013,367.58,tempered_martensitic,,20,,measured,1.3525475580581838,-3.882685608556856,0,1,20.0,0.22360679774997896
Southampton D2015,Fig. 18,FV566 stainless steel,steel,comparative_CA,long_crack,1.0,22.55985,0.00012955399999999999,367.58,tempered_martensitic,,20,,measured,1.3533362077054156,-3.8875491735611396,0,1,20.0,0.22360679774997896
Southampton D2015,Fig. 18,FV566 stainless steel,steel,comparative_CA,long_crack,1.0,22.60051,0.000128094,367.58,tempered_martensitic,,20,,measured,1.3541182394875202,-3.89247121239363,0,1,20.0,0.22360679774997896
Southampton D2015,Fig. 18,FV566 stainless steel,steel,comparative_CA,long_crack,1.0,22.64077,0.000122308,367.58,tempered_martensitic,,20,,measured,1.354891192881274,-3.9125451354230254,0,1,20.0,0.22360679774997896
Southampton D2015,Fig. 18,FV566 stainless steel,steel,comparative_CA,long_crack,1.0,22.67799,0.00012056,367.58,tempered_martensitic,,20,,measured,1.3556045594540076,-3.9187967606934246,0,1,20.0,0.22360679774997896
Southampton D2015,Fig. 18,FV566 stainless steel,steel,comparative_CA,long_crack,1.0,22.71736,0.000120865,367.58,tempered_martensitic,,20,,measured,1.3563578603114463,-3.917699443618146,0,1,20.0,0.22360679774997896
Southampton D2015,Fig. 18,FV566 stainless steel,steel,comparative_CA,long_crack,1.0,22.75498,0.000118609,367.58,tempered_martensitic,,20,,measured,1.3570764581287904,-3.925882355642582,0,1,20.0,0.22360679774997896
Southampton D2015,Fig. 18,FV566 stainless steel,steel,comparative_CA,long_crack,1.0,22.79313,0.000121153,367.58,tempered_martensitic,,20,,measured,1.3578039674967541,-3.9166658273596195,0,1,20.0,0.22360679774997896
Southampton D2015,Fig. 18,FV566 stainless steel,steel,comparative_CA,long_crack,1.0,22.83259,0.000123289,367.58,tempered_martensitic,,20,,measured,1.3585551781967158,-3.909075669976939,0,1,20.0,0.22360679774997896
Southampton D2015,Fig. 18,FV566 stainless steel,steel,comparative_CA,long_crack,1.0,22.87232,0.00012442,367.58,tempered_martensitic,,20,,measured,1.3593102184806614,-3.905109802993349,0,1,20.0,0.22360679774997896
Southampton D2015,Fig. 18,FV566 stainless steel,steel,comparative_CA,long_crack,1.0,22.91274,0.000125675,367.58,tempered_martensitic,,20,,measured,1.360077027021218,-3.900751106099887,0,1,20.0,0.22360679774997896
Southampton D2015,Fig. 18,FV566 stainless steel,steel,comparative_CA,long_crack,1.0,22.95352,0.000127489,367.58,tempered_martensitic,,20,,measured,1.3608492955095928,-3.894527285389946,0,1,20.0,0.22360679774997896
Southampton D2015,Fig. 18,FV566 stainless steel,steel,comparative_CA,long_crack,1.0,22.99535,0.000127607,367.58,tempered_martensitic,,20,,measured,1.3616400241258373,-3.894125501335945,0,1,20.0,0.22360679774997896
Southampton D2015,Fig. 18,FV566 stainless steel,steel,comparative_CA,long_crack,1.0,23.03645,0.000127081,367.58,tempered_martensitic,,20,,measured,1.3624155535619853,-3.8959193763694953,0,1,20.0,0.22360679774997896
Southampton D2015,Fig. 18,FV566 stainless steel,steel,comparative_CA,long_crack,1.0,23.07819,0.000130349,367.58,tempered_martensitic,,20,,measured,1.363201744525422,-3.884892296265102,0,1,20.0,0.22360679774997896
Southampton D2015,Fig. 18,FV566 stainless steel,steel,comparative_CA,long_crack,1.0,23.12167,0.000131007,367.58,tempered_martensitic,,20,,measured,1.3640191985024788,-3.882705498388868,0,1,20.0,0.22360679774997896
Southampton D2015,Fig. 18,FV566 stainless steel,steel,comparative_CA,long_crack,1.0,23.1641,0.000135282,367.58,tempered_martensitic,,20,,measured,1.3648154311255414,-3.8687599847824083,0,1,20.0,0.22360679774997896
Southampton D2015,Fig. 18,FV566 stainless steel,steel,comparative_CA,long_crack,1.0,23.21067,0.0001418,367.58,tempered_martensitic,,20,,measured,1.365687676996338,-3.848323769152952,0,1,20.0,0.22360679774997896
Southampton D2015,Fig. 18,FV566 stainless steel,steel,comparative_CA,long_crack,1.0,23.25768,0.000143584,367.58,tempered_martensitic,,20,,measured,1.3665663908116228,-3.8428939521470196,0,1,20.0,0.22360679774997896
Southampton D2015,Fig. 18,FV566 stainless steel,steel,comparative_CA,long_crack,1.0,23.30574,0.000148878,367.58,tempered_martensitic,,20,,measured,1.3674628971340577,-3.827169474071258,0,1,20.0,0.22360679774997896
Southampton D2015,Fig. 18,FV566 stainless steel,steel,comparative_CA,long_crack,1.0,23.3566,0.000153004,367.58,tempered_martensitic,,20,,measured,1.3684096231703688,-3.815297215226716,0,1,20.0,0.22360679774997896
Southampton D2015,Fig. 18,FV566 stainless steel,steel,comparative_CA,long_crack,1.0,23.40776,0.000154413,367.58,tempered_martensitic,,20,,measured,1.369359855978348,-3.81131613929434,0,1,20.0,0.22360679774997896
Southampton D2015,Fig. 18,FV566 stainless steel,steel,comparative_CA,long_crack,1.0,23.45993,0.000155667,367.58,tempered_martensitic,,20,,measured,1.3703267119287394,-3.8078034441877753,0,1,20.0,0.22360679774997896
Southampton D2015,Fig. 18,FV566 stainless steel,steel,comparative_CA,long_crack,1.0,23.51231,0.000158475,367.58,tempered_martensitic,,20,,measured,1.3712952990938967,-3.8000392395559865,0,1,20.0,0.22360679774997896
Southampton D2015,Fig. 18,FV566 stainless steel,steel,comparative_CA,long_crack,1.0,23.56676,0.000160615,367.58,tempered_martensitic,,20,,measured,1.3722998790519771,-3.794213897955065,0,1,20.0,0.22360679774997896
Southampton D2015,Fig. 18,FV566 stainless steel,steel,comparative_CA,long_crack,1.0,23.62099,0.000160607,367.58,tempered_martensitic,,20,,measured,1.3732980957553504,-3.79423553007152,0,1,20.0,0.22360679774997896
Southampton D2015,Fig. 18,FV566 stainless steel,steel,comparative_CA,long_crack,1.0,23.67585,0.000159277,367.58,tempered_martensitic,,20,,measured,1.3743055798055328,-3.7978469328884543,0,1,20.0,0.22360679774997896
Southampton D2015,Fig. 18,FV566 stainless steel,steel,comparative_CA,long_crack,1.0,23.72958,0.00014907,367.58,tempered_martensitic,,20,,measured,1.3752900515213167,-3.8266097485348047,0,1,20.0,0.22360679774997896
Southampton D2015,Fig. 18,FV566 stainless steel,steel,comparative_CA,long_crack,1.0,23.77785,0.000154794,367.58,tempered_martensitic,,20,,measured,1.376172583026616,-3.8102458770988115,0,1,20.0,0.22360679774997896
Southampton D2015,Fig. 18,FV566 stainless steel,steel,comparative_CA,long_crack,1.0,23.83591,0.000161624,367.58,tempered_martensitic,,20,,measured,1.37723173693998,-3.791494149170021,0,1,20.0,0.22360679774997896
Southampton D2015,Fig. 18,FV566 stainless steel,steel,comparative_CA,long_crack,1.0,23.88926,0.000154084,367.58,tempered_martensitic,,20,,measured,1.3782026971381534,-3.8122424558466244,0,1,20.0,0.22360679774997896
Southampton D2015,Fig. 18,FV566 stainless steel,steel,comparative_CA,long_crack,1.0,23.94253,0.00015682,367.58,tempered_martensitic,,20,,measured,1.379170040263545,-3.8045985504797812,0,1,20.0,0.22360679774997896
Southampton D2015,Fig. 18,FV566 stainless steel,steel,comparative_CA,long_crack,1.0,23.99818,0.000151787,367.58,tempered_martensitic,,20,,measured,1.3801783064645845,-3.818765422577759,0,1,20.0,0.22360679774997896
Southampton D2015,Fig. 18,FV566 stainless steel,steel,comparative_CA,long_crack,1.0,24.04833,0.000145908,367.58,tempered_martensitic,,20,,measured,1.3810849228318092,-3.8359208954910198,0,1,20.0,0.22360679774997896
Southampton D2015,Fig. 18,FV566 stainless steel,steel,comparative_CA,long_crack,1.0,24.10026,0.00015095,367.58,tempered_martensitic,,20,,measured,1.3820217278842546,-3.8211668826408833,0,1,20.0,0.22360679774997896
Southampton D2015,Fig. 18,FV566 stainless steel,steel,comparative_CA,long_crack,1.0,24.15431,0.000152501,367.58,tempered_martensitic,,20,,measured,1.3829946358000749,-3.8167273084938644,0,1,20.0,0.22360679774997896
Southampton D2015,Fig. 18,FV566 stainless steel,steel,comparative_CA,long_crack,1.0,24.20771,0.000143871,367.58,tempered_martensitic,,20,,measured,1.3839537080124666,-3.8420267377466972,0,1,20.0,0.22360679774997896
Southampton D2015,Fig. 18,FV566 stainless steel,steel,comparative_CA,long_crack,1.0,24.25604,0.000144542,367.58,tempered_martensitic,,20,,measured,1.3848199001362007,-3.840005940326782,0,1,20.0,0.22360679774997896
Southampton D2015,Fig. 18,FV566 stainless steel,steel,comparative_CA,long_crack,1.0,24.31029,0.000160378,367.58,tempered_martensitic,,20,,measured,1.3857901396186767,-3.794855206712043,0,1,20.0,0.22360679774997896
Southampton D2015,Fig. 18,FV566 stainless steel,steel,comparative_CA,long_crack,1.0,24.37027,0.000159233,367.58,tempered_martensitic,,20,,measured,1.3868603407916404,-3.7979669225737096,0,1,20.0,0.22360679774997896
Southampton D2015,Fig. 18,FV566 stainless steel,steel,comparative_CA,long_crack,1.0,24.42412,0.000150357,367.58,tempered_martensitic,,20,,measured,1.3878189250610689,-3.8228763481380836,0,1,20.0,0.22360679774997896
Southampton D2015,Fig. 18,FV566 stainless steel,steel,comparative_CA,long_crack,1.0,24.48191,0.000160736,367.58,tempered_martensitic,,20,,measured,1.388845297056123,-3.7938868435205446,0,1,20.0,0.22360679774997896
Southampton D2015,Fig. 18,FV566 stainless steel,steel,comparative_CA,long_crack,1.0,24.53803,0.000155493,367.58,tempered_martensitic,,20,,measured,1.3898396930905725,-3.808289157311106,0,1,20.0,0.22360679774997896
Southampton D2015,Fig. 18,FV566 stainless steel,steel,comparative_CA,long_crack,1.0,24.59827,0.000166276,367.58,tempered_martensitic,,20,,measured,1.3909045641816868,-3.779170431596798,0,1,20.0,0.22360679774997896
Southampton D2015,Fig. 18,FV566 stainless steel,steel,comparative_CA,long_crack,1.0,24.65827,0.000164932,367.58,tempered_martensitic,,20,,measured,1.3919626036543056,-3.782695074645662,0,1,20.0,0.22360679774997896
Southampton D2015,Fig. 18,FV566 stainless steel,steel,comparative_CA,long_crack,1.0,24.71955,0.000167775,367.58,tempered_martensitic,,20,,measured,1.3930405604986678,-3.7752727525116705,0,1,20.0,0.22360679774997896
Southampton D2015,Fig. 18,FV566 stainless steel,steel,comparative_CA,long_crack,1.0,24.78111,0.000167854,367.58,tempered_martensitic,,20,,measured,1.3941207554733916,-3.775068304953778,0,1,20.0,0.22360679774997896
Southampton D2015,Fig. 18,FV566 stainless steel,steel,comparative_CA,long_crack,1.0,24.84495,0.000173349,367.58,tempered_martensitic,,20,,measured,1.39523812707286,-3.7610786593190038,0,1,20.0,0.22360679774997896
Southampton D2015,Fig. 18,FV566 stainless steel,steel,comparative_CA,long_crack,1.0,24.90807,0.00017067,367.58,tempered_martensitic,,20,,measured,1.3963400775636956,-3.767842811512566,0,1,20.0,0.22360679774997896
Southampton D2015,Fig. 18,FV566 stainless steel,steel,comparative_CA,long_crack,1.0,24.9722,0.00017267,367.58,tempered_martensitic,,20,,measured,1.39745680449682,-3.7627831109919985,0,1,20.0,0.22360679774997896
Southampton D2015,Fig. 18,FV566 stainless steel,steel,comparative_CA,long_crack,1.0,25.0368,0.000173182,367.58,tempered_martensitic,,20,,measured,1.398578820099451,-3.761497249194614,0,1,20.0,0.22360679774997896
Southampton D2015,Fig. 18,FV566 stainless steel,steel,comparative_CA,long_crack,1.0,25.1034,0.000177811,367.58,tempered_martensitic,,20,,measured,1.3997325462315822,-3.7500413755844235,0,1,20.0,0.22360679774997896
Southampton D2015,Fig. 18,FV566 stainless steel,steel,comparative_CA,long_crack,1.0,25.1701,0.000177288,367.58,tempered_martensitic,,20,,measured,1.4008849409898374,-3.751320659267407,0,1,20.0,0.22360679774997896
Southampton D2015,Fig. 18,FV566 stainless steel,steel,comparative_CA,long_crack,1.0,25.23766,0.000178767,367.58,tempered_martensitic,,20,,measured,1.4020490852710357,-3.747712647959695,0,1,20.0,0.22360679774997896
Southampton D2015,Fig. 18,FV566 stainless steel,steel,comparative_CA,long_crack,1.0,25.30562,0.000179058,367.58,tempered_martensitic,,20,,measured,1.403216982201227,-3.7470062706965352,0,1,20.0,0.22360679774997896
Southampton D2015,Fig. 18,FV566 stainless steel,steel,comparative_CA,long_crack,1.0,25.37452,0.000180707,367.58,tempered_martensitic,,20,,measured,1.4043978356179,-3.7430250239609744,0,1,20.0,0.22360679774997896
Southampton D2015,Fig. 18,FV566 stainless steel,steel,comparative_CA,long_crack,1.0,25.44344,0.000179961,367.58,tempered_martensitic,,20,,measured,1.4055758283607804,-3.744821602229769,0,1,20.0,0.22360679774997896
Southampton D2015,Fig. 18,FV566 stainless steel,steel,comparative_CA,long_crack,1.0,25.51236,0.00017915,367.58,tempered_martensitic,,20,,measured,1.4067506345239587,-3.7467831874978708,0,1,20.0,0.22360679774997896
Southampton D2015,Fig. 18,FV566 stainless steel,steel,comparative_CA,long_crack,1.0,25.58258,0.000181718,367.58,tempered_martensitic,,20,,measured,1.4079443408956174,-3.7406020517041187,0,1,20.0,0.22360679774997896
Southampton D2015,Fig. 18,FV566 stainless steel,steel,comparative_CA,long_crack,1.0,25.65155,0.000177686,367.58,tempered_martensitic,,20,,measured,1.4091136125709827,-3.7503467892024016,0,1,20.0,0.22360679774997896
Southampton D2015,Fig. 18,FV566 stainless steel,steel,comparative_CA,long_crack,1.0,25.72202,0.000180736,367.58,tempered_martensitic,,20,,measured,1.410305071577437,-3.742955333636347,0,1,20.0,0.22360679774997896
Southampton D2015,Fig. 18,FV566 stainless steel,steel,comparative_CA,long_crack,1.0,25.79271,0.000180477,367.58,tempered_martensitic,,20,,measured,1.411496975182306,-3.7435781367474736,0,1,20.0,0.22360679774997896
Southampton D2015,Fig. 18,FV566 stainless steel,steel,comparative_CA,long_crack,1.0,25.86448,0.000182408,367.58,tempered_martensitic,,20,,measured,1.4127037514324883,-3.7389561184217177,0,1,20.0,0.22360679774997896
Southampton D2015,Fig. 18,FV566 stainless steel,steel,comparative_CA,long_crack,1.0,25.93801,0.000186032,367.58,tempered_martensitic,,20,,measured,1.4139366533528719,-3.730412344878424,0,1,20.0,0.22360679774997896
Southampton D2015,Fig. 18,FV566 stainless steel,steel,comparative_CA,long_crack,1.0,26.01192,0.000186095,367.58,tempered_martensitic,,20,,measured,1.4151724096595586,-3.730265295335546,0,1,20.0,0.22360679774997896
Southampton D2015,Fig. 18,FV566 stainless steel,steel,comparative_CA,long_crack,1.0,26.08719,0.000188625,367.58,tempered_martensitic,,20,,measured,1.4164273012842699,-3.724400747216354,0,1,20.0,0.22360679774997896
Southampton D2015,Fig. 18,FV566 stainless steel,steel,comparative_CA,long_crack,1.0,26.16155,0.00018546,367.58,tempered_martensitic,,20,,measured,1.4176634711700133,-3.7317497445530514,0,1,20.0,0.22360679774997896
Southampton D2015,Fig. 18,FV566 stainless steel,steel,comparative_CA,long_crack,1.0,26.24198,0.000199651,367.58,tempered_martensitic,,20,,measured,1.4189966001637146,-3.699728510195943,0,1,20.0,0.22360679774997896
Southampton D2015,Fig. 18,FV566 stainless steel,steel,comparative_CA,long_crack,1.0,26.32198,0.000197558,367.58,tempered_martensitic,,20,,measured,1.4203185548025339,-3.704305379115877,0,1,20.0,0.22360679774997896
Southampton D2015,Fig. 18,FV566 stainless steel,steel,comparative_CA,long_crack,1.0,26.39899,0.000189241,367.58,tempered_martensitic,,20,,measured,1.4215873114979547,-3.7229847656893438,0,1,20.0,0.22360679774997896
Southampton D2015,Fig. 18,FV566 stainless steel,steel,comparative_CA,long_crack,1.0,26.48178,0.000202435,367.58,tempered_martensitic,,20,,measured,1.4229471732977501,-3.69371439799448,0,1,20.0,0.22360679774997896
Southampton D2015,Fig. 18,FV566 stainless steel,steel,comparative_CA,long_crack,1.0,26.55587,0.000180287,367.58,tempered_martensitic,,20,,measured,1.4241605339611443,-3.7440355879299134,0,1,20.0,0.22360679774997896
Southampton D2015,Fig. 18,FV566 stainless steel,steel,comparative_CA,long_crack,1.0,26.64584,0.000217809,367.58,tempered_martensitic,,20,,measured,1.425629415761563,-3.6619241788980488,0,1,20.0,0.22360679774997896
Southampton D2015,Fig. 18,FV566 stainless steel,steel,comparative_CA,long_crack,1.0,26.72639,0.000193974,367.58,tempered_martensitic,,20,,measured,1.4269403014816238,-3.7122564783855188,0,1,20.0,0.22360679774997896
Southampton D2015,Fig. 18,FV566 stainless steel,steel,comparative_CA,long_crack,1.0,26.80856,0.000196879,367.58,tempered_martensitic,,20,,measured,1.428273486834441,-3.705800605195059,0,1,20.0,0.22360679774997896
Southampton D2015,Fig. 18,FV566 stainless steel,steel,comparative_CA,long_crack,1.0,26.88969,0.000193426,367.58,tempered_martensitic,,20,,measured,1.4295857954525526,-3.713485149189973,0,1,20.0,0.22360679774997896
Southampton D2015,Fig. 18,FV566 stainless steel,steel,comparative_CA,long_crack,1.0,26.9994,0.000260021,367.58,tempered_martensitic,,20,,measured,1.4313541130632659,-3.5849915758144717,0,1,20.0,0.22360679774997896
Southampton D2015,Fig. 18,FV566 stainless steel,steel,comparative_CA,long_crack,1.0,27.06984,0.000166044,367.58,tempered_martensitic,,20,,measured,1.4324856888210251,-3.779776813013326,0,1,20.0,0.22360679774997896
Southampton D2015,Fig. 18,FV566 stainless steel,steel,comparative_CA,long_crack,1.0,27.15804,0.000206884,367.58,tempered_martensitic,,20,,measured,1.4338984236386545,-3.6842730955131118,0,1,20.0,0.22360679774997896
Southampton D2015,Fig. 18,FV566 stainless steel,steel,comparative_CA,long_crack,1.0,27.24857,0.000211203,367.58,tempered_martensitic,,20,,measured,1.4353437155152338,-3.67529991722633,0,1,20.0,0.22360679774997896
Southampton D2015,Fig. 18,FV566 stainless steel,steel,comparative_CA,long_crack,1.0,27.34386,0.000221054,367.58,tempered_martensitic,,20,,measured,1.4368598218035518,-3.6555016220736003,0,1,20.0,0.22360679774997896
Southampton D2015,Fig. 18,FV566 stainless steel,steel,comparative_CA,long_crack,1.0,27.43551,0.000211427,367.58,tempered_martensitic,,20,,measured,1.4383130377279105,-3.6748395524956874,0,1,20.0,0.22360679774997896
Southampton D2015,Fig. 18,FV566 stainless steel,steel,comparative_CA,long_crack,1.0,27.52686,0.000209563,367.58,tempered_martensitic,,20,,measured,1.4397566740722896,-3.678685393035124,0,1,20.0,0.22360679774997896
Southampton D2015,Fig. 18,FV566 stainless steel,steel,comparative_CA,long_crack,1.0,27.6202,0.000212939,367.58,tempered_martensitic,,20,,measured,1.4412268190138617,-3.6717447897892934,0,1,20.0,0.22360679774997896
Southampton D2015,Fig. 18,FV566 stainless steel,steel,comparative_CA,long_crack,1.0,27.71455,0.000214053,367.58,tempered_martensitic,,20,,measured,1.44270783136422,-3.669478681054079,0,1,20.0,0.22360679774997896
Southampton D2015,Fig. 18,FV566 stainless steel,steel,comparative_CA,long_crack,1.0,27.81125,0.000218132,367.58,tempered_martensitic,,20,,measured,1.4442205090332485,-3.6612806186762565,0,1,20.0,0.22360679774997896
Southampton D2015,Fig. 18,FV566 stainless steel,steel,comparative_CA,long_crack,1.0,27.91046,0.000222498,367.58,tempered_martensitic,,20,,measured,1.4457669942749223,-3.6526738884712184,0,1,20.0,0.22360679774997896
Southampton D2015,Fig. 18,FV566 stainless steel,steel,comparative_CA,long_crack,1.0,28.01271,0.00022795,367.58,tempered_martensitic,,20,,measured,1.4473551252860661,-3.642160403462019,0,1,20.0,0.22360679774997896
Southampton D2015,Fig. 18,FV566 stainless steel,steel,comparative_CA,long_crack,1.0,28.11664,0.000230281,367.58,tempered_martensitic,,20,,measured,1.4489634203077337,-3.6377418932800487,0,1,20.0,0.22360679774997896
Southampton D2015,Fig. 18,FV566 stainless steel,steel,comparative_CA,long_crack,1.0,28.22283,0.000233843,367.58,tempered_martensitic,,20,,measured,1.4506005597996552,-3.631075625998686,0,1,20.0,0.22360679774997896
Southampton D2015,Fig. 18,FV566 stainless steel,steel,comparative_CA,long_crack,1.0,28.32822,0.000230645,367.58,tempered_martensitic,,20,,measured,1.4522192865407568,-3.6370559557357334,0,1,20.0,0.22360679774997896
Southampton D2015,Fig. 18,FV566 stainless steel,steel,comparative_CA,long_crack,1.0,28.43665,0.00023583,367.58,tempered_martensitic,,20,,measured,1.4538784326973917,-3.627400949004623,0,1,20.0,0.22360679774997896
Southampton D2015,Fig. 18,FV566 stainless steel,steel,comparative_CA,long_crack,1.0,28.54365,0.000231268,367.58,tempered_martensitic,,20,,measured,1.4555095074437663,-3.6358844553610417,0,1,20.0,0.22360679774997896
Southampton D2015,Fig. 18,FV566 stainless steel,steel,comparative_CA,long_crack,1.0,28.65172,0.000232113,367.58,tempered_martensitic,,20,,measured,1.457150698348335,-3.6343005352435296,0,1,20.0,0.22360679774997896
Southampton D2015,Fig. 18,FV566 stainless steel,steel,comparative_CA,long_crack,1.0,28.76272,0.000236915,367.58,tempered_martensitic,,20,,measured,1.458829953516617,-3.6254074415524657,0,1,20.0,0.22360679774997896
Southampton D2015,Fig. 18,FV566 stainless steel,steel,comparative_CA,long_crack,1.0,28.87067,0.000228975,367.58,tempered_martensitic,,20,,measured,1.4604568626450607,-3.6402119323096382,0,1,20.0,0.22360679774997896
Southampton D2015,Fig. 18,FV566 stainless steel,steel,comparative_CA,long_crack,1.0,28.99048,0.000252439,367.58,tempered_martensitic,,20,,measured,1.4622554060975135,-3.5978435488876204,0,1,20.0,0.22360679774997896
Southampton D2015,Fig. 18,FV566 stainless steel,steel,comparative_CA,long_crack,1.0,29.10873,0.000247503,367.58,tempered_martensitic,,20,,measured,1.4640232577911343,-3.606419532586778,0,1,20.0,0.22360679774997896
Southampton D2015,Fig. 18,FV566 stainless steel,steel,comparative_CA,long_crack,1.0,29.23261,0.000257477,367.58,tempered_martensitic,,20,,measured,1.4658675925724298,-3.5892615597071043,0,1,20.0,0.22360679774997896
Southampton D2015,Fig. 18,FV566 stainless steel,steel,comparative_CA,long_crack,1.0,29.35818,0.000259157,367.58,tempered_martensitic,,20,,measured,1.4677291288851548,-3.5864370560881356,0,1,20.0,0.22360679774997896
Southampton D2015,Fig. 18,FV566 stainless steel,steel,comparative_CA,long_crack,1.0,29.48585,0.00026164,367.58,tempered_martensitic,,20,,measured,1.4696136518692517,-3.5822958595400722,0,1,20.0,0.22360679774997896
Southampton D2015,Fig. 18,FV566 stainless steel,steel,comparative_CA,long_crack,1.0,29.61442,0.000261579,367.58,tempered_martensitic,,20,,measured,1.4715032313795915,-3.58239712483631,0,1,20.0,0.22360679774997896
Southampton D2015,Fig. 18,FV566 stainless steel,steel,comparative_CA,long_crack,1.0,29.7443,0.000262332,367.58,tempered_martensitic,,20,,measured,1.4734037527293136,-3.5811487297079196,0,1,20.0,0.22360679774997896
Southampton D2015,Fig. 18,FV566 stainless steel,steel,comparative_CA,long_crack,1.0,29.87521,0.000262519,367.58,tempered_martensitic,,20,,measured,1.47531096672676,-3.5808392587473903,0,1,20.0,0.22360679774997896
Southampton D2015,Fig. 18,FV566 stainless steel,steel,comparative_CA,long_crack,1.0,30.00889,0.000266097,367.58,tempered_martensitic,,20,,measured,1.4772499315864522,-3.5749600216935944,0,1,20.0,0.22360679774997896
Southampton D2015,Fig. 18,FV566 stainless steel,steel,comparative_CA,long_crack,1.0,30.14604,0.000270993,367.58,tempered_martensitic,,20,,measured,1.4792302710665277,-3.5670419272091247,0,1,20.0,0.22360679774997896
Southampton D2015,Fig. 18,FV566 stainless steel,steel,comparative_CA,long_crack,1.0,30.28538,0.000273217,367.58,tempered_martensitic,,20,,measured,1.481233027260267,-3.5634922816504746,0,1,20.0,0.22360679774997896
Southampton D2015,Fig. 18,FV566 stainless steel,steel,comparative_CA,long_crack,1.0,30.42572,0.000273093,367.58,tempered_martensitic,,20,,measured,1.4832408642505706,-3.5636894316813392,0,1,20.0,0.22360679774997896
Southampton D2015,Fig. 18,FV566 stainless steel,steel,comparative_CA,long_crack,1.0,30.56744,0.000273657,367.58,tempered_martensitic,,20,,measured,1.4852590684144003,-3.562793438358343,0,1,20.0,0.22360679774997896
Southampton D2015,Fig. 18,FV566 stainless steel,steel,comparative_CA,long_crack,1.0,30.7116,0.000276228,367.58,tempered_martensitic,,20,,measured,1.4873024427234394,-3.5587323010319802,0,1,20.0,0.22360679774997896
Southampton D2015,Fig. 18,FV566 stainless steel,steel,comparative_CA,long_crack,1.0,30.8559,0.000274361,367.58,tempered_martensitic,,20,,measured,1.4893382183677546,-3.561677622879849,0,1,20.0,0.22360679774997896
Southampton D2015,Fig. 18,FV566 stainless steel,steel,comparative_CA,long_crack,1.0,31.00337,0.000278194,367.58,tempered_martensitic,,20,,measured,1.49140890328129,-3.555652240968672,0,1,20.0,0.22360679774997896
Southampton D2015,Fig. 18,FV566 stainless steel,steel,comparative_CA,long_crack,1.0,31.14867,0.000271955,367.58,tempered_martensitic,,20,,measured,1.493439507688854,-3.5655029520999677,0,1,20.0,0.22360679774997896
Southampton D2015,Fig. 18,FV566 stainless steel,steel,comparative_CA,long_crack,1.0,31.30269,0.000285992,367.58,tempered_martensitic,,20,,measured,1.4955816602927088,-3.5436461151382597,0,1,20.0,0.22360679774997896
Southampton D2015,Fig. 18,FV566 stainless steel,steel,comparative_CA,long_crack,1.0,31.45834,0.00028666,367.58,tempered_martensitic,,20,,measured,1.4977358019534892,-3.542632903465209,0,1,20.0,0.22360679774997896
Southampton D2015,Fig. 18,FV566 stainless steel,steel,comparative_CA,long_crack,1.0,31.61813,0.000291866,367.58,tempered_martensitic,,20,,measured,1.4999361807544216,-3.5348164938177793,0,1,20.0,0.22360679774997896
Southampton D2015,Fig. 18,FV566 stainless steel,steel,comparative_CA,long_crack,1.0,31.78153,0.000295917,367.58,tempered_martensitic,,20,,measured,1.5021748008185873,-3.528830084538195,0,1,20.0,0.22360679774997896
Southampton D2015,Fig. 18,FV566 stainless steel,steel,comparative_CA,long_crack,1.0,31.95049,0.000303359,367.58,tempered_martensitic,,20,,measured,1.504477522984695,-3.5180431159585814,0,1,20.0,0.22360679774997896
Southampton D2015,Fig. 18,FV566 stainless steel,steel,comparative_CA,long_crack,1.0,32.12181,0.0003049,367.58,tempered_martensitic,,20,,measured,1.5068000089249811,-3.515842575634619,0,1,20.0,0.22360679774997896
Southampton D2015,Fig. 18,FV566 stainless steel,steel,comparative_CA,long_crack,1.0,32.29579,0.000306874,367.58,tempered_martensitic,,20,,measured,1.5091459124569484,-3.5130399057514965,0,1,20.0,0.22360679774997896
Southampton D2015,Fig. 18,FV566 stainless steel,steel,comparative_CA,long_crack,1.0,32.48216,0.000325701,367.58,tempered_martensitic,,20,,measured,1.5116449012615671,-3.487180908018439,0,1,20.0,0.22360679774997896
Southampton D2015,Fig. 18,FV566 stainless steel,steel,comparative_CA,long_crack,1.0,32.67376,0.000331629,367.58,tempered_martensitic,,20,,measured,1.5141991146802423,-3.4793474986607236,0,1,20.0,0.22360679774997896
Southampton D2015,Fig. 18,FV566 stainless steel,steel,comparative_CA,long_crack,1.0,32.87745,0.000349032,367.58,tempered_martensitic,,20,,measured,1.5168981259642687,-3.457134754168818,0,1,20.0,0.22360679774997896
Southampton D2015,Fig. 18,FV566 stainless steel,steel,comparative_CA,long_crack,1.0,33.09349,0.000366296,367.58,tempered_martensitic,,20,,measured,1.5197425697533171,-3.436167823861834,0,1,20.0,0.22360679774997896
Southampton D2015,Fig. 18,FV566 stainless steel,steel,comparative_CA,long_crack,1.0,33.31401,0.000369835,367.58,tempered_martensitic,,20,,measured,1.5226269117681803,-3.4319919909929903,0,1,20.0,0.22360679774997896
Southampton D2015,Fig. 18,FV566 stainless steel,steel,comparative_CA,long_crack,1.0,33.5435,0.000380577,367.58,tempered_martensitic,,20,,measured,1.525608375842586,-3.4195574616478193,0,1,20.0,0.22360679774997896
Southampton D2015,Fig. 18,FV566 stainless steel,steel,comparative_CA,long_crack,1.0,33.77478,0.000379207,367.58,tempered_martensitic,,20,,measured,1.528592528823685,-3.421123654368481,0,1,20.0,0.22360679774997896
Southampton D2015,Fig. 18,FV566 stainless steel,steel,comparative_CA,long_crack,1.0,34.01607,0.000391056,367.58,tempered_martensitic,,20,,measured,1.5316841365574094,-3.40776104631377,0,1,20.0,0.22360679774997896
Southampton D2015,Fig. 18,FV566 stainless steel,steel,comparative_CA,long_crack,1.0,34.25523,0.000383073,367.58,tempered_martensitic,,20,,measured,1.534726887850016,-3.416718457163985,0,1,20.0,0.22360679774997896
Southampton D2015,Fig. 18,FV566 stainless steel,steel,comparative_CA,long_crack,1.0,34.50796,0.000400034,367.58,tempered_martensitic,,20,,measured,1.5379192859524504,-3.397903095209876,0,1,20.0,0.22360679774997896
Southampton D2015,Fig. 18,FV566 stainless steel,steel,comparative_CA,long_crack,1.0,34.77155,0.000412054,367.58,tempered_martensitic,,20,,measured,1.5412240505176902,-3.3850458656045825,0,1,20.0,0.22360679774997896
Southampton D2015,Fig. 18,FV566 stainless steel,steel,comparative_CA,long_crack,1.0,35.04475,0.000421648,367.58,tempered_martensitic,,20,,measured,1.5446229661883677,-3.3750499553179614,0,1,20.0,0.22360679774997896
Southampton D2015,Fig. 18,FV566 stainless steel,steel,comparative_CA,long_crack,1.0,35.33387,0.000440327,367.58,tempered_martensitic,,20,,measured,1.5481912068545969,-3.35622468362633,0,1,20.0,0.22360679774997896
Southampton D2015,Fig. 18,FV566 stainless steel,steel,comparative_CA,long_crack,1.0,35.63645,0.000454454,367.58,tempered_martensitic,,20,,measured,1.5518944343603391,-3.3425100696635774,0,1,20.0,0.22360679774997896
Southampton D2015,Fig. 18,FV566 stainless steel,steel,comparative_CA,long_crack,1.0,35.95691,0.000474381,367.58,tempered_martensitic,,20,,measured,1.5557823630498084,-3.323872713742447,0,1,20.0,0.22360679774997896
Southampton D2015,Fig. 18,FV566 stainless steel,steel,comparative_CA,long_crack,1.0,36.29074,0.000486762,367.58,tempered_martensitic,,20,,measured,1.5597958239360208,-3.3126833331422025,0,1,20.0,0.22360679774997896
Southampton D2015,Fig. 18,FV566 stainless steel,steel,comparative_CA,long_crack,1.0,36.6382,0.000498792,367.58,tempered_martensitic,,20,,measured,1.5639341290441222,-3.3020805206780923,0,1,20.0,0.22360679774997896
Southampton D2015,Fig. 18,FV566 stainless steel,steel,comparative_CA,long_crack,1.0,36.99142,0.000499072,367.58,tempered_martensitic,,20,,measured,1.5681010030192997,-3.301836795164146,0,1,20.0,0.22360679774997896
Southampton D2015,Fig. 18,FV566 stainless steel,steel,comparative_CA,long_crack,1.0,37.37385,0.000531505,367.58,tempered_martensitic,,20,,measured,1.5725678382197632,-3.2744926456050387,0,1,20.0,0.22360679774997896
Southampton D2015,Fig. 18,FV566 stainless steel,steel,comparative_CA,long_crack,1.0,37.73555,0.000494441,367.58,tempered_martensitic,,20,,measured,1.576750684265785,-3.3058855238911646,0,1,20.0,0.22360679774997896
Southampton D2015,Fig. 18,FV566 stainless steel,steel,comparative_CA,long_crack,1.0,38.16298,0.000574236,367.58,tempered_martensitic,,20,,measured,1.5816422797381715,-3.2409095841988718,0,1,20.0,0.22360679774997896
Southampton D2015,Fig. 18,FV566 stainless steel,steel,comparative_CA,long_crack,1.0,38.58609,0.000558007,367.58,tempered_martensitic,,20,,measured,1.5864307729363432,-3.253360352957932,0,1,20.0,0.22360679774997896
Southampton D2015,Fig. 18,FV566 stainless steel,steel,comparative_CA,long_crack,1.0,39.02536,0.000568662,367.58,tempered_martensitic,,20,,measured,1.5913469180199735,-3.245145791866877,0,1,20.0,0.22360679774997896
Southampton D2015,Fig. 18,FV566 stainless steel,steel,comparative_CA,long_crack,1.0,39.48211,0.000580129,367.58,tempered_martensitic,,20,,measured,1.596400354151356,-3.2364754240942433,0,1,20.0,0.22360679774997896
Southampton D2015,Fig. 18,FV566 stainless steel,steel,comparative_CA,long_crack,1.0,39.95696,0.000591391,367.58,tempered_martensitic,,20,,measured,1.6015924388770815,-3.228125289008546,0,1,20.0,0.22360679774997896
Southampton D2015,Fig. 18,FV566 stainless steel,steel,comparative_CA,long_crack,1.0,40.45031,0.000602204,367.58,tempered_martensitic,,20,,measured,1.6069218542739647,-3.220256364113598,0,1,20.0,0.22360679774997896
Southampton D2015,Fig. 18,FV566 stainless steel,steel,comparative_CA,long_crack,1.0,40.96253,0.000612445,367.58,tempered_martensitic,,20,,measured,1.6123867724576812,-3.212932906586304,0,1,20.0,0.22360679774997896
Southampton D2015,Fig. 18,FV566 stainless steel,steel,comparative_CA,long_crack,1.0,41.4939,0.000622031,367.58,tempered_martensitic,,20,,measured,1.6179842559636912,-3.206187970946715,0,1,20.0,0.22360679774997896
Southampton D2015,Fig. 18,FV566 stainless steel,steel,comparative_CA,long_crack,1.0,42.04467,0.000630917,367.58,tempered_martensitic,,20,,measured,1.6237109481409415,-3.2000277704118574,0,1,20.0,0.22360679774997896
Southampton D2015,Fig. 18,FV566 stainless steel,steel,comparative_CA,long_crack,1.0,42.61507,0.000639084,367.58,tempered_martensitic,,20,,measured,1.6295632061562721,-3.19444205523926,0,1,20.0,0.22360679774997896
Southampton D2015,Fig. 18,FV566 stainless steel,steel,comparative_CA,long_crack,1.0,43.20532,0.000646518,367.58,tempered_martensitic,,20,,measured,1.6355372260832406,-3.1894193792262002,0,1,20.0,0.22360679774997896
Southampton D2015,Fig. 18,FV520B steel,steel,comparative_CA,long_crack,1.0,4.91163,6.94129e-09,365.82,tempered_martensitic,,20,,measured,0.6912256433508199,-8.158559810839137,0,1,20.0,0.22360679774997896
Southampton D2015,Fig. 18,FV520B steel,steel,comparative_CA,long_crack,1.0,4.91184,2.08559e-08,365.82,tempered_martensitic,,20,,measured,0.6912442115026468,-7.680771064192639,0,1,20.0,0.22360679774997896
Southampton D2015,Fig. 18,FV520B steel,steel,comparative_CA,long_crack,1.0,4.91249,2.85311e-08,365.82,tempered_martensitic,,20,,measured,0.6913016793225693,-7.544681484048469,0,1,20.0,0.22360679774997896
Southampton D2015,Fig. 18,FV520B steel,steel,comparative_CA,long_crack,1.0,4.91337,1.53426e-08,365.82,tempered_martensitic,,20,,measured,0.6913794697948733,-7.8141010373901825,0,1,20.0,0.22360679774997896
Southampton D2015,Fig. 18,FV520B steel,steel,comparative_CA,long_crack,1.0,4.91573,4.75337e-08,365.82,tempered_martensitic,,20,,measured,0.6915880209332252,-7.32299837911905,0,1,20.0,0.22360679774997896
Southampton D2015,Fig. 18,FV520B steel,steel,comparative_CA,long_crack,1.0,4.9172,2.79121e-08,365.82,tempered_martensitic,,20,,measured,0.6917178729494917,-7.554207487620909,0,1,20.0,0.22360679774997896
Southampton D2015,Fig. 18,FV520B steel,steel,comparative_CA,long_crack,1.0,4.91806,6.9069e-08,365.82,tempered_martensitic,,20,,measured,0.69179382279838,-7.160716831783426,0,1,20.0,0.22360679774997896
Southampton D2015,Fig. 18,FV520B steel,steel,comparative_CA,long_crack,1.0,4.92019,1.95648e-08,365.82,tempered_martensitic,,20,,measured,0.6919818739783983,-7.708524587290024,0,1,20.0,0.22360679774997896
Southampton D2015,Fig. 18,FV520B steel,steel,comparative_CA,long_crack,1.0,4.9208,5.07249e-08,365.82,tempered_martensitic,,20,,measured,0.6920357140156913,-7.294778800469895,0,1,20.0,0.22360679774997896
Southampton D2015,Fig. 18,FV520B steel,steel,comparative_CA,long_crack,1.0,4.92237,4.49953e-08,365.82,tempered_martensitic,,20,,measured,0.6921742552259661,-7.34683284823949,0,1,20.0,0.22360679774997896
Southampton D2015,Fig. 18,FV520B steel,steel,comparative_CA,long_crack,1.0,4.92376,4.39717e-08,365.82,tempered_martensitic,,20,,measured,0.6922968758563774,-7.356826743696936,0,1,20.0,0.22360679774997896
Southampton D2015,Fig. 18,FV520B steel,steel,comparative_CA,long_crack,1.0,4.92512,4.53353e-08,365.82,tempered_martensitic,,20,,measured,0.6924168164992003,-7.343563506041616,0,1,20.0,0.22360679774997896
Southampton D2015,Fig. 18,FV520B steel,steel,comparative_CA,long_crack,1.0,4.92653,3.38329e-08,365.82,tempered_martensitic,,20,,measured,0.6925411317608396,-7.470660774898431,0,1,20.0,0.22360679774997896
Southampton D2015,Fig. 18,FV520B steel,steel,comparative_CA,long_crack,1.0,5.41208,2.45827e-07,365.82,tempered_martensitic,,20,,measured,0.7333642076044038,-6.60937041881719,0,1,20.0,0.22360679774997896
Southampton D2015,Fig. 18,FV520B steel,steel,comparative_CA,long_crack,1.0,5.42041,1.7759e-07,365.82,tempered_martensitic,,20,,measured,0.7340321378304812,-6.750581492764012,0,1,20.0,0.22360679774997896
Southampton D2015,Fig. 18,FV520B steel,steel,comparative_CA,long_crack,1.0,5.42645,1.42733e-07,365.82,tempered_martensitic,,20,,measured,0.7345158057199567,-6.84547560599522,0,1,20.0,0.22360679774997896
Southampton D2015,Fig. 18,FV520B steel,steel,comparative_CA,long_crack,1.0,5.43131,1.54225e-07,365.82,tempered_martensitic,,20,,measured,0.7349045914958456,-6.811845221083983,0,1,20.0,0.22360679774997896
Southampton D2015,Fig. 18,FV520B steel,steel,comparative_CA,long_crack,1.0,5.43657,1.79624e-07,365.82,tempered_martensitic,,20,,measured,0.7353249842777285,-6.74563563664862,0,1,20.0,0.22360679774997896
Southampton D2015,Fig. 18,FV520B steel,steel,comparative_CA,long_crack,1.0,5.4427,1.85328e-07,365.82,tempered_martensitic,,20,,measured,0.7358143967945251,-6.732058961000364,0,1,20.0,0.22360679774997896
Southampton D2015,Fig. 18,FV520B steel,steel,comparative_CA,long_crack,1.0,5.44904,2.00942e-07,365.82,tempered_martensitic,,20,,measured,0.7363199959598099,-6.696929279469536,0,1,20.0,0.22360679774997896
Southampton D2015,Fig. 18,FV520B steel,steel,comparative_CA,long_crack,1.0,5.45593,2.04057e-07,365.82,tempered_martensitic,,20,,measured,0.7368687896526832,-6.6902485025362415,0,1,20.0,0.22360679774997896
Southampton D2015,Fig. 18,FV520B steel,steel,comparative_CA,long_crack,1.0,5.46294,1.95755e-07,365.82,tempered_martensitic,,20,,measured,0.7374264306423491,-6.708287136321476,0,1,20.0,0.22360679774997896
Southampton D2015,Fig. 18,FV520B steel,steel,comparative_CA,long_crack,1.0,5.8752,5.80774e-07,365.82,tempered_martensitic,,20,,measured,0.7690226551851297,-6.23599283430052,0,1,20.0,0.22360679774997896
Southampton D2015,Fig. 18,FV520B steel,steel,comparative_CA,long_crack,1.0,5.89641,3.13285e-07,365.82,tempered_martensitic,,20,,measured,0.7705876740617844,-6.50406039852136,0,1,20.0,0.22360679774997896
Southampton D2015,Fig. 18,FV520B steel,steel,comparative_CA,long_crack,1.0,5.9079,1.50667e-07,365.82,tempered_martensitic,,20,,measured,0.7714331356216751,-6.821981859080843,0,1,20.0,0.22360679774997896
Southampton D2015,Fig. 18,FV520B steel,steel,comparative_CA,long_crack,1.0,5.91344,3.1367e-07,365.82,tempered_martensitic,,20,,measured,0.7718401946532036,-6.5035270160727,0,1,20.0,0.22360679774997896
Southampton D2015,Fig. 18,FV520B steel,steel,comparative_CA,long_crack,1.0,5.9191,2.31291e-07,365.82,tempered_martensitic,,20,,measured,0.772255677204719,-6.635841266176129,0,1,20.0,0.22360679774997896
Southampton D2015,Fig. 18,FV520B steel,steel,comparative_CA,long_crack,1.0,5.92728,2.36409e-07,365.82,tempered_martensitic,,20,,measured,0.7728554434500331,-6.6263359940516295,0,1,20.0,0.22360679774997896
Southampton D2015,Fig. 18,FV520B steel,steel,comparative_CA,long_crack,1.0,5.93602,2.52285e-07,365.82,tempered_martensitic,,20,,measured,0.7734953555248463,-6.598108570373774,0,1,20.0,0.22360679774997896
Southampton D2015,Fig. 18,FV520B steel,steel,comparative_CA,long_crack,1.0,5.94538,3.14386e-07,365.82,tempered_martensitic,,20,,measured,0.77417961784941,-6.502536801876022,0,1,20.0,0.22360679774997896
Southampton D2015,Fig. 18,FV520B steel,steel,comparative_CA,long_crack,1.0,5.95706,3.13218e-07,365.82,tempered_martensitic,,20,,measured,0.775031974370741,-6.504153287878309,0,1,20.0,0.22360679774997896
Southampton D2015,Fig. 18,FV520B steel,steel,comparative_CA,long_crack,1.0,6.43605,1.55537e-06,365.82,tempered_martensitic,,20,,measured,0.8086194093610731,-5.808166281978623,0,1,20.0,0.22360679774997896
Southampton D2015,Fig. 18,FV520B steel,steel,comparative_CA,long_crack,1.0,6.48747,9.63576e-07,365.82,tempered_martensitic,,20,,measured,0.8120753625536886,-6.016114025607452,0,1,20.0,0.22360679774997896
Southampton D2015,Fig. 18,FV520B steel,steel,comparative_CA,long_crack,1.0,6.49757,1.25278e-06,365.82,tempered_martensitic,,20,,measured,0.8127509669648895,-5.902125188522858,0,1,20.0,0.22360679774997896
Southampton D2015,Fig. 18,FV520B steel,steel,comparative_CA,long_crack,1.0,7.00827,2.01104e-06,365.82,tempered_martensitic,,20,,measured,0.8456108250737401,-5.696579291110612,0,1,20.0,0.22360679774997896
Southampton D2015,Fig. 18,FV520B steel,steel,comparative_CA,long_crack,1.0,7.03517,1.93126e-06,365.82,tempered_martensitic,,20,,measured,0.847274596322277,-5.714159254462896,0,1,20.0,0.22360679774997896
Southampton D2015,Fig. 18,FV520B steel,steel,comparative_CA,long_crack,1.0,7.66763,2.02642e-06,365.82,tempered_martensitic,,20,,measured,0.8846611479155647,-5.693270536873857,0,1,20.0,0.22360679774997896
Southampton D2015,Fig. 18,FV520B steel,steel,comparative_CA,long_crack,1.0,8.38417,2.78002e-06,365.82,tempered_martensitic,,20,,measured,0.9234600756169198,-5.555952079672429,0,1,20.0,0.22360679774997896
Southampton D2015,Fig. 18,FV520B steel,steel,comparative_CA,long_crack,1.0,8.40959,2.31338e-06,365.82,tempered_martensitic,,20,,measured,0.9247748227803041,-5.635753023369388,0,1,20.0,0.22360679774997896
Southampton D2015,Fig. 18,FV520B steel,steel,comparative_CA,long_crack,1.0,9.13672,4.07625e-06,365.82,tempered_martensitic,,20,,measured,0.9607903159133893,-5.389739188185986,0,1,20.0,0.22360679774997896
Southampton D2015,Fig. 18,FV520B steel,steel,comparative_CA,long_crack,1.0,9.83589,7.2048e-06,365.82,tempered_martensitic,,20,,measured,0.9928136631471858,-5.142378070381143,0,1,20.0,0.22360679774997896
Southampton D2015,Fig. 18,FV520B steel,steel,comparative_CA,long_crack,1.0,10.50821,1.26428e-05,365.82,tempered_martensitic,,20,,measured,1.0215287433041629,-4.89815673223378,0,1,20.0,0.22360679774997896
Southampton D2015,Fig. 18,FV520B steel,steel,comparative_CA,long_crack,1.0,12.01132,2.2634e-05,365.82,tempered_martensitic,,20,,measured,1.0795907373958198,-4.645238688448411,0,1,20.0,0.22360679774997896
Southampton D2015,Fig. 18,FV520B steel,steel,comparative_CA,long_crack,1.0,14.65377,3.14326e-05,365.82,tempered_martensitic,,20,,measured,1.1659493707354875,-4.502619694103283,0,1,20.0,0.22360679774997896
Southampton D2015,Fig. 18,FV520B steel,steel,comparative_CA,long_crack,1.0,14.68182,3.83311e-05,365.82,tempered_martensitic,,20,,measured,1.1667798952914916,-4.416448717477311,0,1,20.0,0.22360679774997896
Southampton D2015,Fig. 18,FV520B steel,steel,comparative_CA,long_crack,1.0,14.71616,4.38087e-05,365.82,tempered_martensitic,,20,,measured,1.1677945010087332,-4.358439634089645,0,1,20.0,0.22360679774997896
Southampton D2015,Fig. 18,FV520B steel,steel,comparative_CA,long_crack,1.0,14.75555,4.79962e-05,365.82,tempered_martensitic,,20,,measured,1.1689554020781543,-4.318793145631909,0,1,20.0,0.22360679774997896
Southampton D2015,Fig. 18,FV520B steel,steel,comparative_CA,long_crack,1.0,14.79891,5.1027e-05,365.82,tempered_martensitic,,20,,measured,1.1702297290153583,-4.292199964133863,0,1,20.0,0.22360679774997896
Southampton D2015,Fig. 18,FV520B steel,steel,comparative_CA,long_crack,1.0,14.84524,5.30359e-05,365.82,tempered_martensitic,,20,,measured,1.1715872231400872,-4.275430056929829,0,1,20.0,0.22360679774997896
Southampton D2015,Fig. 18,FV520B steel,steel,comparative_CA,long_crack,1.0,14.89364,5.41599e-05,365.82,tempered_martensitic,,20,,measured,1.173000852132366,-4.266322146196773,0,1,20.0,0.22360679774997896
Southampton D2015,Fig. 18,FV520B steel,steel,comparative_CA,long_crack,1.0,14.94333,5.45383e-05,365.82,tempered_martensitic,,20,,measured,1.1744473872702583,-4.263298403470403,0,1,20.0,0.22360679774997896
Southampton D2015,Fig. 18,FV520B steel,steel,comparative_CA,long_crack,1.0,14.99365,5.43138e-05,365.82,tempered_martensitic,,20,,measured,1.1759073687988244,-4.265089811250853,0,1,20.0,0.22360679774997896
Southampton D2015,Fig. 18,FV520B steel,steel,comparative_CA,long_crack,1.0,15.04403,5.35149e-05,365.82,tempered_martensitic,,20,,measured,1.1773641907980528,-4.271525281776015,0,1,20.0,0.22360679774997896
Southampton D2015,Fig. 18,FV520B steel,steel,comparative_CA,long_crack,1.0,15.09394,5.16832e-05,365.82,tempered_martensitic,,20,,measured,1.1788026192925394,-4.286650604546296,0,1,20.0,0.22360679774997896
Southampton D2015,Fig. 18,FV520B steel,steel,comparative_CA,long_crack,1.0,15.14239,4.93586e-05,365.82,tempered_martensitic,,20,,measured,1.180194427468803,-4.3066371670643075,0,1,20.0,0.22360679774997896
Southampton D2015,Fig. 18,FV520B steel,steel,comparative_CA,long_crack,1.0,15.17894,4.11948e-05,365.82,tempered_martensitic,,20,,measured,1.1812414442719472,-4.385157601292932,0,1,20.0,0.22360679774997896
Southampton D2015,Fig. 18,FV520B steel,steel,comparative_CA,long_crack,1.0,15.18891,4.9084e-05,365.82,tempered_martensitic,,20,,measured,1.181526608756107,-4.309060052563986,0,1,20.0,0.22360679774997896
Southampton D2015,Fig. 18,FV520B steel,steel,comparative_CA,long_crack,1.0,15.23539,4.90413e-05,365.82,tempered_martensitic,,20,,measured,1.1828535758990317,-4.309438025941857,0,1,20.0,0.22360679774997896
Southampton D2015,Fig. 18,FV520B steel,steel,comparative_CA,long_crack,1.0,15.28207,4.88546e-05,365.82,tempered_martensitic,,20,,measured,1.1841821846512837,-4.3110945381772945,0,1,20.0,0.22360679774997896
Southampton D2015,Fig. 18,FV520B steel,steel,comparative_CA,long_crack,1.0,15.3288,4.97542e-05,365.82,tempered_martensitic,,20,,measured,1.185508157869591,-4.303170252409034,0,1,20.0,0.22360679774997896
Southampton D2015,Fig. 18,FV520B steel,steel,comparative_CA,long_crack,1.0,15.37663,5.48132e-05,365.82,tempered_martensitic,,20,,measured,1.1868611642837925,-4.2611148430331705,0,1,20.0,0.22360679774997896
Southampton D2015,Fig. 18,FV520B steel,steel,comparative_CA,long_crack,1.0,15.42961,5.56197e-05,365.82,tempered_martensitic,,20,,measured,1.1883549489414056,-4.25477135795111,0,1,20.0,0.22360679774997896
Southampton D2015,Fig. 18,FV520B steel,steel,comparative_CA,long_crack,1.0,15.48367,5.72003e-05,365.82,tempered_martensitic,,20,,measured,1.1898739067242707,-4.242601693444687,0,1,20.0,0.22360679774997896
Southampton D2015,Fig. 18,FV520B steel,steel,comparative_CA,long_crack,1.0,15.53959,5.64099e-05,365.82,tempered_martensitic,,20,,measured,1.1914395560938171,-4.2486446701644605,0,1,20.0,0.22360679774997896
Southampton D2015,Fig. 18,FV520B steel,steel,comparative_CA,long_crack,1.0,15.59506,5.57007e-05,365.82,tempered_martensitic,,20,,measured,1.1929870499888848,-4.254139346940686,0,1,20.0,0.22360679774997896
Southampton D2015,Fig. 18,FV520B steel,steel,comparative_CA,long_crack,1.0,15.65015,5.60362e-05,365.82,tempered_martensitic,,20,,measured,1.1945185044294382,-4.251531323332494,0,1,20.0,0.22360679774997896
Southampton D2015,Fig. 18,FV520B steel,steel,comparative_CA,long_crack,1.0,15.7059,5.5669e-05,365.82,tempered_martensitic,,20,,measured,1.196062827957355,-4.25438657999327,0,1,20.0,0.22360679774997896
Southampton D2015,Fig. 18,FV520B steel,steel,comparative_CA,long_crack,1.0,15.7616,5.54219e-05,365.82,tempered_martensitic,,20,,measured,1.1976003017259214,-4.256318589608078,0,1,20.0,0.22360679774997896
Southampton D2015,Fig. 18,FV520B steel,steel,comparative_CA,long_crack,1.0,15.81737,5.50003e-05,365.82,tempered_martensitic,,20,,measured,1.1991342737608905,-4.259634941633225,0,1,20.0,0.22360679774997896
Southampton D2015,Fig. 18,FV520B steel,steel,comparative_CA,long_crack,1.0,15.87304,5.48915e-05,365.82,tempered_martensitic,,20,,measured,1.200660110673529,-4.260494901249321,0,1,20.0,0.22360679774997896
Southampton D2015,Fig. 18,FV520B steel,steel,comparative_CA,long_crack,1.0,15.92892,5.65326e-05,365.82,tempered_martensitic,,20,,measured,1.2021863311093066,-4.247701040372418,0,1,20.0,0.22360679774997896
Southampton D2015,Fig. 18,FV520B steel,steel,comparative_CA,long_crack,1.0,15.9868,5.77089e-05,365.82,tempered_martensitic,,20,,measured,1.2037615418311758,-4.238757203779763,0,1,20.0,0.22360679774997896
Southampton D2015,Fig. 18,FV520B steel,steel,comparative_CA,long_crack,1.0,16.04625,5.91657e-05,365.82,tempered_martensitic,,20,,measured,1.2053735542116517,-4.227929992901992,0,1,20.0,0.22360679774997896
Southampton D2015,Fig. 18,FV520B steel,steel,comparative_CA,long_crack,1.0,16.10757,6.15771e-05,365.82,tempered_martensitic,,20,,measured,1.2070300273719567,-4.210580768236561,0,1,20.0,0.22360679774997896
Southampton D2015,Fig. 18,FV520B steel,steel,comparative_CA,long_crack,1.0,16.17179,6.33511e-05,365.82,tempered_martensitic,,20,,measured,1.2087580931344692,-4.198245839821068,0,1,20.0,0.22360679774997896
Southampton D2015,Fig. 18,FV520B steel,steel,comparative_CA,long_crack,1.0,16.23831,6.40498e-05,365.82,tempered_martensitic,,20,,measured,1.2105408281153556,-4.193482222032206,0,1,20.0,0.22360679774997896
Southampton D2015,Fig. 18,FV520B steel,steel,comparative_CA,long_crack,1.0,16.30602,6.61357e-05,365.82,tempered_martensitic,,20,,measured,1.2123479706682712,-4.179564045391173,0,1,20.0,0.22360679774997896
Southampton D2015,Fig. 18,FV520B steel,steel,comparative_CA,long_crack,1.0,16.37641,6.64589e-05,365.82,tempered_martensitic,,20,,measured,1.2142187027924924,-4.1774468512589875,0,1,20.0,0.22360679774997896
Southampton D2015,Fig. 18,FV520B steel,steel,comparative_CA,long_crack,1.0,16.44765,6.66776e-05,365.82,tempered_martensitic,,20,,measured,1.2161038557851513,-4.176020040600402,0,1,20.0,0.22360679774997896
Southampton D2015,Fig. 18,FV520B steel,steel,comparative_CA,long_crack,1.0,16.51964,6.89294e-05,365.82,tempered_martensitic,,20,,measured,1.2180005788368429,-4.161595501831118,0,1,20.0,0.22360679774997896
Southampton D2015,Fig. 18,FV520B steel,steel,comparative_CA,long_crack,1.0,16.5946,7.03501e-05,365.82,tempered_martensitic,,20,,measured,1.2199667885381502,-4.152735280895656,0,1,20.0,0.22360679774997896
Southampton D2015,Fig. 18,FV520B steel,steel,comparative_CA,long_crack,1.0,16.67168,7.13559e-05,365.82,tempered_martensitic,,20,,measured,1.2219793657528306,-4.146570111806405,0,1,20.0,0.22360679774997896
Southampton D2015,Fig. 18,FV520B steel,steel,comparative_CA,long_crack,1.0,16.75047,7.31403e-05,365.82,tempered_martensitic,,20,,measured,1.2240269973754192,-4.135843262646083,0,1,20.0,0.22360679774997896
Southampton D2015,Fig. 18,FV520B steel,steel,comparative_CA,long_crack,1.0,16.83185,7.36843e-05,365.82,tempered_martensitic,,20,,measured,1.2261318521990159,-4.132625037917326,0,1,20.0,0.22360679774997896
Southampton D2015,Fig. 18,FV520B steel,steel,comparative_CA,long_crack,1.0,16.9145,7.37775e-05,365.82,tempered_martensitic,,20,,measured,1.22825916437937,-4.132076065219272,0,1,20.0,0.22360679774997896
Southampton D2015,Fig. 18,FV520B steel,steel,comparative_CA,long_crack,1.0,16.99793,7.52021e-05,365.82,tempered_martensitic,,20,,measured,1.2303960364185926,-4.123770031673279,0,1,20.0,0.22360679774997896
Southampton D2015,Fig. 18,FV520B steel,steel,comparative_CA,long_crack,1.0,17.08366,7.74672e-05,365.82,tempered_martensitic,,20,,measured,1.2325809194866286,-4.11088214103244,0,1,20.0,0.22360679774997896
Southampton D2015,Fig. 18,FV520B steel,steel,comparative_CA,long_crack,1.0,17.17271,7.67741e-05,365.82,tempered_martensitic,,20,,measured,1.234838835939929,-4.114785265960435,0,1,20.0,0.22360679774997896
Southampton D2015,Fig. 18,FV520B steel,steel,comparative_CA,long_crack,1.0,17.26173,7.76319e-05,365.82,tempered_martensitic,,20,,measured,1.2370843192935985,-4.109959784577046,0,1,20.0,0.22360679774997896
Southampton D2015,Fig. 18,FV520B steel,steel,comparative_CA,long_crack,1.0,17.3525,8.03285e-05,365.82,tempered_martensitic,,20,,measured,1.239362053074397,-4.095130342681872,0,1,20.0,0.22360679774997896
Southampton D2015,Fig. 18,FV520B steel,steel,comparative_CA,long_crack,1.0,17.44726,8.06437e-05,365.82,tempered_martensitic,,20,,measured,1.2417272329963718,-4.0934295546495445,0,1,20.0,0.22360679774997896
Southampton D2015,Fig. 18,FV520B steel,steel,comparative_CA,long_crack,1.0,17.54325,8.33023e-05,365.82,tempered_martensitic,,20,,measured,1.2441100523320376,-4.079343007434526,0,1,20.0,0.22360679774997896
Southampton D2015,Fig. 18,FV520B steel,steel,comparative_CA,long_crack,1.0,17.64331,8.38904e-05,365.82,tempered_martensitic,,20,,measured,1.246580064916158,-4.076287734827676,0,1,20.0,0.22360679774997896
Southampton D2015,Fig. 18,FV520B steel,steel,comparative_CA,long_crack,1.0,17.74503,8.69391e-05,365.82,tempered_martensitic,,20,,measured,1.2490767379086578,-4.060784859970542,0,1,20.0,0.22360679774997896
Southampton D2015,Fig. 18,FV520B steel,steel,comparative_CA,long_crack,1.0,17.85147,8.80305e-05,365.82,tempered_martensitic,,20,,measured,1.2516739844035203,-4.055366831409378,0,1,20.0,0.22360679774997896
Southampton D2015,Fig. 18,FV520B steel,steel,comparative_CA,long_crack,1.0,17.96032,9.19923e-05,365.82,tempered_martensitic,,20,,measured,1.2543140702486657,-4.036248522735536,0,1,20.0,0.22360679774997896
Southampton D2015,Fig. 18,FV520B steel,steel,comparative_CA,long_crack,1.0,18.07523,9.33607e-05,365.82,tempered_martensitic,,20,,measured,1.257083832223571,-4.029835900696645,0,1,20.0,0.22360679774997896
Southampton D2015,Fig. 18,FV520B steel,steel,comparative_CA,long_crack,1.0,18.19309,9.54969e-05,365.82,tempered_martensitic,,20,,measured,1.2599064679463523,-4.02001072616228,0,1,20.0,0.22360679774997896
Southampton D2015,Fig. 18,FV520B steel,steel,comparative_CA,long_crack,1.0,18.31497,9.77248e-05,365.82,tempered_martensitic,,20,,measured,1.2628062116249084,-4.009995209706002,0,1,20.0,0.22360679774997896
Southampton D2015,Fig. 18,FV520B steel,steel,comparative_CA,long_crack,1.0,18.44108,9.91991e-05,365.82,tempered_martensitic,,20,,measured,1.2657863518751813,-4.003492268035406,0,1,20.0,0.22360679774997896
Southampton D2015,Fig. 18,FV520B steel,steel,comparative_CA,long_crack,1.0,18.53981,7.1979e-05,365.82,tempered_martensitic,,20,,measured,1.2681052790870986,-4.142794191268808,0,1,20.0,0.22360679774997896
Southampton D2015,Fig. 18,FV520B steel,steel,comparative_CA,long_crack,1.0,18.57056,9.99633e-05,365.82,tempered_martensitic,,20,,measured,1.2688250001987398,-4.000159415329361,0,1,20.0,0.22360679774997896
Southampton D2015,Fig. 18,FV520B steel,steel,comparative_CA,long_crack,1.0,18.70256,0.000101464,365.82,tempered_martensitic,,20,,measured,1.2719010566851203,-3.9936880205551324,0,1,20.0,0.22360679774997896
Southampton D2015,Fig. 18,FV520B steel,steel,comparative_CA,long_crack,1.0,18.83812,0.000103758,365.82,tempered_martensitic,,20,,measured,1.2750375590531593,-3.9839784081396186,0,1,20.0,0.22360679774997896
Southampton D2015,Fig. 18,FV520B steel,steel,comparative_CA,long_crack,1.0,18.97843,0.000103589,365.82,tempered_martensitic,,20,,measured,1.2782602823516171,-3.984686359387473,0,1,20.0,0.22360679774997896
Southampton D2015,Fig. 18,FV520B steel,steel,comparative_CA,long_crack,1.0,19.11935,0.000129093,365.82,tempered_martensitic,,20,,measured,1.281473123493862,-3.8890973064848944,0,1,20.0,0.22360679774997896
Southampton D2015,Fig. 18,FV520B steel,steel,comparative_CA,long_crack,1.0,19.12024,0.000109458,365.82,tempered_martensitic,,20,,measured,1.2814933393010381,-3.9607524914840226,0,1,20.0,0.22360679774997896
Southampton D2015,Fig. 18,FV520B steel,steel,comparative_CA,long_crack,1.0,19.27198,0.000111293,365.82,tempered_martensitic,,20,,measured,1.2849263362900927,-3.953532150642621,0,1,20.0,0.22360679774997896
Southampton D2015,Fig. 18,FV520B steel,steel,comparative_CA,long_crack,1.0,19.42832,0.00011403,365.82,tempered_martensitic,,20,,measured,1.2884352480380634,-3.9429808756772338,0,1,20.0,0.22360679774997896
Southampton D2015,Fig. 18,FV520B steel,steel,comparative_CA,long_crack,1.0,19.59067,0.00011717,365.82,tempered_martensitic,,20,,measured,1.2920492890997446,-3.93118357007778,0,1,20.0,0.22360679774997896
Southampton D2015,Fig. 18,FV520B steel,steel,comparative_CA,long_crack,1.0,19.75984,0.000119616,365.82,tempered_martensitic,,20,,measured,1.295783423682863,-3.9222107246372806,0,1,20.0,0.22360679774997896
Southampton D2015,Fig. 18,FV520B steel,steel,comparative_CA,long_crack,1.0,19.93505,0.000121579,365.82,tempered_martensitic,,20,,measured,1.2996173292734001,-3.915141433054456,0,1,20.0,0.22360679774997896
Southampton D2015,Fig. 18,FV520B steel,steel,comparative_CA,long_crack,1.0,20.11576,0.000123423,365.82,tempered_martensitic,,20,,measured,1.3035364454367877,-3.908603901548182,0,1,20.0,0.22360679774997896
Southampton D2015,Fig. 18,FV520B steel,steel,comparative_CA,long_crack,1.0,20.302,0.000127999,365.82,tempered_martensitic,,20,,measured,1.307538823439271,-3.892793423291025,0,1,20.0,0.22360679774997896
Southampton D2015,Fig. 18,FV520B steel,steel,comparative_CA,long_crack,1.0,20.49817,0.000132763,365.82,tempered_martensitic,,20,,measured,1.311715090598321,-3.876922942549023,0,1,20.0,0.22360679774997896
Southampton D2015,Fig. 18,FV520B steel,steel,comparative_CA,long_crack,1.0,20.70496,0.000139108,365.82,tempered_martensitic,,20,,measured,1.3160743958238565,-3.856647893329668,0,1,20.0,0.22360679774997896
Southampton D2015,Fig. 18,FV520B steel,steel,comparative_CA,long_crack,1.0,20.92536,0.000140969,365.82,tempered_martensitic,,20,,measured,1.3206729383340474,-3.850876381026502,0,1,20.0,0.22360679774997896
Southampton D2015,Fig. 18,FV520B steel,steel,comparative_CA,long_crack,1.0,21.15269,0.000142445,365.82,tempered_martensitic,,20,,measured,1.3253656047072557,-3.8463527904435972,0,1,20.0,0.22360679774997896
Southampton D2015,Fig. 18,FV520B steel,steel,comparative_CA,long_crack,1.0,21.38657,0.000146632,365.82,tempered_martensitic,,20,,measured,1.3301411375626107,-3.833771241789914,0,1,20.0,0.22360679774997896
Southampton D2015,Fig. 18,FV520B steel,steel,comparative_CA,long_crack,1.0,21.63182,0.000151702,365.82,tempered_martensitic,,20,,measured,1.335093060479553,-3.819008693549208,0,1,20.0,0.22360679774997896
Southampton D2015,Fig. 18,FV520B steel,steel,comparative_CA,long_crack,1.0,21.89048,0.000157477,365.82,tempered_martensitic,,20,,measured,1.3402552845951494,-3.8027828672870396,0,1,20.0,0.22360679774997896
Southampton D2015,Fig. 18,FV520B steel,steel,comparative_CA,long_crack,1.0,22.16445,0.000162478,365.82,tempered_martensitic,,20,,measured,1.3456569589636347,-3.7892054354569527,0,1,20.0,0.22360679774997896
Southampton D2015,Fig. 18,FV520B steel,steel,comparative_CA,long_crack,1.0,22.45311,0.000169806,365.82,tempered_martensitic,,20,,measured,1.351276504016141,-3.7700469682684252,0,1,20.0,0.22360679774997896
Southampton D2015,Fig. 18,FV520B steel,steel,comparative_CA,long_crack,1.0,22.76149,0.000177608,365.82,tempered_martensitic,,20,,measured,1.3572006881974432,-3.750537476183508,0,1,20.0,0.22360679774997896
Southampton D2015,Fig. 18,FV520B steel,steel,comparative_CA,long_crack,1.0,23.09162,0.000187366,365.82,tempered_martensitic,,20,,measured,1.3634544020545072,-3.727309214686481,0,1,20.0,0.22360679774997896
Southampton D2015,Fig. 18,FV520B steel,steel,comparative_CA,long_crack,1.0,23.44857,0.000210584,365.82,tempered_martensitic,,20,,measured,1.370116362614186,-3.676574629236394,0,1,20.0,0.22360679774997896
Southampton D2015,Fig. 18,FV520B steel,steel,comparative_CA,long_crack,1.0,23.86078,0.000200193,365.82,tempered_martensitic,,20,,measured,1.3776846364910298,-3.6985511122439254,0,1,20.0,0.22360679774997896
Southampton D2015,Fig. 18,FV520B steel,steel,comparative_CA,long_crack,1.0,24.2639,0.000182852,365.82,tempered_martensitic,,20,,measured,1.3849606074271668,-3.737900285070462,0,1,20.0,0.22360679774997896
Southampton D2015,Fig. 18,FV520B steel,steel,comparative_CA,long_crack,1.0,24.64206,0.000188913,365.82,tempered_martensitic,,20,,measured,1.3916770106854413,-3.723738155185619,0,1,20.0,0.22360679774997896
Southampton D2015,Fig. 18,FV520B steel,steel,comparative_CA,long_crack,1.0,25.04314,0.00019957,365.82,tempered_martensitic,,20,,measured,1.3986887813745634,-3.699904742676283,0,1,20.0,0.22360679774997896
Southampton D2015,Fig. 18,FV520B steel,steel,comparative_CA,long_crack,1.0,25.47873,0.000215759,365.82,tempered_martensitic,,20,,measured,1.4061777765778327,-3.6660310794189415,0,1,20.0,0.22360679774997896
Southampton D2015,Fig. 18,FV520B steel,steel,comparative_CA,long_crack,1.0,25.96396,0.000238263,365.82,tempered_martensitic,,20,,measured,1.414370931386807,-3.62294339426051,0,1,20.0,0.22360679774997896
Southampton D2015,Fig. 18,FV520B steel,steel,comparative_CA,long_crack,1.0,26.51788,0.000267702,365.82,tempered_martensitic,,20,,measured,1.423538800988241,-3.5723483841895365,0,1,20.0,0.22360679774997896
Southampton D2015,Fig. 18,FV520B steel,steel,comparative_CA,long_crack,1.0,27.16402,0.00030449299999999997,365.82,tempered_martensitic,,20,,measured,1.4339940415519763,-3.516422686927057,0,1,20.0,0.22360679774997896
Southampton D2015,Fig. 18,FV520B steel,steel,comparative_CA,long_crack,1.0,27.93133,0.000348816,365.82,tempered_martensitic,,20,,measured,1.4460916158982378,-3.4574036024311527,0,1,20.0,0.22360679774997896
Southampton D2015,Fig. 18,FV520B steel,steel,comparative_CA,long_crack,1.0,28.85554,0.000400564,365.82,tempered_martensitic,,20,,measured,1.4602292060689002,-3.3973280847576044,0,1,20.0,0.22360679774997896
Southampton D2015,Fig. 18,FV520B steel,steel,comparative_CA,long_crack,1.0,29.98117,0.000459299,365.82,tempered_martensitic,,20,,measured,1.476848576965531,-3.3379045001404366,0,1,20.0,0.22360679774997896
Southampton D2015,Fig. 18,FV520B steel,steel,comparative_CA,long_crack,1.0,31.36444,0.000524209,365.82,tempered_martensitic,,20,,measured,1.4964375377818173,-3.280495527043017,0,1,20.0,0.22360679774997896
Southampton D2015,Fig. 18,FV520B steel,steel,comparative_CA,long_crack,1.0,33.07759,0.000594078,365.82,tempered_martensitic,,20,,measured,1.519533859773212,-3.226156530194448,0,1,20.0,0.22360679774997896
Southampton D2015,Fig. 18,FV520B steel,steel,comparative_CA,long_crack,1.0,35.21533,0.000667289,365.82,tempered_martensitic,,20,,measured,1.5467317624857693,-3.175686034266082,0,1,20.0,0.22360679774997896
Southampton D2015,Fig. 18,FV520B steel,steel,comparative_CA,long_crack,1.0,37.90454,0.000741877,365.82,tempered_martensitic,,20,,measured,1.5786912305185616,-3.1296680929006016,0,1,20.0,0.22360679774997896
Southampton D2015,Fig. 18,FV520B steel,steel,comparative_CA,long_crack,1.0,41.31958,0.000604752,365.82,tempered_martensitic,,20,,measured,1.6161558984088262,-3.2184226866907166,0,1,20.0,0.22360679774997896
Fan et al. 2008 reconstructed Paris curve,reported_constants,AISI 304L stainless steel,austenitic stainless steel,literature_R_0.1,long_crack_literature_reconstructed,1.0,8.0,9.370682547448665e-06,190.0,austenitic,45.0,20,0.1,literature_reconstructed,0.9030899869919435,-5.028228774555692,1,0,45.0,0.14907119849998599
Fan et al. 2008 reconstructed Paris curve,reported_constants,AISI 304L stainless steel,austenitic stainless steel,literature_R_0.1,long_crack_literature_reconstructed,1.0,8.379746835443038,1.0314849875458294e-05,190.0,austenitic,45.0,20,0.1,literature_reconstructed,0.9232308981492585,-4.98653708846005,1,0,45.0,0.14907119849998599
Fan et al. 2008 reconstructed Paris curve,reported_constants,AISI 304L stainless steel,austenitic stainless steel,literature_R_0.1,long_crack_literature_reconstructed,1.0,8.759493670886076,1.1305935120706295e-05,190.0,austenitic,45.0,20,0.1,literature_reconstructed,0.9424790031663164,-4.9466935110747405,1,0,45.0,0.14907119849998599
Fan et al. 2008 reconstructed Paris curve,reported_constants,AISI 304L stainless steel,austenitic stainless steel,literature_R_0.1,long_crack_literature_reconstructed,1.0,9.139240506329115,1.2344084113190289e-05,190.0,austenitic,45.0,20,0.1,literature_reconstructed,0.9609101062791977,-4.908541127631076,1,0,45.0,0.14907119849998599
Fan et al. 2008 reconstructed Paris curve,reported_constants,AISI 304L stainless steel,austenitic stainless steel,literature_R_0.1,long_crack_literature_reconstructed,1.0,9.518987341772153,1.3429436914274335e-05,190.0,austenitic,45.0,20,0.1,literature_reconstructed,0.9785907493012008,-4.87194219657553,1,0,45.0,0.14907119849998599
Fan et al. 2008 reconstructed Paris curve,reported_constants,AISI 304L stainless steel,austenitic stainless steel,literature_R_0.1,long_crack_literature_reconstructed,1.0,9.89873417721519,1.4562128271119984e-05,190.0,austenitic,45.0,20,0.1,literature_reconstructed,0.9955796617694066,-4.836775147766344,1,0,45.0,0.14907119849998599
Fan et al. 2008 reconstructed Paris curve,reported_constants,AISI 304L stainless steel,austenitic stainless steel,literature_R_0.1,long_crack_literature_reconstructed,1.0,10.278481012658228,1.574228801888134e-05,190.0,austenitic,45.0,20,0.1,literature_reconstructed,1.011928937950734,-4.802932146070996,1,0,45.0,0.14907119849998599
Fan et al. 2008 reconstructed Paris curve,reported_constants,AISI 304L stainless steel,austenitic stainless steel,literature_R_0.1,long_crack_literature_reconstructed,1.0,10.658227848101266,1.697004143841658e-05,190.0,austenitic,45.0,20,0.1,literature_reconstructed,1.0276850002092082,-4.770317097195955,1,0,45.0,0.14907119849998599
Fan et al. 2008 reconstructed Paris curve,reported_constants,AISI 304L stainless steel,austenitic stainless steel,literature_R_0.1,long_crack_literature_reconstructed,1.0,11.037974683544304,1.8245509575877218e-05,190.0,austenitic,45.0,20,0.1,literature_reconstructed,1.0428893936421257,-4.738844002789816,1,0,45.0,0.14907119849998599
Fan et al. 2008 reconstructed Paris curve,reported_constants,AISI 304L stainless steel,austenitic stainless steel,literature_R_0.1,long_crack_literature_reconstructed,1.0,11.417721518987342,1.9568809529434968e-05,190.0,austenitic,45.0,20,0.1,literature_reconstructed,1.0575794462515002,-4.70843559388841,1,0,45.0,0.14907119849998599
Fan et al. 2008 reconstructed Paris curve,reported_constants,AISI 304L stainless steel,austenitic stainless steel,literature_R_0.1,long_crack_literature_reconstructed,1.0,11.79746835443038,2.0940054707526127e-05,190.0,austenitic,45.0,20,0.1,literature_reconstructed,1.07178882106354,-4.679022188027488,1,0,45.0,0.14907119849998599
Fan et al. 2008 reconstructed Paris curve,reported_constants,AISI 304L stainless steel,austenitic stainless steel,literature_R_0.1,long_crack_literature_reconstructed,1.0,12.177215189873419,2.2359355062285163e-05,190.0,austenitic,45.0,20,0.1,literature_reconstructed,1.0855479807473716,-4.650540727481957,1,0,45.0,0.14907119849998599
Fan et al. 2008 reconstructed Paris curve,reported_constants,AISI 304L stainless steel,austenitic stainless steel,literature_R_0.1,long_crack_literature_reconstructed,1.0,12.556962025316455,2.3826817301264046e-05,190.0,austenitic,45.0,20,0.1,literature_reconstructed,1.0988845808637373,-4.62293396524108,1,0,45.0,0.14907119849998599
Fan et al. 2008 reconstructed Paris curve,reported_constants,AISI 304L stainless steel,austenitic stainless steel,literature_R_0.1,long_crack_literature_reconstructed,1.0,12.936708860759495,2.534254508006373e-05,190.0,austenitic,45.0,20,0.1,literature_reconstructed,1.1118238045082525,-4.596149772296933,1,0,45.0,0.14907119849998599
Fan et al. 2008 reconstructed Paris curve,reported_constants,AISI 304L stainless steel,austenitic stainless steel,literature_R_0.1,long_crack_literature_reconstructed,1.0,13.316455696202532,2.6906639178117718e-05,190.0,austenitic,45.0,20,0.1,literature_reconstructed,1.124388648527279,-4.570140545177549,1,0,45.0,0.14907119849998599
Fan et al. 2008 reconstructed Paris curve,reported_constants,AISI 304L stainless steel,austenitic stainless steel,literature_R_0.1,long_crack_literature_reconstructed,1.0,13.69620253164557,2.8519197659547366e-05,190.0,austenitic,45.0,20,0.1,literature_reconstructed,1.1366001694801091,-4.54486269680519,1,0,45.0,0.14907119849998599
Fan et al. 2008 reconstructed Paris curve,reported_constants,AISI 304L stainless steel,austenitic stainless steel,literature_R_0.1,long_crack_literature_reconstructed,1.0,14.075949367088608,3.0180316020741635e-05,190.0,austenitic,45.0,20,0.1,literature_reconstructed,1.1484776959555973,-4.520276217000929,1,0,45.0,0.14907119849998599
Fan et al. 2008 reconstructed Paris curve,reported_constants,AISI 304L stainless steel,austenitic stainless steel,literature_R_0.1,long_crack_literature_reconstructed,1.0,14.455696202531646,3.189008732609104e-05,190.0,austenitic,45.0,20,0.1,literature_reconstructed,1.1600390126193878,-4.496344291506883,1,0,45.0,0.14907119849998599
Fan et al. 2008 reconstructed Paris curve,reported_constants,AISI 304L stainless steel,austenitic stainless steel,literature_R_0.1,long_crack_literature_reconstructed,1.0,14.835443037974684,3.364860233311731e-05,190.0,austenitic,45.0,20,0.1,literature_reconstructed,1.1713005203916305,-4.473032970418341,1,0,45.0,0.14907119849998599
Fan et al. 2008 reconstructed Paris curve,reported_constants,AISI 304L stainless steel,austenitic stainless steel,literature_R_0.1,long_crack_literature_reconstructed,1.0,15.215189873417721,3.5455949608081336e-05,190.0,austenitic,45.0,20,0.1,literature_reconstructed,1.1822773763762793,-4.450310878530118,1,0,45.0,0.14907119849998599
Fan et al. 2008 reconstructed Paris curve,reported_constants,AISI 304L stainless steel,austenitic stainless steel,literature_R_0.1,long_crack_literature_reconstructed,1.0,15.59493670886076,3.731221563301672e-05,190.0,austenitic,45.0,20,0.1,literature_reconstructed,1.1929836165379653,-4.4281489613954275,1,0,45.0,0.14907119849998599
Fan et al. 2008 reconstructed Paris curve,reported_constants,AISI 304L stainless steel,austenitic stainless steel,literature_R_0.1,long_crack_literature_reconstructed,1.0,15.974683544303797,3.921748490502101e-05,190.0,austenitic,45.0,20,0.1,literature_reconstructed,1.203432263617674,-4.406520261940431,1,0,45.0,0.14907119849998599
Fan et al. 2008 reconstructed Paris curve,reported_constants,AISI 304L stainless steel,austenitic stainless steel,literature_R_0.1,long_crack_literature_reconstructed,1.0,16.354430379746837,4.1171840028538e-05,190.0,austenitic,45.0,20,0.1,literature_reconstructed,1.2136354223686239,-4.385399723325964,1,0,45.0,0.14907119849998599
Fan et al. 2008 reconstructed Paris curve,reported_constants,AISI 304L stainless steel,austenitic stainless steel,literature_R_0.1,long_crack_literature_reconstructed,1.0,16.734177215189874,4.317536180127885e-05,190.0,austenitic,45.0,20,0.1,literature_reconstructed,1.22360436385918,-4.364764014440513,1,0,45.0,0.14907119849998599
Fan et al. 2008 reconstructed Paris curve,reported_constants,AISI 304L stainless steel,austenitic stainless steel,literature_R_0.1,long_crack_literature_reconstructed,1.0,17.11392405063291,4.5228129294357015e-05,190.0,austenitic,45.0,20,0.1,literature_reconstructed,1.2333496003151756,-4.344591374976602,1,0,45.0,0.14907119849998599
Fan et al. 2008 reconstructed Paris curve,reported_constants,AISI 304L stainless steel,austenitic stainless steel,literature_R_0.1,long_crack_literature_reconstructed,1.0,17.49367088607595,4.7330219927147934e-05,190.0,austenitic,45.0,20,0.1,literature_reconstructed,1.2428809517477382,-4.324861477511198,1,0,45.0,0.14907119849998599
Fan et al. 2008 reconstructed Paris curve,reported_constants,AISI 304L stainless steel,austenitic stainless steel,literature_R_0.1,long_crack_literature_reconstructed,1.0,17.87341772151899,4.948170953732875e-05,190.0,austenitic,45.0,20,0.1,literature_reconstructed,1.2522076054253437,-4.305555304398554,1,0,45.0,0.14907119849998599
Fan et al. 2008 reconstructed Paris curve,reported_constants,AISI 304L stainless steel,austenitic stainless steel,literature_R_0.1,long_crack_literature_reconstructed,1.0,18.253164556962027,5.168267244650594e-05,190.0,austenitic,45.0,20,0.1,literature_reconstructed,1.2613381690929688,-4.28665503760657,1,0,45.0,0.14907119849998599
Fan et al. 2008 reconstructed Paris curve,reported_constants,AISI 304L stainless steel,austenitic stainless steel,literature_R_0.1,long_crack_literature_reconstructed,1.0,18.632911392405063,5.393318152179552e-05,190.0,austenitic,45.0,20,0.1,literature_reconstructed,1.2702807187110385,-4.2681439598971656,1,0,45.0,0.14907119849998599
Fan et al. 2008 reconstructed Paris curve,reported_constants,AISI 304L stainless steel,austenitic stainless steel,literature_R_0.1,long_crack_literature_reconstructed,1.0,19.0126582278481,5.623330823368374e-05,190.0,austenitic,45.0,20,0.1,literature_reconstructed,1.2790428413777082,-4.25000636597716,1,0,45.0,0.14907119849998599
Fan et al. 2008 reconstructed Paris curve,reported_constants,AISI 304L stainless steel,austenitic stainless steel,literature_R_0.1,long_crack_literature_reconstructed,1.0,19.39240506329114,5.8583122710463716e-05,190.0,austenitic,45.0,20,0.1,literature_reconstructed,1.2876316740061438,-4.232227482436298,1,0,45.0,0.14907119849998599
Fan et al. 2008 reconstructed Paris curve,reported_constants,AISI 304L stainless steel,austenitic stainless steel,literature_R_0.1,long_crack_literature_reconstructed,1.0,19.77215189873418,6.098269378951431e-05,190.0,austenitic,45.0,20,0.1,literature_reconstructed,1.2960539382508403,-4.214793395449776,1,0,45.0,0.14907119849998599
Fan et al. 2008 reconstructed Paris curve,reported_constants,AISI 304L stainless steel,austenitic stainless steel,literature_R_0.1,long_crack_literature_reconstructed,1.0,20.151898734177216,6.343208906566229e-05,190.0,austenitic,45.0,20,0.1,literature_reconstructed,1.3043159721112088,-4.197690985358814,1,0,45.0,0.14907119849998599
Fan et al. 2008 reconstructed Paris curve,reported_constants,AISI 304L stainless steel,austenitic stainless steel,literature_R_0.1,long_crack_literature_reconstructed,1.0,20.531645569620252,6.593137493684603e-05,190.0,austenitic,45.0,20,0.1,literature_reconstructed,1.3124237585846958,-4.1809078673586955,1,0,45.0,0.14907119849998599
Fan et al. 2008 reconstructed Paris curve,reported_constants,AISI 304L stainless steel,austenitic stainless steel,literature_R_0.1,long_crack_literature_reconstructed,1.0,20.911392405063292,6.848061664727902e-05,190.0,austenitic,45.0,20,0.1,literature_reconstructed,1.320382951693922,-4.164432337622597,1,0,45.0,0.14907119849998599
Fan et al. 2008 reconstructed Paris curve,reported_constants,AISI 304L stainless steel,austenitic stainless steel,literature_R_0.1,long_crack_literature_reconstructed,1.0,21.291139240506332,7.107987832829309e-05,190.0,austenitic,45.0,20,0.1,literature_reconstructed,1.328198900171452,-4.14825332427411,1,0,45.0,0.14907119849998599
Fan et al. 2008 reconstructed Paris curve,reported_constants,AISI 304L stainless steel,austenitic stainless steel,literature_R_0.1,long_crack_literature_reconstructed,1.0,21.67088607594937,7.372922303702629e-05,190.0,austenitic,45.0,20,0.1,literature_reconstructed,1.3358766690506931,-4.132360342694081,1,0,45.0,0.14907119849998599
Fan et al. 2008 reconstructed Paris curve,reported_constants,AISI 304L stainless steel,austenitic stainless steel,literature_R_0.1,long_crack_literature_reconstructed,1.0,22.050632911392405,7.64287127931048e-05,190.0,austenitic,45.0,20,0.1,literature_reconstructed,1.343421059381203,-4.116743454709925,1,0,45.0,0.14907119849998599
Fan et al. 2008 reconstructed Paris curve,reported_constants,AISI 304L stainless steel,austenitic stainless steel,literature_R_0.1,long_crack_literature_reconstructed,1.0,22.430379746835442,7.917840861345604e-05,190.0,austenitic,45.0,20,0.1,literature_reconstructed,1.3508366262605904,-4.1013932312695935,1,0,45.0,0.14907119849998599
Fan et al. 2008 reconstructed Paris curve,reported_constants,AISI 304L stainless steel,austenitic stainless steel,literature_R_0.1,long_crack_literature_reconstructed,1.0,22.810126582278482,8.197837054537865e-05,190.0,austenitic,45.0,20,0.1,literature_reconstructed,1.3581276953526027,-4.086300718249128,1,0,45.0,0.14907119849998599
Fan et al. 2008 reconstructed Paris curve,reported_constants,AISI 304L stainless steel,austenitic stainless steel,literature_R_0.1,long_crack_literature_reconstructed,1.0,23.18987341772152,8.482865769798424e-05,190.0,austenitic,45.0,20,0.1,literature_reconstructed,1.3652983780413903,-4.071457405083338,1,0,45.0,0.14907119849998599
Fan et al. 2008 reconstructed Paris curve,reported_constants,AISI 304L stainless steel,austenitic stainless steel,literature_R_0.1,long_crack_literature_reconstructed,1.0,23.569620253164558,8.77293282721171e-05,190.0,austenitic,45.0,20,0.1,literature_reconstructed,1.3723525853548824,-4.056855195944409,1,0,45.0,0.14907119849998599
Fan et al. 2008 reconstructed Paris curve,reported_constants,AISI 304L stainless steel,austenitic stainless steel,literature_R_0.1,long_crack_literature_reconstructed,1.0,23.949367088607595,9.068043958884841e-05,190.0,austenitic,45.0,20,0.1,literature_reconstructed,1.3792940407753325,-4.042486383224078,1,0,45.0,0.14907119849998599
Fan et al. 2008 reconstructed Paris curve,reported_constants,AISI 304L stainless steel,austenitic stainless steel,literature_R_0.1,long_crack_literature_reconstructed,1.0,24.329113924050635,9.368204811663537e-05,190.0,austenitic,45.0,20,0.1,literature_reconstructed,1.3861262920420852,-4.028343623101899,1,0,45.0,0.14907119849998599
Fan et al. 2008 reconstructed Paris curve,reported_constants,AISI 304L stainless steel,austenitic stainless steel,literature_R_0.1,long_crack_literature_reconstructed,1.0,24.70886075949367,9.6734209497227e-05,190.0,austenitic,45.0,20,0.1,literature_reconstructed,1.3928527220402316,-4.014419913005736,1,0,45.0,0.14907119849998599
Fan et al. 2008 reconstructed Paris curve,reported_constants,AISI 304L stainless steel,austenitic stainless steel,literature_R_0.1,long_crack_literature_reconstructed,1.0,25.08860759493671,9.983697857039399e-05,190.0,austenitic,45.0,20,0.1,literature_reconstructed,1.3994765588588152,-4.000708570791268,1,0,45.0,0.14907119849998599
Fan et al. 2008 reconstructed Paris curve,reported_constants,AISI 304L stainless steel,austenitic stainless steel,literature_R_0.1,long_crack_literature_reconstructed,1.0,25.468354430379748,0.00010299040939755193,190.0,austenitic,45.0,20,0.1,literature_reconstructed,1.4060008850934484,-3.9872032154855774,1,0,45.0,0.14907119849998599
Fan et al. 2008 reconstructed Paris curve,reported_constants,AISI 304L stainless steel,austenitic stainless steel,literature_R_0.1,long_crack_literature_reconstructed,1.0,25.848101265822788,0.00010619455528434472,190.0,austenitic,45.0,20,0.1,literature_reconstructed,1.41242864646045,-3.973897749455884,1,0,45.0,0.14907119849998599
Fan et al. 2008 reconstructed Paris curve,reported_constants,AISI 304L stainless steel,austenitic stainless steel,literature_R_0.1,long_crack_literature_reconstructed,1.0,26.227848101265824,0.00010944946880224705,190.0,austenitic,45.0,20,0.1,literature_reconstructed,1.418762659782754,-3.960786341878715,1,0,45.0,0.14907119849998599
Fan et al. 2008 reconstructed Paris curve,reported_constants,AISI 304L stainless steel,austenitic stainless steel,literature_R_0.1,long_crack_literature_reconstructed,1.0,26.60759493670886,0.0001127552018092439,190.0,austenitic,45.0,20,0.1,literature_reconstructed,1.425005620401782,-3.947863413397327,1,0,45.0,0.14907119849998599
Fan et al. 2008 reconstructed Paris curve,reported_constants,AISI 304L stainless steel,austenitic stainless steel,literature_R_0.1,long_crack_literature_reconstructed,1.0,26.9873417721519,0.00011611180546963801,190.0,austenitic,45.0,20,0.1,literature_reconstructed,1.4311601090640933,-3.935123621866343,1,0,45.0,0.14907119849998599
Fan et al. 2008 reconstructed Paris curve,reported_constants,AISI 304L stainless steel,austenitic stainless steel,literature_R_0.1,long_crack_literature_reconstructed,1.0,27.367088607594937,0.00011951933027303419,190.0,austenitic,45.0,20,0.1,literature_reconstructed,1.43722859832685,-3.922561849092436,1,0,45.0,0.14907119849998599
Fan et al. 2008 reconstructed Paris curve,reported_constants,AISI 304L stainless steel,austenitic stainless steel,literature_R_0.1,long_crack_literature_reconstructed,1.0,27.746835443037977,0.00012297782605254643,190.0,austenitic,45.0,20,0.1,literature_reconstructed,1.44321345852189,-3.910173188488703,1,0,45.0,0.14907119849998599
Fan et al. 2008 reconstructed Paris curve,reported_constants,AISI 304L stainless steel,austenitic stainless steel,literature_R_0.1,long_crack_literature_reconstructed,1.0,28.126582278481013,0.00012648734200226873,190.0,austenitic,45.0,20,0.1,literature_reconstructed,1.4491169633144074,-3.8979529335681926,1,0,45.0,0.14907119849998599
Fan et al. 2008 reconstructed Paris curve,reported_constants,AISI 304L stainless steel,austenitic stainless steel,literature_R_0.1,long_crack_literature_reconstructed,1.0,28.506329113924053,0.00013004792669405021,190.0,austenitic,45.0,20,0.1,literature_reconstructed,1.4549412948888671,-3.8858965672090604,1,0,45.0,0.14907119849998599
Fan et al. 2008 reconstructed Paris curve,reported_constants,AISI 304L stainless steel,austenitic stainless steel,literature_R_0.1,long_crack_literature_reconstructed,1.0,28.88607594936709,0.0001336596280936101,190.0,austenitic,45.0,20,0.1,literature_reconstructed,1.4606885487917545,-3.8739997516300844,1,0,45.0,0.14907119849998599
Fan et al. 2008 reconstructed Paris curve,reported_constants,AISI 304L stainless steel,austenitic stainless steel,literature_R_0.1,long_crack_literature_reconstructed,1.0,29.265822784810126,0.00013732249357602808,190.0,austenitic,45.0,20,0.1,literature_reconstructed,1.46636073845805,-3.862258319020852,1,0,45.0,0.14907119849998599
Fan et al. 2008 reconstructed Paris curve,reported_constants,AISI 304L stainless steel,austenitic stainless steel,literature_R_0.1,long_crack_literature_reconstructed,1.0,29.645569620253166,0.00014103656994064073,190.0,austenitic,45.0,20,0.1,literature_reconstructed,1.4719597994459028,-3.8506682627759967,1,0,45.0,0.14907119849998599
Fan et al. 2008 reconstructed Paris curve,reported_constants,AISI 304L stainless steel,austenitic stainless steel,literature_R_0.1,long_crack_literature_reconstructed,1.0,30.025316455696203,0.00014480190342537562,190.0,austenitic,45.0,20,0.1,literature_reconstructed,1.4774875934017835,-3.8392257292873238,1,0,45.0,0.14907119849998599
Fan et al. 2008 reconstructed Paris curve,reported_constants,AISI 304L stainless steel,austenitic stainless steel,literature_R_0.1,long_crack_literature_reconstructed,1.0,30.405063291139243,0.00014861853972055036,190.0,austenitic,45.0,20,0.1,literature_reconstructed,1.4829459117764459,-3.8279270102517726,1,0,45.0,0.14907119849998599
Fan et al. 2008 reconstructed Paris curve,reported_constants,AISI 304L stainless steel,austenitic stainless steel,literature_R_0.1,long_crack_literature_reconstructed,1.0,30.78481012658228,0.00015248652398216266,190.0,austenitic,45.0,20,0.1,literature_reconstructed,1.4883364793102558,-3.816768535456786,1,0,45.0,0.14907119849998599
Fan et al. 2008 reconstructed Paris curve,reported_constants,AISI 304L stainless steel,austenitic stainless steel,literature_R_0.1,long_crack_literature_reconstructed,1.0,31.16455696202532,0.00015640590084469767,190.0,austenitic,45.0,20,0.1,literature_reconstructed,1.493660957304856,-3.8057468660079636,1,0,45.0,0.14907119849998599
Fan et al. 2008 reconstructed Paris curve,reported_constants,AISI 304L stainless steel,austenitic stainless steel,literature_R_0.1,long_crack_literature_reconstructed,1.0,31.544303797468356,0.00016037671443347407,190.0,austenitic,45.0,20,0.1,literature_reconstructed,1.4989209466966906,-3.794858687966866,1,0,45.0,0.14907119849998599
Fan et al. 2008 reconstructed Paris curve,reported_constants,AISI 304L stainless steel,austenitic stainless steel,literature_R_0.1,long_crack_literature_reconstructed,1.0,31.924050632911396,0.00016439900837655262,190.0,austenitic,45.0,20,0.1,literature_reconstructed,1.5041179909466214,-3.7841008063695094,1,0,45.0,0.14907119849998599
Fan et al. 2008 reconstructed Paris curve,reported_constants,AISI 304L stainless steel,austenitic stainless steel,literature_R_0.1,long_crack_literature_reconstructed,1.0,32.30379746835443,0.0001684728258162263,190.0,austenitic,45.0,20,0.1,literature_reconstructed,1.5092535787586834,-3.7734701395985413,1,0,45.0,0.14907119849998599
Fan et al. 2008 reconstructed Paris curve,reported_constants,AISI 304L stainless steel,austenitic stainless steel,literature_R_0.1,long_crack_literature_reconstructed,1.0,32.68354430379747,0.00017259820942011256,190.0,austenitic,45.0,20,0.1,literature_reconstructed,1.51432914663996,-3.7629637140842984,1,0,45.0,0.14907119849998599
Fan et al. 2008 reconstructed Paris curve,reported_constants,AISI 304L stainless steel,austenitic stainless steel,literature_R_0.1,long_crack_literature_reconstructed,1.0,33.063291139240505,0.00017677520139186518,190.0,austenitic,45.0,20,0.1,literature_reconstructed,1.519346081312595,-3.7525786593119443,1,0,45.0,0.14907119849998599
Fan et al. 2008 reconstructed Paris curve,reported_constants,AISI 304L stainless steel,austenitic stainless steel,literature_R_0.1,long_crack_literature_reconstructed,1.0,33.44303797468355,0.00018100384348152383,190.0,austenitic,45.0,20,0.1,literature_reconstructed,1.5243057219880671,-3.742312203113717,1,0,45.0,0.14907119849998599
Fan et al. 2008 reconstructed Paris curve,reported_constants,AISI 304L stainless steel,austenitic stainless steel,literature_R_0.1,long_crack_literature_reconstructed,1.0,33.822784810126585,0.00018528417699551636,190.0,austenitic,45.0,20,0.1,literature_reconstructed,1.5292093625130667,-3.732161667226968,1,0,45.0,0.14907119849998599
Fan et al. 2008 reconstructed Paris curve,reported_constants,AISI 304L stainless steel,austenitic stainless steel,literature_R_0.1,long_crack_literature_reconstructed,1.0,34.20253164556962,0.00018961624280633117,190.0,austenitic,45.0,20,0.1,literature_reconstructed,1.5340582533955704,-3.722124463100185,1,0,45.0,0.14907119849998599
Fan et al. 2008 reconstructed Paris curve,reported_constants,AISI 304L stainless steel,austenitic stainless steel,literature_R_0.1,long_crack_literature_reconstructed,1.0,34.582278481012665,0.000194000081361872,190.0,austenitic,45.0,20,0.1,literature_reconstructed,1.5388536037190537,-3.7121980879305747,1,0,45.0,0.14907119849998599
Fan et al. 2008 reconstructed Paris curve,reported_constants,AISI 304L stainless steel,austenitic stainless steel,literature_R_0.1,long_crack_literature_reconstructed,1.0,34.962025316455694,0.00019843573269451002,190.0,austenitic,45.0,20,0.1,literature_reconstructed,1.543596582952171,-3.7023801209180216,1,0,45.0,0.14907119849998599
Fan et al. 2008 reconstructed Paris curve,reported_constants,AISI 304L stainless steel,austenitic stainless steel,literature_R_0.1,long_crack_literature_reconstructed,1.0,35.34177215189874,0.00020292323642984717,190.0,austenitic,45.0,20,0.1,literature_reconstructed,1.548288322660682,-3.692668219721404,1,0,45.0,0.14907119849998599
Fan et al. 2008 reconstructed Paris curve,reported_constants,AISI 304L stainless steel,austenitic stainless steel,literature_R_0.1,long_crack_literature_reconstructed,1.0,35.721518987341774,0.0002074626317952003,190.0,austenitic,45.0,20,0.1,literature_reconstructed,1.5529299181278877,-3.6830601171042883,1,0,45.0,0.14907119849998599
Fan et al. 2008 reconstructed Paris curve,reported_constants,AISI 304L stainless steel,austenitic stainless steel,literature_R_0.1,long_crack_literature_reconstructed,1.0,36.10126582278481,0.00021205395762782092,190.0,austenitic,45.0,20,0.1,literature_reconstructed,1.5575224298893866,-3.6735536177579857,1,0,45.0,0.14907119849998599
Fan et al. 2008 reconstructed Paris curve,reported_constants,AISI 304L stainless steel,austenitic stainless steel,literature_R_0.1,long_crack_literature_reconstructed,1.0,36.481012658227854,0.00021669725238285958,190.0,austenitic,45.0,20,0.1,literature_reconstructed,1.5620668851875292,-3.6641465952908305,1,0,45.0,0.14907119849998599
Fan et al. 2008 reconstructed Paris curve,reported_constants,AISI 304L stainless steel,austenitic stainless steel,literature_R_0.1,long_crack_literature_reconstructed,1.0,36.860759493670884,0.00022139255414108555,190.0,austenitic,45.0,20,0.1,literature_reconstructed,1.566564279350558,-3.6548369893733605,1,0,45.0,0.14907119849998599
Fan et al. 2008 reconstructed Paris curve,reported_constants,AISI 304L stainless steel,austenitic stainless steel,literature_R_0.1,long_crack_literature_reconstructed,1.0,37.24050632911393,0.00022613990061637356,190.0,austenitic,45.0,20,0.1,literature_reconstructed,1.5710155771010699,-3.645622803029801,1,0,45.0,0.14907119849998599
Fan et al. 2008 reconstructed Paris curve,reported_constants,AISI 304L stainless steel,austenitic stainless steel,literature_R_0.1,long_crack_literature_reconstructed,1.0,37.620253164556964,0.00023093932916296334,190.0,austenitic,45.0,20,0.1,literature_reconstructed,1.5754217137980964,-3.6365021000669566,1,0,45.0,0.14907119849998599
Fan et al. 2008 reconstructed Paris curve,reported_constants,AISI 304L stainless steel,austenitic stainless steel,literature_R_0.1,long_crack_literature_reconstructed,1.0,38.0,0.00023579087678250572,190.0,austenitic,45.0,20,0.1,literature_reconstructed,1.5797835966168101,-3.6274730026322186,1,0,45.0,0.14907119849998599
Fan et al. 2008 reconstructed Paris curve,reported_constants,AISI 304L stainless steel,austenitic stainless steel,literature_R_0.3,long_crack_literature_reconstructed,1.0,8.0,1.0232265248908222e-05,190.0,austenitic,45.0,20,0.3,literature_reconstructed,0.9030899869919435,-4.990028210256918,1,0,45.0,0.14907119849998599
Fan et al. 2008 reconstructed Paris curve,reported_constants,AISI 304L stainless steel,austenitic stainless steel,literature_R_0.3,long_crack_literature_reconstructed,1.0,8.379746835443038,1.126324356779043e-05,190.0,austenitic,45.0,20,0.3,literature_reconstructed,0.9232308981492585,-4.9483365241612765,1,0,45.0,0.14907119849998599
Fan et al. 2008 reconstructed Paris curve,reported_constants,AISI 304L stainless steel,austenitic stainless steel,literature_R_0.3,long_crack_literature_reconstructed,1.0,8.759493670886076,1.2345453648252272e-05,190.0,austenitic,45.0,20,0.3,literature_reconstructed,0.9424790031663164,-4.908492946775967,1,0,45.0,0.14907119849998599
Fan et al. 2008 reconstructed Paris curve,reported_constants,AISI 304L stainless steel,austenitic stainless steel,literature_R_0.3,long_crack_literature_reconstructed,1.0,9.139240506329115,1.3479054728557277e-05,190.0,austenitic,45.0,20,0.3,literature_reconstructed,0.9609101062791977,-4.870340563332302,1,0,45.0,0.14907119849998599
Fan et al. 2008 reconstructed Paris curve,reported_constants,AISI 304L stainless steel,austenitic stainless steel,literature_R_0.3,long_crack_literature_reconstructed,1.0,9.518987341772153,1.466419974794129e-05,190.0,austenitic,45.0,20,0.3,literature_reconstructed,0.9785907493012008,-4.833741632276756,1,0,45.0,0.14907119849998599
Fan et al. 2008 reconstructed Paris curve,reported_constants,AISI 304L stainless steel,austenitic stainless steel,literature_R_0.3,long_crack_literature_reconstructed,1.0,9.89873417721519,1.590103584282597e-05,190.0,austenitic,45.0,20,0.3,literature_reconstructed,0.9955796617694066,-4.798574583467571,1,0,45.0,0.14907119849998599
Fan et al. 2008 reconstructed Paris curve,reported_constants,AISI 304L stainless steel,austenitic stainless steel,literature_R_0.3,long_crack_literature_reconstructed,1.0,10.278481012658228,1.7189704785993473e-05,190.0,austenitic,45.0,20,0.3,literature_reconstructed,1.011928937950734,-4.764731581772223,1,0,45.0,0.14907119849998599
Fan et al. 2008 reconstructed Paris curve,reported_constants,AISI 304L stainless steel,austenitic stainless steel,literature_R_0.3,long_crack_literature_reconstructed,1.0,10.658227848101266,1.8530343377187568e-05,190.0,austenitic,45.0,20,0.3,literature_reconstructed,1.0276850002092082,-4.732116532897181,1,0,45.0,0.14907119849998599
Fan et al. 2008 reconstructed Paris curve,reported_constants,AISI 304L stainless steel,austenitic stainless steel,literature_R_0.3,long_crack_literature_reconstructed,1.0,11.037974683544304,1.992308379208739e-05,190.0,austenitic,45.0,20,0.3,literature_reconstructed,1.0428893936421257,-4.700643438491041,1,0,45.0,0.14907119849998599
Fan et al. 2008 reconstructed Paris curve,reported_constants,AISI 304L stainless steel,austenitic stainless steel,literature_R_0.3,long_crack_literature_reconstructed,1.0,11.417721518987342,2.1368053895397252e-05,190.0,austenitic,45.0,20,0.3,literature_reconstructed,1.0575794462515002,-4.670235029589636,1,0,45.0,0.14907119849998599
Fan et al. 2008 reconstructed Paris curve,reported_constants,AISI 304L stainless steel,austenitic stainless steel,literature_R_0.3,long_crack_literature_reconstructed,1.0,11.79746835443038,2.2865377522835183e-05,190.0,austenitic,45.0,20,0.3,literature_reconstructed,1.07178882106354,-4.640821623728714,1,0,45.0,0.14907119849998599
Fan et al. 2008 reconstructed Paris curve,reported_constants,AISI 304L stainless steel,austenitic stainless steel,literature_R_0.3,long_crack_literature_reconstructed,1.0,12.177215189873419,2.441517473602944e-05,190.0,austenitic,45.0,20,0.3,literature_reconstructed,1.0855479807473716,-4.612340163183183,1,0,45.0,0.14907119849998599
Fan et al. 2008 reconstructed Paris curve,reported_constants,AISI 304L stainless steel,austenitic stainless steel,literature_R_0.3,long_crack_literature_reconstructed,1.0,12.556962025316455,2.6017562053704277e-05,190.0,austenitic,45.0,20,0.3,literature_reconstructed,1.0988845808637373,-4.584733400942306,1,0,45.0,0.14907119849998599
Fan et al. 2008 reconstructed Paris curve,reported_constants,AISI 304L stainless steel,austenitic stainless steel,literature_R_0.3,long_crack_literature_reconstructed,1.0,12.936708860759495,2.767265266202283e-05,190.0,austenitic,45.0,20,0.3,literature_reconstructed,1.1118238045082525,-4.557949207998159,1,0,45.0,0.14907119849998599
Fan et al. 2008 reconstructed Paris curve,reported_constants,AISI 304L stainless steel,austenitic stainless steel,literature_R_0.3,long_crack_literature_reconstructed,1.0,13.316455696202532,2.938055660653301e-05,190.0,austenitic,45.0,20,0.3,literature_reconstructed,1.124388648527279,-4.531939980878775,1,0,45.0,0.14907119849998599
Fan et al. 2008 reconstructed Paris curve,reported_constants,AISI 304L stainless steel,austenitic stainless steel,literature_R_0.3,long_crack_literature_reconstructed,1.0,13.69620253164557,3.1141380967812566e-05,190.0,austenitic,45.0,20,0.3,literature_reconstructed,1.1366001694801091,-4.506662132506416,1,0,45.0,0.14907119849998599
Fan et al. 2008 reconstructed Paris curve,reported_constants,AISI 304L stainless steel,austenitic stainless steel,literature_R_0.3,long_crack_literature_reconstructed,1.0,14.075949367088608,3.2955230022618e-05,190.0,austenitic,45.0,20,0.3,literature_reconstructed,1.1484776959555973,-4.4820756527021555,1,0,45.0,0.14907119849998599
Fan et al. 2008 reconstructed Paris curve,reported_constants,AISI 304L stainless steel,austenitic stainless steel,literature_R_0.3,long_crack_literature_reconstructed,1.0,14.455696202531646,3.4822205392098464e-05,190.0,austenitic,45.0,20,0.3,literature_reconstructed,1.1600390126193878,-4.458143727208109,1,0,45.0,0.14907119849998599
Fan et al. 2008 reconstructed Paris curve,reported_constants,AISI 304L stainless steel,austenitic stainless steel,literature_R_0.3,long_crack_literature_reconstructed,1.0,14.835443037974684,3.674240617843047e-05,190.0,austenitic,45.0,20,0.3,literature_reconstructed,1.1713005203916305,-4.4348324061195665,1,0,45.0,0.14907119849998599
Fan et al. 2008 reconstructed Paris curve,reported_constants,AISI 304L stainless steel,austenitic stainless steel,literature_R_0.3,long_crack_literature_reconstructed,1.0,15.215189873417721,3.871592909105528e-05,190.0,austenitic,45.0,20,0.3,literature_reconstructed,1.1822773763762793,-4.412110314231343,1,0,45.0,0.14907119849998599
Fan et al. 2008 reconstructed Paris curve,reported_constants,AISI 304L stainless steel,austenitic stainless steel,literature_R_0.3,long_crack_literature_reconstructed,1.0,15.59493670886076,4.074286856355366e-05,190.0,austenitic,45.0,20,0.3,literature_reconstructed,1.1929836165379653,-4.389948397096654,1,0,45.0,0.14907119849998599
Fan et al. 2008 reconstructed Paris curve,reported_constants,AISI 304L stainless steel,austenitic stainless steel,literature_R_0.3,long_crack_literature_reconstructed,1.0,15.974683544303797,4.282331686206635e-05,190.0,austenitic,45.0,20,0.3,literature_reconstructed,1.203432263617674,-4.368319697641656,1,0,45.0,0.14907119849998599
Fan et al. 2008 reconstructed Paris curve,reported_constants,AISI 304L stainless steel,austenitic stainless steel,literature_R_0.3,long_crack_literature_reconstructed,1.0,16.354430379746837,4.4957364186061255e-05,190.0,austenitic,45.0,20,0.3,literature_reconstructed,1.2136354223686239,-4.34719915902719,1,0,45.0,0.14907119849998599
Fan et al. 2008 reconstructed Paris curve,reported_constants,AISI 304L stainless steel,austenitic stainless steel,literature_R_0.3,long_crack_literature_reconstructed,1.0,16.734177215189874,4.7145098762154525e-05,190.0,austenitic,45.0,20,0.3,literature_reconstructed,1.22360436385918,-4.326563450141739,1,0,45.0,0.14907119849998599
Fan et al. 2008 reconstructed Paris curve,reported_constants,AISI 304L stainless steel,austenitic stainless steel,literature_R_0.3,long_crack_literature_reconstructed,1.0,17.11392405063291,4.938660693161343e-05,190.0,austenitic,45.0,20,0.3,literature_reconstructed,1.2333496003151756,-4.306390810677828,1,0,45.0,0.14907119849998599
Fan et al. 2008 reconstructed Paris curve,reported_constants,AISI 304L stainless steel,austenitic stainless steel,literature_R_0.3,long_crack_literature_reconstructed,1.0,17.49367088607595,5.168197323209901e-05,190.0,austenitic,45.0,20,0.3,literature_reconstructed,1.2428809517477382,-4.286660913212423,1,0,45.0,0.14907119849998599
Fan et al. 2008 reconstructed Paris curve,reported_constants,AISI 304L stainless steel,austenitic stainless steel,literature_R_0.3,long_crack_literature_reconstructed,1.0,17.87341772151899,5.403128047414555e-05,190.0,austenitic,45.0,20,0.3,literature_reconstructed,1.2522076054253437,-4.267354740099781,1,0,45.0,0.14907119849998599
Fan et al. 2008 reconstructed Paris curve,reported_constants,AISI 304L stainless steel,austenitic stainless steel,literature_R_0.3,long_crack_literature_reconstructed,1.0,18.253164556962027,5.643460981282232e-05,190.0,austenitic,45.0,20,0.3,literature_reconstructed,1.2613381690929688,-4.248454473307796,1,0,45.0,0.14907119849998599
Fan et al. 2008 reconstructed Paris curve,reported_constants,AISI 304L stainless steel,austenitic stainless steel,literature_R_0.3,long_crack_literature_reconstructed,1.0,18.632911392405063,5.889204081497572e-05,190.0,austenitic,45.0,20,0.3,literature_reconstructed,1.2702807187110385,-4.229943395598392,1,0,45.0,0.14907119849998599
Fan et al. 2008 reconstructed Paris curve,reported_constants,AISI 304L stainless steel,austenitic stainless steel,literature_R_0.3,long_crack_literature_reconstructed,1.0,19.0126582278481,6.140365152240998e-05,190.0,austenitic,45.0,20,0.3,literature_reconstructed,1.2790428413777082,-4.211805801678386,1,0,45.0,0.14907119849998599
Fan et al. 2008 reconstructed Paris curve,reported_constants,AISI 304L stainless steel,austenitic stainless steel,literature_R_0.3,long_crack_literature_reconstructed,1.0,19.39240506329114,6.39695185113289e-05,190.0,austenitic,45.0,20,0.3,literature_reconstructed,1.2876316740061438,-4.194026918137524,1,0,45.0,0.14907119849998599
Fan et al. 2008 reconstructed Paris curve,reported_constants,AISI 304L stainless steel,austenitic stainless steel,literature_R_0.3,long_crack_literature_reconstructed,1.0,19.77215189873418,6.658971694832958e-05,190.0,austenitic,45.0,20,0.3,literature_reconstructed,1.2960539382508403,-4.1765928311510025,1,0,45.0,0.14907119849998599
Fan et al. 2008 reconstructed Paris curve,reported_constants,AISI 304L stainless steel,austenitic stainless steel,literature_R_0.3,long_crack_literature_reconstructed,1.0,20.151898734177216,6.926432064321121e-05,190.0,austenitic,45.0,20,0.3,literature_reconstructed,1.3043159721112088,-4.159490421060039,1,0,45.0,0.14907119849998599
Fan et al. 2008 reconstructed Paris curve,reported_constants,AISI 304L stainless steel,austenitic stainless steel,literature_R_0.3,long_crack_literature_reconstructed,1.0,20.531645569620252,7.199340209883725e-05,190.0,austenitic,45.0,20,0.3,literature_reconstructed,1.3124237585846958,-4.142707303059922,1,0,45.0,0.14907119849998599
Fan et al. 2008 reconstructed Paris curve,reported_constants,AISI 304L stainless steel,austenitic stainless steel,literature_R_0.3,long_crack_literature_reconstructed,1.0,20.911392405063292,7.477703255826764e-05,190.0,austenitic,45.0,20,0.3,literature_reconstructed,1.320382951693922,-4.126231773323823,1,0,45.0,0.14907119849998599
Fan et al. 2008 reconstructed Paris curve,reported_constants,AISI 304L stainless steel,austenitic stainless steel,literature_R_0.3,long_crack_literature_reconstructed,1.0,21.291139240506332,7.76152820493573e-05,190.0,austenitic,45.0,20,0.3,literature_reconstructed,1.328198900171452,-4.1100527599753365,1,0,45.0,0.14907119849998599
Fan et al. 2008 reconstructed Paris curve,reported_constants,AISI 304L stainless steel,austenitic stainless steel,literature_R_0.3,long_crack_literature_reconstructed,1.0,21.67088607594937,8.05082194270012e-05,190.0,austenitic,45.0,20,0.3,literature_reconstructed,1.3358766690506931,-4.094159778395308,1,0,45.0,0.14907119849998599
Fan et al. 2008 reconstructed Paris curve,reported_constants,AISI 304L stainless steel,austenitic stainless steel,literature_R_0.3,long_crack_literature_reconstructed,1.0,22.050632911392405,8.345591241318889e-05,190.0,austenitic,45.0,20,0.3,literature_reconstructed,1.343421059381203,-4.078542890411152,1,0,45.0,0.14907119849998599
Fan et al. 2008 reconstructed Paris curve,reported_constants,AISI 304L stainless steel,austenitic stainless steel,literature_R_0.3,long_crack_literature_reconstructed,1.0,22.430379746835442,8.645842763501856e-05,190.0,austenitic,45.0,20,0.3,literature_reconstructed,1.3508366262605904,-4.06319266697082,1,0,45.0,0.14907119849998599
Fan et al. 2008 reconstructed Paris curve,reported_constants,AISI 304L stainless steel,austenitic stainless steel,literature_R_0.3,long_crack_literature_reconstructed,1.0,22.810126582278482,8.951583066080754e-05,190.0,austenitic,45.0,20,0.3,literature_reconstructed,1.3581276953526027,-4.0481001539503545,1,0,45.0,0.14907119849998599
Fan et al. 2008 reconstructed Paris curve,reported_constants,AISI 304L stainless steel,austenitic stainless steel,literature_R_0.3,long_crack_literature_reconstructed,1.0,23.18987341772152,9.262818603442507e-05,190.0,austenitic,45.0,20,0.3,literature_reconstructed,1.3652983780413903,-4.033256840784564,1,0,45.0,0.14907119849998599
Fan et al. 2008 reconstructed Paris curve,reported_constants,AISI 304L stainless steel,austenitic stainless steel,literature_R_0.3,long_crack_literature_reconstructed,1.0,23.569620253164558,9.579555730796281e-05,190.0,austenitic,45.0,20,0.3,literature_reconstructed,1.3723525853548824,-4.018654631645635,1,0,45.0,0.14907119849998599
Fan et al. 2008 reconstructed Paris curve,reported_constants,AISI 304L stainless steel,austenitic stainless steel,literature_R_0.3,long_crack_literature_reconstructed,1.0,23.949367088607595,9.901800707284905e-05,190.0,austenitic,45.0,20,0.3,literature_reconstructed,1.3792940407753325,-4.004285818925304,1,0,45.0,0.14907119849998599
Fan et al. 2008 reconstructed Paris curve,reported_constants,AISI 304L stainless steel,austenitic stainless steel,literature_R_0.3,long_crack_literature_reconstructed,1.0,24.329113924050635,0.00010229559698950493,190.0,austenitic,45.0,20,0.3,literature_reconstructed,1.3861262920420852,-3.9901430588031257,1,0,45.0,0.14907119849998599
Fan et al. 2008 reconstructed Paris curve,reported_constants,AISI 304L stainless steel,austenitic stainless steel,literature_R_0.3,long_crack_literature_reconstructed,1.0,24.70886075949367,0.00010562838781563217,190.0,austenitic,45.0,20,0.3,literature_reconstructed,1.3928527220402316,-3.9762193487069624,1,0,45.0,0.14907119849998599
Fan et al. 2008 reconstructed Paris curve,reported_constants,AISI 304L stainless steel,austenitic stainless steel,literature_R_0.3,long_crack_literature_reconstructed,1.0,25.08860759493671,0.00010901643943321662,190.0,austenitic,45.0,20,0.3,literature_reconstructed,1.3994765588588152,-3.9625080064924942,1,0,45.0,0.14907119849998599
Fan et al. 2008 reconstructed Paris curve,reported_constants,AISI 304L stainless steel,austenitic stainless steel,literature_R_0.3,long_crack_literature_reconstructed,1.0,25.468354430379748,0.00011245981087432357,190.0,austenitic,45.0,20,0.3,literature_reconstructed,1.4060008850934484,-3.9490026511868037,1,0,45.0,0.14907119849998599
Fan et al. 2008 reconstructed Paris curve,reported_constants,AISI 304L stainless steel,austenitic stainless steel,literature_R_0.3,long_crack_literature_reconstructed,1.0,25.848101265822788,0.00011595856034575759,190.0,austenitic,45.0,20,0.3,literature_reconstructed,1.41242864646045,-3.9356971851571103,1,0,45.0,0.14907119849998599
Fan et al. 2008 reconstructed Paris curve,reported_constants,AISI 304L stainless steel,austenitic stainless steel,literature_R_0.3,long_crack_literature_reconstructed,1.0,26.227848101265824,0.00011951274525265123,190.0,austenitic,45.0,20,0.3,literature_reconstructed,1.418762659782754,-3.922585777579941,1,0,45.0,0.14907119849998599
Fan et al. 2008 reconstructed Paris curve,reported_constants,AISI 304L stainless steel,austenitic stainless steel,literature_R_0.3,long_crack_literature_reconstructed,1.0,26.60759493670886,0.00012312242222104586,190.0,austenitic,45.0,20,0.3,literature_reconstructed,1.425005620401782,-3.909662849098553,1,0,45.0,0.14907119849998599
Fan et al. 2008 reconstructed Paris curve,reported_constants,AISI 304L stainless steel,austenitic stainless steel,literature_R_0.3,long_crack_literature_reconstructed,1.0,26.9873417721519,0.00012678764711952027,190.0,austenitic,45.0,20,0.3,literature_reconstructed,1.4311601090640933,-3.896923057567569,1,0,45.0,0.14907119849998599
Fan et al. 2008 reconstructed Paris curve,reported_constants,AISI 304L stainless steel,austenitic stainless steel,literature_R_0.3,long_crack_literature_reconstructed,1.0,27.367088607594937,0.00013050847507992073,190.0,austenitic,45.0,20,0.3,literature_reconstructed,1.43722859832685,-3.884361284793662,1,0,45.0,0.14907119849998599
Fan et al. 2008 reconstructed Paris curve,reported_constants,AISI 304L stainless steel,austenitic stainless steel,literature_R_0.3,long_crack_literature_reconstructed,1.0,27.746835443037977,0.00013428496051724187,190.0,austenitic,45.0,20,0.3,literature_reconstructed,1.44321345852189,-3.871972624189929,1,0,45.0,0.14907119849998599
Fan et al. 2008 reconstructed Paris curve,reported_constants,AISI 304L stainless steel,austenitic stainless steel,literature_R_0.3,long_crack_literature_reconstructed,1.0,28.126582278481013,0.00013811715714870387,190.0,austenitic,45.0,20,0.3,literature_reconstructed,1.4491169633144074,-3.8597523692694184,1,0,45.0,0.14907119849998599
Fan et al. 2008 reconstructed Paris curve,reported_constants,AISI 304L stainless steel,austenitic stainless steel,literature_R_0.3,long_crack_literature_reconstructed,1.0,28.506329113924053,0.00014200511801207017,190.0,austenitic,45.0,20,0.3,literature_reconstructed,1.4549412948888671,-3.8476960029102867,1,0,45.0,0.14907119849998599
Fan et al. 2008 reconstructed Paris curve,reported_constants,AISI 304L stainless steel,austenitic stainless steel,literature_R_0.3,long_crack_literature_reconstructed,1.0,28.88607594936709,0.000145948895483244,190.0,austenitic,45.0,20,0.3,literature_reconstructed,1.4606885487917545,-3.83579918733131,1,0,45.0,0.14907119849998599
Fan et al. 2008 reconstructed Paris curve,reported_constants,AISI 304L stainless steel,austenitic stainless steel,literature_R_0.3,long_crack_literature_reconstructed,1.0,29.265822784810126,0.00014994854129318295,190.0,austenitic,45.0,20,0.3,literature_reconstructed,1.46636073845805,-3.8240577547220784,1,0,45.0,0.14907119849998599
Fan et al. 2008 reconstructed Paris curve,reported_constants,AISI 304L stainless steel,austenitic stainless steel,literature_R_0.3,long_crack_literature_reconstructed,1.0,29.645569620253166,0.00015400410654416505,190.0,austenitic,45.0,20,0.3,literature_reconstructed,1.4719597994459028,-3.812467698477223,1,0,45.0,0.14907119849998599
Fan et al. 2008 reconstructed Paris curve,reported_constants,AISI 304L stainless steel,austenitic stainless steel,literature_R_0.3,long_crack_literature_reconstructed,1.0,30.025316455696203,0.00015811564172544095,190.0,austenitic,45.0,20,0.3,literature_reconstructed,1.4774875934017835,-3.80102516498855,1,0,45.0,0.14907119849998599
Fan et al. 2008 reconstructed Paris curve,reported_constants,AISI 304L stainless steel,austenitic stainless steel,literature_R_0.3,long_crack_literature_reconstructed,1.0,30.405063291139243,0.00016228319672830155,190.0,austenitic,45.0,20,0.3,literature_reconstructed,1.4829459117764459,-3.789726445952999,1,0,45.0,0.14907119849998599
Fan et al. 2008 reconstructed Paris curve,reported_constants,AISI 304L stainless steel,austenitic stainless steel,literature_R_0.3,long_crack_literature_reconstructed,1.0,30.78481012658228,0.00016650682086059016,190.0,austenitic,45.0,20,0.3,literature_reconstructed,1.4883364793102558,-3.778567971158012,1,0,45.0,0.14907119849998599
Fan et al. 2008 reconstructed Paris curve,reported_constants,AISI 304L stainless steel,austenitic stainless steel,literature_R_0.3,long_crack_literature_reconstructed,1.0,31.16455696202532,0.00017078656286068712,190.0,austenitic,45.0,20,0.3,literature_reconstructed,1.493660957304856,-3.76754630170919,1,0,45.0,0.14907119849998599
Fan et al. 2008 reconstructed Paris curve,reported_constants,AISI 304L stainless steel,austenitic stainless steel,literature_R_0.3,long_crack_literature_reconstructed,1.0,31.544303797468356,0.0001751224709109915,190.0,austenitic,45.0,20,0.3,literature_reconstructed,1.4989209466966906,-3.7566581236680925,1,0,45.0,0.14907119849998599
Fan et al. 2008 reconstructed Paris curve,reported_constants,AISI 304L stainless steel,austenitic stainless steel,literature_R_0.3,long_crack_literature_reconstructed,1.0,31.924050632911396,0.00017951459265092416,190.0,austenitic,45.0,20,0.3,literature_reconstructed,1.5041179909466214,-3.7459002420707357,1,0,45.0,0.14907119849998599
Fan et al. 2008 reconstructed Paris curve,reported_constants,AISI 304L stainless steel,austenitic stainless steel,literature_R_0.3,long_crack_literature_reconstructed,1.0,32.30379746835443,0.0001839629751894745,190.0,austenitic,45.0,20,0.3,literature_reconstructed,1.5092535787586834,-3.7352695752997676,1,0,45.0,0.14907119849998599
Fan et al. 2008 reconstructed Paris curve,reported_constants,AISI 304L stainless steel,austenitic stainless steel,literature_R_0.3,long_crack_literature_reconstructed,1.0,32.68354430379747,0.00018846766511731268,190.0,austenitic,45.0,20,0.3,literature_reconstructed,1.51432914663996,-3.7247631497855247,1,0,45.0,0.14907119849998599
Fan et al. 2008 reconstructed Paris curve,reported_constants,AISI 304L stainless steel,austenitic stainless steel,literature_R_0.3,long_crack_literature_reconstructed,1.0,33.063291139240505,0.00019302870851848624,190.0,austenitic,45.0,20,0.3,literature_reconstructed,1.519346081312595,-3.7143780950131706,1,0,45.0,0.14907119849998599
Fan et al. 2008 reconstructed Paris curve,reported_constants,AISI 304L stainless steel,austenitic stainless steel,literature_R_0.3,long_crack_literature_reconstructed,1.0,33.44303797468355,0.0001976461509817213,190.0,austenitic,45.0,20,0.3,literature_reconstructed,1.5243057219880671,-3.7041116388149433,1,0,45.0,0.14907119849998599
Fan et al. 2008 reconstructed Paris curve,reported_constants,AISI 304L stainless steel,austenitic stainless steel,literature_R_0.3,long_crack_literature_reconstructed,1.0,33.822784810126585,0.0002023200376113444,190.0,austenitic,45.0,20,0.3,literature_reconstructed,1.5292093625130667,-3.693961102928194,1,0,45.0,0.14907119849998599
Fan et al. 2008 reconstructed Paris curve,reported_constants,AISI 304L stainless steel,austenitic stainless steel,literature_R_0.3,long_crack_literature_reconstructed,1.0,34.20253164556962,0.00020705041303784445,190.0,austenitic,45.0,20,0.3,literature_reconstructed,1.5340582533955704,-3.683923898801411,1,0,45.0,0.14907119849998599
Fan et al. 2008 reconstructed Paris curve,reported_constants,AISI 304L stainless steel,austenitic stainless steel,literature_R_0.3,long_crack_literature_reconstructed,1.0,34.582278481012665,0.00021183732142808728,190.0,austenitic,45.0,20,0.3,literature_reconstructed,1.5388536037190537,-3.673997523631801,1,0,45.0,0.14907119849998599
Fan et al. 2008 reconstructed Paris curve,reported_constants,AISI 304L stainless steel,austenitic stainless steel,literature_R_0.3,long_crack_literature_reconstructed,1.0,34.962025316455694,0.00021668080649520045,190.0,austenitic,45.0,20,0.3,literature_reconstructed,1.543596582952171,-3.664179556619248,1,0,45.0,0.14907119849998599
Fan et al. 2008 reconstructed Paris curve,reported_constants,AISI 304L stainless steel,austenitic stainless steel,literature_R_0.3,long_crack_literature_reconstructed,1.0,35.34177215189874,0.00022158091150814192,190.0,austenitic,45.0,20,0.3,literature_reconstructed,1.548288322660682,-3.65446765542263,1,0,45.0,0.14907119849998599
Fan et al. 2008 reconstructed Paris curve,reported_constants,AISI 304L stainless steel,austenitic stainless steel,literature_R_0.3,long_crack_literature_reconstructed,1.0,35.721518987341774,0.00022653767930096445,190.0,austenitic,45.0,20,0.3,literature_reconstructed,1.5529299181278877,-3.6448595528055145,1,0,45.0,0.14907119849998599
Fan et al. 2008 reconstructed Paris curve,reported_constants,AISI 304L stainless steel,austenitic stainless steel,literature_R_0.3,long_crack_literature_reconstructed,1.0,36.10126582278481,0.0002315511522817912,190.0,austenitic,45.0,20,0.3,literature_reconstructed,1.5575224298893866,-3.635353053459212,1,0,45.0,0.14907119849998599
Fan et al. 2008 reconstructed Paris curve,reported_constants,AISI 304L stainless steel,austenitic stainless steel,literature_R_0.3,long_crack_literature_reconstructed,1.0,36.481012658227854,0.00023662137244151218,190.0,austenitic,45.0,20,0.3,literature_reconstructed,1.5620668851875292,-3.625946030992057,1,0,45.0,0.14907119849998599
Fan et al. 2008 reconstructed Paris curve,reported_constants,AISI 304L stainless steel,austenitic stainless steel,literature_R_0.3,long_crack_literature_reconstructed,1.0,36.860759493670884,0.00024174838136221393,190.0,austenitic,45.0,20,0.3,literature_reconstructed,1.566564279350558,-3.6166364250745864,1,0,45.0,0.14907119849998599
Fan et al. 2008 reconstructed Paris curve,reported_constants,AISI 304L stainless steel,austenitic stainless steel,literature_R_0.3,long_crack_literature_reconstructed,1.0,37.24050632911393,0.0002469322202253544,190.0,austenitic,45.0,20,0.3,literature_reconstructed,1.5710155771010699,-3.607422238731027,1,0,45.0,0.14907119849998599
Fan et al. 2008 reconstructed Paris curve,reported_constants,AISI 304L stainless steel,austenitic stainless steel,literature_R_0.3,long_crack_literature_reconstructed,1.0,37.620253164556964,0.0002521729298196901,190.0,austenitic,45.0,20,0.3,literature_reconstructed,1.5754217137980964,-3.5983015357681825,1,0,45.0,0.14907119849998599
Fan et al. 2008 reconstructed Paris curve,reported_constants,AISI 304L stainless steel,austenitic stainless steel,literature_R_0.3,long_crack_literature_reconstructed,1.0,38.0,0.00025747055054897017,190.0,austenitic,45.0,20,0.3,literature_reconstructed,1.5797835966168101,-3.589272438333445,1,0,45.0,0.14907119849998599
Fan et al. 2008 reconstructed Paris curve,reported_constants,AISI 304L stainless steel,austenitic stainless steel,literature_R_0.5,long_crack_literature_reconstructed,1.0,8.0,1.1511094048608916e-05,190.0,austenitic,45.0,20,0.5,literature_reconstructed,0.9030899869919435,-4.938883397769535,1,0,45.0,0.14907119849998599
Fan et al. 2008 reconstructed Paris curve,reported_constants,AISI 304L stainless steel,austenitic stainless steel,literature_R_0.5,long_crack_literature_reconstructed,1.0,8.379746835443038,1.2670924066893095e-05,190.0,austenitic,45.0,20,0.5,literature_reconstructed,0.9232308981492585,-4.897191711673893,1,0,45.0,0.14907119849998599
Fan et al. 2008 reconstructed Paris curve,reported_constants,AISI 304L stainless steel,austenitic stainless steel,literature_R_0.5,long_crack_literature_reconstructed,1.0,8.759493670886076,1.3888388793765582e-05,190.0,austenitic,45.0,20,0.5,literature_reconstructed,0.9424790031663164,-4.857348134288584,1,0,45.0,0.14907119849998599
Fan et al. 2008 reconstructed Paris curve,reported_constants,AISI 304L stainless steel,austenitic stainless steel,literature_R_0.5,long_crack_literature_reconstructed,1.0,9.139240506329115,1.5163667369092577e-05,190.0,austenitic,45.0,20,0.5,literature_reconstructed,0.9609101062791977,-4.819195750844919,1,0,45.0,0.14907119849998599
Fan et al. 2008 reconstructed Paris curve,reported_constants,AISI 304L stainless steel,austenitic stainless steel,literature_R_0.5,long_crack_literature_reconstructed,1.0,9.518987341772153,1.6496931846459936e-05,190.0,austenitic,45.0,20,0.5,literature_reconstructed,0.9785907493012008,-4.782596819789373,1,0,45.0,0.14907119849998599
Fan et al. 2008 reconstructed Paris curve,reported_constants,AISI 304L stainless steel,austenitic stainless steel,literature_R_0.5,long_crack_literature_reconstructed,1.0,9.89873417721519,1.7888347751403454e-05,190.0,austenitic,45.0,20,0.5,literature_reconstructed,0.9955796617694066,-4.747429770980187,1,0,45.0,0.14907119849998599
Fan et al. 2008 reconstructed Paris curve,reported_constants,AISI 304L stainless steel,austenitic stainless steel,literature_R_0.5,long_crack_literature_reconstructed,1.0,10.278481012658228,1.93380745754716e-05,190.0,austenitic,45.0,20,0.5,literature_reconstructed,1.011928937950734,-4.71358676928484,1,0,45.0,0.14907119849998599
Fan et al. 2008 reconstructed Paris curve,reported_constants,AISI 304L stainless steel,austenitic stainless steel,literature_R_0.5,long_crack_literature_reconstructed,1.0,10.658227848101266,2.084626621564398e-05,190.0,austenitic,45.0,20,0.5,literature_reconstructed,1.0276850002092082,-4.680971720409798,1,0,45.0,0.14907119849998599
Fan et al. 2008 reconstructed Paris curve,reported_constants,AISI 304L stainless steel,austenitic stainless steel,literature_R_0.5,long_crack_literature_reconstructed,1.0,11.037974683544304,2.241307136691985e-05,190.0,austenitic,45.0,20,0.5,literature_reconstructed,1.0428893936421257,-4.649498626003658,1,0,45.0,0.14907119849998599
Fan et al. 2008 reconstructed Paris curve,reported_constants,AISI 304L stainless steel,austenitic stainless steel,literature_R_0.5,long_crack_literature_reconstructed,1.0,11.417721518987342,2.4038633874537873e-05,190.0,austenitic,45.0,20,0.5,literature_reconstructed,1.0575794462515002,-4.6190902171022525,1,0,45.0,0.14907119849998599
Fan et al. 2008 reconstructed Paris curve,reported_constants,AISI 304L stainless steel,austenitic stainless steel,literature_R_0.5,long_crack_literature_reconstructed,1.0,11.79746835443038,2.5723093051207606e-05,190.0,austenitic,45.0,20,0.5,literature_reconstructed,1.07178882106354,-4.589676811241331,1,0,45.0,0.14907119849998599
Fan et al. 2008 reconstructed Paris curve,reported_constants,AISI 304L stainless steel,austenitic stainless steel,literature_R_0.5,long_crack_literature_reconstructed,1.0,12.177215189873419,2.7466583963863005e-05,190.0,austenitic,45.0,20,0.5,literature_reconstructed,1.0855479807473716,-4.561195350695799,1,0,45.0,0.14907119849998599
Fan et al. 2008 reconstructed Paris curve,reported_constants,AISI 304L stainless steel,austenitic stainless steel,literature_R_0.5,long_crack_literature_reconstructed,1.0,12.556962025316455,2.926923769374176e-05,190.0,austenitic,45.0,20,0.5,literature_reconstructed,1.0988845808637373,-4.533588588454923,1,0,45.0,0.14907119849998599
Fan et al. 2008 reconstructed Paris curve,reported_constants,AISI 304L stainless steel,austenitic stainless steel,literature_R_0.5,long_crack_literature_reconstructed,1.0,12.936708860759495,3.1131181573016887e-05,190.0,austenitic,45.0,20,0.5,literature_reconstructed,1.1118238045082525,-4.506804395510776,1,0,45.0,0.14907119849998599
Fan et al. 2008 reconstructed Paris curve,reported_constants,AISI 304L stainless steel,austenitic stainless steel,literature_R_0.5,long_crack_literature_reconstructed,1.0,13.316455696202532,3.305253940073197e-05,190.0,austenitic,45.0,20,0.5,literature_reconstructed,1.124388648527279,-4.480795168391391,1,0,45.0,0.14907119849998599
Fan et al. 2008 reconstructed Paris curve,reported_constants,AISI 304L stainless steel,austenitic stainless steel,literature_R_0.5,long_crack_literature_reconstructed,1.0,13.69620253164557,3.503343164039839e-05,190.0,austenitic,45.0,20,0.5,literature_reconstructed,1.1366001694801091,-4.455517320019032,1,0,45.0,0.14907119849998599
Fan et al. 2008 reconstructed Paris curve,reported_constants,AISI 304L stainless steel,austenitic stainless steel,literature_R_0.5,long_crack_literature_reconstructed,1.0,14.075949367088608,3.7073975601284616e-05,190.0,austenitic,45.0,20,0.5,literature_reconstructed,1.1484776959555973,-4.4309308402147725,1,0,45.0,0.14907119849998599
Fan et al. 2008 reconstructed Paris curve,reported_constants,AISI 304L stainless steel,austenitic stainless steel,literature_R_0.5,long_crack_literature_reconstructed,1.0,14.455696202531646,3.917428560515391e-05,190.0,austenitic,45.0,20,0.5,literature_reconstructed,1.1600390126193878,-4.406998914720726,1,0,45.0,0.14907119849998599
Fan et al. 2008 reconstructed Paris curve,reported_constants,AISI 304L stainless steel,austenitic stainless steel,literature_R_0.5,long_crack_literature_reconstructed,1.0,14.835443037974684,4.1334473139975584e-05,190.0,austenitic,45.0,20,0.5,literature_reconstructed,1.1713005203916305,-4.3836875936321835,1,0,45.0,0.14907119849998599
Fan et al. 2008 reconstructed Paris curve,reported_constants,AISI 304L stainless steel,austenitic stainless steel,literature_R_0.5,long_crack_literature_reconstructed,1.0,15.215189873417721,4.35546470019396e-05,190.0,austenitic,45.0,20,0.5,literature_reconstructed,1.1822773763762793,-4.36096550174396,1,0,45.0,0.14907119849998599
Fan et al. 2008 reconstructed Paris curve,reported_constants,AISI 304L stainless steel,austenitic stainless steel,literature_R_0.5,long_crack_literature_reconstructed,1.0,15.59493670886076,4.583491342693832e-05,190.0,austenitic,45.0,20,0.5,literature_reconstructed,1.1929836165379653,-4.338803584609271,1,0,45.0,0.14907119849998599
Fan et al. 2008 reconstructed Paris curve,reported_constants,AISI 304L stainless steel,austenitic stainless steel,literature_R_0.5,long_crack_literature_reconstructed,1.0,15.974683544303797,4.817537621253736e-05,190.0,austenitic,45.0,20,0.5,literature_reconstructed,1.203432263617674,-4.317174885154273,1,0,45.0,0.14907119849998599
Fan et al. 2008 reconstructed Paris curve,reported_constants,AISI 304L stainless steel,austenitic stainless steel,literature_R_0.5,long_crack_literature_reconstructed,1.0,16.354430379746837,5.0576136831336665e-05,190.0,austenitic,45.0,20,0.5,literature_reconstructed,1.2136354223686239,-4.296054346539807,1,0,45.0,0.14907119849998599
Fan et al. 2008 reconstructed Paris curve,reported_constants,AISI 304L stainless steel,austenitic stainless steel,literature_R_0.5,long_crack_literature_reconstructed,1.0,16.734177215189874,5.303729453651737e-05,190.0,austenitic,45.0,20,0.5,literature_reconstructed,1.22360436385918,-4.275418637654356,1,0,45.0,0.14907119849998599
Fan et al. 2008 reconstructed Paris curve,reported_constants,AISI 304L stainless steel,austenitic stainless steel,literature_R_0.5,long_crack_literature_reconstructed,1.0,17.11392405063291,5.555894646028075e-05,190.0,austenitic,45.0,20,0.5,literature_reconstructed,1.2333496003151756,-4.255245998190445,1,0,45.0,0.14907119849998599
Fan et al. 2008 reconstructed Paris curve,reported_constants,AISI 304L stainless steel,austenitic stainless steel,literature_R_0.5,long_crack_literature_reconstructed,1.0,17.49367088607595,5.8141187705807126e-05,190.0,austenitic,45.0,20,0.5,literature_reconstructed,1.2428809517477382,-4.23551610072504,1,0,45.0,0.14907119849998599
Fan et al. 2008 reconstructed Paris curve,reported_constants,AISI 304L stainless steel,austenitic stainless steel,literature_R_0.5,long_crack_literature_reconstructed,1.0,17.87341772151899,6.078411143329369e-05,190.0,austenitic,45.0,20,0.5,literature_reconstructed,1.2522076054253437,-4.216209927612398,1,0,45.0,0.14907119849998599
Fan et al. 2008 reconstructed Paris curve,reported_constants,AISI 304L stainless steel,austenitic stainless steel,literature_R_0.5,long_crack_literature_reconstructed,1.0,18.253164556962027,6.348780894057255e-05,190.0,austenitic,45.0,20,0.5,literature_reconstructed,1.2613381690929688,-4.197309660820413,1,0,45.0,0.14907119849998599
Fan et al. 2008 reconstructed Paris curve,reported_constants,AISI 304L stainless steel,austenitic stainless steel,literature_R_0.5,long_crack_literature_reconstructed,1.0,18.632911392405063,6.625236973875684e-05,190.0,austenitic,45.0,20,0.5,literature_reconstructed,1.2702807187110385,-4.178798583111009,1,0,45.0,0.14907119849998599
Fan et al. 2008 reconstructed Paris curve,reported_constants,AISI 304L stainless steel,austenitic stainless steel,literature_R_0.5,long_crack_literature_reconstructed,1.0,19.0126582278481,6.907788162331767e-05,190.0,austenitic,45.0,20,0.5,literature_reconstructed,1.2790428413777082,-4.160660989191003,1,0,45.0,0.14907119849998599
Fan et al. 2008 reconstructed Paris curve,reported_constants,AISI 304L stainless steel,austenitic stainless steel,literature_R_0.5,long_crack_literature_reconstructed,1.0,19.39240506329114,7.196443074095495e-05,190.0,austenitic,45.0,20,0.5,literature_reconstructed,1.2876316740061438,-4.142882105650141,1,0,45.0,0.14907119849998599
Fan et al. 2008 reconstructed Paris curve,reported_constants,AISI 304L stainless steel,austenitic stainless steel,literature_R_0.5,long_crack_literature_reconstructed,1.0,19.77215189873418,7.491210165258922e-05,190.0,austenitic,45.0,20,0.5,literature_reconstructed,1.2960539382508403,-4.1254480186636195,1,0,45.0,0.14907119849998599
Fan et al. 2008 reconstructed Paris curve,reported_constants,AISI 304L stainless steel,austenitic stainless steel,literature_R_0.5,long_crack_literature_reconstructed,1.0,20.151898734177216,7.792097739277044e-05,190.0,austenitic,45.0,20,0.5,literature_reconstructed,1.3043159721112088,-4.108345608572656,1,0,45.0,0.14907119849998599
Fan et al. 2008 reconstructed Paris curve,reported_constants,AISI 304L stainless steel,austenitic stainless steel,literature_R_0.5,long_crack_literature_reconstructed,1.0,20.531645569620252,8.099113952577201e-05,190.0,austenitic,45.0,20,0.5,literature_reconstructed,1.3124237585846958,-4.091562490572539,1,0,45.0,0.14907119849998599
Fan et al. 2008 reconstructed Paris curve,reported_constants,AISI 304L stainless steel,austenitic stainless steel,literature_R_0.5,long_crack_literature_reconstructed,1.0,20.911392405063292,8.41226681986135e-05,190.0,austenitic,45.0,20,0.5,literature_reconstructed,1.320382951693922,-4.07508696083644,1,0,45.0,0.14907119849998599
Fan et al. 2008 reconstructed Paris curve,reported_constants,AISI 304L stainless steel,austenitic stainless steel,literature_R_0.5,long_crack_literature_reconstructed,1.0,21.291139240506332,8.73156421912331e-05,190.0,austenitic,45.0,20,0.5,literature_reconstructed,1.328198900171452,-4.058907947487953,1,0,45.0,0.14907119849998599
Fan et al. 2008 reconstructed Paris curve,reported_constants,AISI 304L stainless steel,austenitic stainless steel,literature_R_0.5,long_crack_literature_reconstructed,1.0,21.67088607594937,9.057013896401256e-05,190.0,austenitic,45.0,20,0.5,literature_reconstructed,1.3358766690506931,-4.043014965907924,1,0,45.0,0.14907119849998599
Fan et al. 2008 reconstructed Paris curve,reported_constants,AISI 304L stainless steel,austenitic stainless steel,literature_R_0.5,long_crack_literature_reconstructed,1.0,22.050632911392405,9.388623470283752e-05,190.0,austenitic,45.0,20,0.5,literature_reconstructed,1.343421059381203,-4.027398077923769,1,0,45.0,0.14907119849998599
Fan et al. 2008 reconstructed Paris curve,reported_constants,AISI 304L stainless steel,austenitic stainless steel,literature_R_0.5,long_crack_literature_reconstructed,1.0,22.430379746835442,9.726400436186282e-05,190.0,austenitic,45.0,20,0.5,literature_reconstructed,1.3508366262605904,-4.012047854483436,1,0,45.0,0.14907119849998599
Fan et al. 2008 reconstructed Paris curve,reported_constants,AISI 304L stainless steel,austenitic stainless steel,literature_R_0.5,long_crack_literature_reconstructed,1.0,22.810126582278482,0.00010070352170413596,190.0,austenitic,45.0,20,0.5,literature_reconstructed,1.3581276953526027,-3.9969553414629706,1,0,45.0,0.14907119849998599
Fan et al. 2008 reconstructed Paris curve,reported_constants,AISI 304L stainless steel,austenitic stainless steel,literature_R_0.5,long_crack_literature_reconstructed,1.0,23.18987341772152,0.00010420485934022073,190.0,austenitic,45.0,20,0.5,literature_reconstructed,1.3652983780413903,-3.982112028297181,1,0,45.0,0.14907119849998599
Fan et al. 2008 reconstructed Paris curve,reported_constants,AISI 304L stainless steel,austenitic stainless steel,literature_R_0.5,long_crack_literature_reconstructed,1.0,23.569620253164558,0.00010776808876495104,190.0,austenitic,45.0,20,0.5,literature_reconstructed,1.3723525853548824,-3.967509819158252,1,0,45.0,0.14907119849998599
Fan et al. 2008 reconstructed Paris curve,reported_constants,AISI 304L stainless steel,austenitic stainless steel,literature_R_0.5,long_crack_literature_reconstructed,1.0,23.949367088607595,0.00011139328039243363,190.0,austenitic,45.0,20,0.5,literature_reconstructed,1.3792940407753325,-3.9531410064379204,1,0,45.0,0.14907119849998599
Fan et al. 2008 reconstructed Paris curve,reported_constants,AISI 304L stainless steel,austenitic stainless steel,literature_R_0.5,long_crack_literature_reconstructed,1.0,24.329113924050635,0.00011508050358941084,190.0,austenitic,45.0,20,0.5,literature_reconstructed,1.3861262920420852,-3.9389982463157422,1,0,45.0,0.14907119849998599
Fan et al. 2008 reconstructed Paris curve,reported_constants,AISI 304L stainless steel,austenitic stainless steel,literature_R_0.5,long_crack_literature_reconstructed,1.0,24.70886075949367,0.00011882982670708363,190.0,austenitic,45.0,20,0.5,literature_reconstructed,1.3928527220402316,-3.9250745362195794,1,0,45.0,0.14907119849998599
Fan et al. 2008 reconstructed Paris curve,reported_constants,AISI 304L stainless steel,austenitic stainless steel,literature_R_0.5,long_crack_literature_reconstructed,1.0,25.08860759493671,0.00012264131711149016,190.0,austenitic,45.0,20,0.5,literature_reconstructed,1.3994765588588152,-3.9113631940051112,1,0,45.0,0.14907119849998599
Fan et al. 2008 reconstructed Paris curve,reported_constants,AISI 304L stainless steel,austenitic stainless steel,literature_R_0.5,long_crack_literature_reconstructed,1.0,25.468354430379748,0.0001265150412125249,190.0,austenitic,45.0,20,0.5,literature_reconstructed,1.4060008850934484,-3.8978578386994207,1,0,45.0,0.14907119849998599
Fan et al. 2008 reconstructed Paris curve,reported_constants,AISI 304L stainless steel,austenitic stainless steel,literature_R_0.5,long_crack_literature_reconstructed,1.0,25.848101265822788,0.00013045106449168054,190.0,austenitic,45.0,20,0.5,literature_reconstructed,1.41242864646045,-3.884552372669727,1,0,45.0,0.14907119849998599
Fan et al. 2008 reconstructed Paris curve,reported_constants,AISI 304L stainless steel,austenitic stainless steel,literature_R_0.5,long_crack_literature_reconstructed,1.0,26.227848101265824,0.00013444945152858465,190.0,austenitic,45.0,20,0.5,literature_reconstructed,1.418762659782754,-3.8714409650925576,1,0,45.0,0.14907119849998599
Fan et al. 2008 reconstructed Paris curve,reported_constants,AISI 304L stainless steel,austenitic stainless steel,literature_R_0.5,long_crack_literature_reconstructed,1.0,26.60759493670886,0.00013851026602640284,190.0,austenitic,45.0,20,0.5,literature_reconstructed,1.425005620401782,-3.8585180366111698,1,0,45.0,0.14907119849998599
Fan et al. 2008 reconstructed Paris curve,reported_constants,AISI 304L stainless steel,austenitic stainless steel,literature_R_0.5,long_crack_literature_reconstructed,1.0,26.9873417721519,0.00014263357083617057,190.0,austenitic,45.0,20,0.5,literature_reconstructed,1.4311601090640933,-3.8457782450801856,1,0,45.0,0.14907119849998599
Fan et al. 2008 reconstructed Paris curve,reported_constants,AISI 304L stainless steel,austenitic stainless steel,literature_R_0.5,long_crack_literature_reconstructed,1.0,27.367088607594937,0.0001468194279801137,190.0,austenitic,45.0,20,0.5,literature_reconstructed,1.43722859832685,-3.8332164723062787,1,0,45.0,0.14907119849998599
Fan et al. 2008 reconstructed Paris curve,reported_constants,AISI 304L stainless steel,austenitic stainless steel,literature_R_0.5,long_crack_literature_reconstructed,1.0,27.746835443037977,0.0001510678986740144,190.0,austenitic,45.0,20,0.5,literature_reconstructed,1.44321345852189,-3.820827811702546,1,0,45.0,0.14907119849998599
Fan et al. 2008 reconstructed Paris curve,reported_constants,AISI 304L stainless steel,austenitic stainless steel,literature_R_0.5,long_crack_literature_reconstructed,1.0,28.126582278481013,0.00015537904334867266,190.0,austenitic,45.0,20,0.5,literature_reconstructed,1.4491169633144074,-3.808607556782035,1,0,45.0,0.14907119849998599
Fan et al. 2008 reconstructed Paris curve,reported_constants,AISI 304L stainless steel,austenitic stainless steel,literature_R_0.5,long_crack_literature_reconstructed,1.0,28.506329113924053,0.00015975292167051303,190.0,austenitic,45.0,20,0.5,literature_reconstructed,1.4549412948888671,-3.7965511904229032,1,0,45.0,0.14907119849998599
Fan et al. 2008 reconstructed Paris curve,reported_constants,AISI 304L stainless steel,austenitic stainless steel,literature_R_0.5,long_crack_literature_reconstructed,1.0,28.88607594936709,0.00016418959256138063,190.0,austenitic,45.0,20,0.5,literature_reconstructed,1.4606885487917545,-3.784654374843927,1,0,45.0,0.14907119849998599
Fan et al. 2008 reconstructed Paris curve,reported_constants,AISI 304L stainless steel,austenitic stainless steel,literature_R_0.5,long_crack_literature_reconstructed,1.0,29.265822784810126,0.0001686891142175695,190.0,austenitic,45.0,20,0.5,literature_reconstructed,1.46636073845805,-3.772912942234695,1,0,45.0,0.14907119849998599
Fan et al. 2008 reconstructed Paris curve,reported_constants,AISI 304L stainless steel,austenitic stainless steel,literature_R_0.5,long_crack_literature_reconstructed,1.0,29.645569620253166,0.00017325154412812195,190.0,austenitic,45.0,20,0.5,literature_reconstructed,1.4719597994459028,-3.7613228859898395,1,0,45.0,0.14907119849998599
Fan et al. 2008 reconstructed Paris curve,reported_constants,AISI 304L stainless steel,austenitic stainless steel,literature_R_0.5,long_crack_literature_reconstructed,1.0,30.025316455696203,0.00017787693909243653,190.0,austenitic,45.0,20,0.5,literature_reconstructed,1.4774875934017835,-3.7498803525011666,1,0,45.0,0.14907119849998599
Fan et al. 2008 reconstructed Paris curve,reported_constants,AISI 304L stainless steel,austenitic stainless steel,literature_R_0.5,long_crack_literature_reconstructed,1.0,30.405063291139243,0.00018256535523721913,190.0,austenitic,45.0,20,0.5,literature_reconstructed,1.4829459117764459,-3.738581633465616,1,0,45.0,0.14907119849998599
Fan et al. 2008 reconstructed Paris curve,reported_constants,AISI 304L stainless steel,austenitic stainless steel,literature_R_0.5,long_crack_literature_reconstructed,1.0,30.78481012658228,0.00018731684803280864,190.0,austenitic,45.0,20,0.5,literature_reconstructed,1.4883364793102558,-3.727423158670629,1,0,45.0,0.14907119849998599
Fan et al. 2008 reconstructed Paris curve,reported_constants,AISI 304L stainless steel,austenitic stainless steel,literature_R_0.5,long_crack_literature_reconstructed,1.0,31.16455696202532,0.0001921314723089096,190.0,austenitic,45.0,20,0.5,literature_reconstructed,1.493660957304856,-3.7164014892218065,1,0,45.0,0.14907119849998599
Fan et al. 2008 reconstructed Paris curve,reported_constants,AISI 304L stainless steel,austenitic stainless steel,literature_R_0.5,long_crack_literature_reconstructed,1.0,31.544303797468356,0.00019700928226975867,190.0,austenitic,45.0,20,0.5,literature_reconstructed,1.4989209466966906,-3.705513311180709,1,0,45.0,0.14907119849998599
Fan et al. 2008 reconstructed Paris curve,reported_constants,AISI 304L stainless steel,austenitic stainless steel,literature_R_0.5,long_crack_literature_reconstructed,1.0,31.924050632911396,0.00020195033150875285,190.0,austenitic,45.0,20,0.5,literature_reconstructed,1.5041179909466214,-3.6947554295833522,1,0,45.0,0.14907119849998599
Fan et al. 2008 reconstructed Paris curve,reported_constants,AISI 304L stainless steel,austenitic stainless steel,literature_R_0.5,long_crack_literature_reconstructed,1.0,32.30379746835443,0.0002069546730225644,190.0,austenitic,45.0,20,0.5,literature_reconstructed,1.5092535787586834,-3.684124762812384,1,0,45.0,0.14907119849998599
Fan et al. 2008 reconstructed Paris curve,reported_constants,AISI 304L stainless steel,austenitic stainless steel,literature_R_0.5,long_crack_literature_reconstructed,1.0,32.68354430379747,0.00021202235922476674,190.0,austenitic,45.0,20,0.5,literature_reconstructed,1.51432914663996,-3.6736183372981412,1,0,45.0,0.14907119849998599
Fan et al. 2008 reconstructed Paris curve,reported_constants,AISI 304L stainless steel,austenitic stainless steel,literature_R_0.5,long_crack_literature_reconstructed,1.0,33.063291139240505,0.00021715344195899296,190.0,austenitic,45.0,20,0.5,literature_reconstructed,1.519346081312595,-3.663233282525787,1,0,45.0,0.14907119849998599
Fan et al. 2008 reconstructed Paris curve,reported_constants,AISI 304L stainless steel,austenitic stainless steel,literature_R_0.5,long_crack_literature_reconstructed,1.0,33.44303797468355,0.00022234797251164943,190.0,austenitic,45.0,20,0.5,literature_reconstructed,1.5243057219880671,-3.65296682632756,1,0,45.0,0.14907119849998599
Fan et al. 2008 reconstructed Paris curve,reported_constants,AISI 304L stainless steel,austenitic stainless steel,literature_R_0.5,long_crack_literature_reconstructed,1.0,33.822784810126585,0.0002276060016242028,190.0,austenitic,45.0,20,0.5,literature_reconstructed,1.5292093625130667,-3.642816290440811,1,0,45.0,0.14907119849998599
Fan et al. 2008 reconstructed Paris curve,reported_constants,AISI 304L stainless steel,austenitic stainless steel,literature_R_0.5,long_crack_literature_reconstructed,1.0,34.20253164556962,0.00023292757950506163,190.0,austenitic,45.0,20,0.5,literature_reconstructed,1.5340582533955704,-3.6327790863140277,1,0,45.0,0.14907119849998599
Fan et al. 2008 reconstructed Paris curve,reported_constants,AISI 304L stainless steel,austenitic stainless steel,literature_R_0.5,long_crack_literature_reconstructed,1.0,34.582278481012665,0.00023831275584106795,190.0,austenitic,45.0,20,0.5,literature_reconstructed,1.5388536037190537,-3.6228527111444175,1,0,45.0,0.14907119849998599
Fan et al. 2008 reconstructed Paris curve,reported_constants,AISI 304L stainless steel,austenitic stainless steel,literature_R_0.5,long_crack_literature_reconstructed,1.0,34.962025316455694,0.00024376157980861721,190.0,austenitic,45.0,20,0.5,literature_reconstructed,1.543596582952171,-3.6130347441318644,1,0,45.0,0.14907119849998599
Fan et al. 2008 reconstructed Paris curve,reported_constants,AISI 304L stainless steel,austenitic stainless steel,literature_R_0.5,long_crack_literature_reconstructed,1.0,35.34177215189874,0.00024927410008442297,190.0,austenitic,45.0,20,0.5,literature_reconstructed,1.548288322660682,-3.603322842935247,1,0,45.0,0.14907119849998599
Fan et al. 2008 reconstructed Paris curve,reported_constants,AISI 304L stainless steel,austenitic stainless steel,literature_R_0.5,long_crack_literature_reconstructed,1.0,35.721518987341774,0.0002548503648559391,190.0,austenitic,45.0,20,0.5,literature_reconstructed,1.5529299181278877,-3.593714740318131,1,0,45.0,0.14907119849998599
Fan et al. 2008 reconstructed Paris curve,reported_constants,AISI 304L stainless steel,austenitic stainless steel,literature_R_0.5,long_crack_literature_reconstructed,1.0,36.10126582278481,0.00026049042183145724,190.0,austenitic,45.0,20,0.5,literature_reconstructed,1.5575224298893866,-3.5842082409718286,1,0,45.0,0.14907119849998599
Fan et al. 2008 reconstructed Paris curve,reported_constants,AISI 304L stainless steel,austenitic stainless steel,literature_R_0.5,long_crack_literature_reconstructed,1.0,36.481012658227854,0.00026619431824988996,190.0,austenitic,45.0,20,0.5,literature_reconstructed,1.5620668851875292,-3.5748012185046734,1,0,45.0,0.14907119849998599
Fan et al. 2008 reconstructed Paris curve,reported_constants,AISI 304L stainless steel,austenitic stainless steel,literature_R_0.5,long_crack_literature_reconstructed,1.0,36.860759493670884,0.00027196210089025415,190.0,austenitic,45.0,20,0.5,literature_reconstructed,1.566564279350558,-3.5654916125872034,1,0,45.0,0.14907119849998599
Fan et al. 2008 reconstructed Paris curve,reported_constants,AISI 304L stainless steel,austenitic stainless steel,literature_R_0.5,long_crack_literature_reconstructed,1.0,37.24050632911393,0.0002777938160808675,190.0,austenitic,45.0,20,0.5,literature_reconstructed,1.5710155771010699,-3.556277426243644,1,0,45.0,0.14907119849998599
Fan et al. 2008 reconstructed Paris curve,reported_constants,AISI 304L stainless steel,austenitic stainless steel,literature_R_0.5,long_crack_literature_reconstructed,1.0,37.620253164556964,0.00028368950970826664,190.0,austenitic,45.0,20,0.5,literature_reconstructed,1.5754217137980964,-3.5471567232807995,1,0,45.0,0.14907119849998599
Fan et al. 2008 reconstructed Paris curve,reported_constants,AISI 304L stainless steel,austenitic stainless steel,literature_R_0.5,long_crack_literature_reconstructed,1.0,38.0,0.0002896492272258622,190.0,austenitic,45.0,20,0.5,literature_reconstructed,1.5797835966168101,-3.5381276258460614,1,0,45.0,0.14907119849998599
